:020000041FC01B
:1000000000601A40C0045A7F0600401300601A4086
:10001000BFFF1B3CFFFF7B3724D05B0300609A408F
:100020001800004200A01D3CF03FBD2701A01C3C71
:10003000F0859C270260094020582001801E2A7DFF
:100040008449497D02608940C000000000E0DC4135
:1000500002608B4000A0083C2006082500A0093C57
:10006000600629250600001000000000000000AD19
:10007000040000AD080000AD0C0000AD1000082524
:100080002B080901F9FF201400000000C09F083C64
:10009000500B08250000098D1800201104000825C8
:1000A00000000A8D0400082500000B8D0900601176
:1000B0000400082500000C91FFFF4A2501000825D7
:1000C00000002CA1FBFF40150100292505000010B0
:1000D00000000000000020A1FFFF4A25FDFF4015A1
:1000E0000100292503000825FCFF0A2424404801BB
:1000F0000000098DE7FF201500000000C0BF093C8B
:100100000000292501788940000084300000A530D6
:10011000C09F083CA00B082508000001000000005B
:10020000FD643C6740F514B7809F516750F0044A85
:1002100081DA40F50CB4006A40DC40F508B5A0DC9A
:1002200040F504B5A0DC40F504B4C0AC04F0016DA9
:10023000ABEDCCEDA0CC20F518B440DC20F514B427
:1002400040DC20F514B2A0AA096C8BECACEC80CA9F
:1002500020F508B4016A40DC026A40DC20F500B6F3
:1002600040DE20F500B2809A9234016A4EEC00F52F
:1002700018B2409A4FEA015A7867017358674CECFC
:1002800000F508B2A09A106A4CED016A0D2500F540
:1002900000B5C09D4CEE082EC09D80680CEE042E6B
:1002A000A09DBA354EEDACEA8CEA50F040C1E0F4C6
:1002B00004B3106C80DB006C80DF03221F1A340251
:1002C00000651F1EB200006500480240B500F077CF
:1002D00000000000006530F058D930F05CD9036CA4
:1002E000A0F414B280DA016CA0F410B280DA10F03D
:1002F000006CA0F40CB280DA02F4006CA0F404B23A
:1003000080DAA0F404B2146C80DAA0F400B0409853
:10031000016C8CEA1E2280F418B2409AF61730F075
:1003200051A111EACB2A50F040A1C82A60F41CB4B4
:10033000409C016C8CEA062260F414B2809A1F1A69
:10034000FE0111EC50F05DA1212A70F08899E0F1D6
:100350000F2C1F1ED600006500480240D900F07720
:1003600000000000006530F054D930F0D0A130F02A
:100370007C9977E220F41CB486EE83EDD061016DA8
:1003800020F414B4A0DC30F05CD9C91770F0A49943
:1003900020F408B442A420F408B7B9E740C6624587
:1003A00070F064D9006801C611722C65076720F1EE
:1003B0001260125A2B6002726F60035A1260016E53
:1003C000CEEA60F1192A50F040C1016C30F090C1C2
:1003D00050F04CC169E7086C80C24345EDE2006A09
:1003E0004D1003725E60067260F1066143A400F670
:1003F0004032A4A4A035A035ADEAA6A4ADEA85A4F8
:1004000080348DEA443230F06499BD101472A0F04B
:100410001E60155A0D60137240F10E6143A4403204
:10042000A4A4ADEAC342046DABEDACEEA2677110BB
:100430001D6F4EEF4027487220F11E6143A46A658C
:10044000E4A44F65E5A486A40C658A678032E03495
:1004500080348DEA8B678DEA886700F680348DEAF8
:1004600070F048D969E06B6760C28A6783C6E4C6EA
:10047000064D70F0A4D9E867E5C61E11D1B491E22B
:10048000808459E380C6014AF92C0B4D70F0A4D941
:10049000026AC0B740DF101143A4CBB549E584A47C
:1004A0000810034D70F0A4D969E783A4C6B591E59F
:1004B00080A480C2011169E0E0C266A463C645451C
:1004C00070F044D9E4C63073064D49E00E6188A44B
:1004D000042C70F0A4D9506C0610017470F0A4D9EB
:1004E000436C0161496C80C20C108367096ECBEECE
:1004F000CCEC207470F0A4D90361016C8BECF31781
:10050000E0C270F04499814270F084D949E0006CF7
:10051000D017C3ED0760E967ADE7016FEBEFECC300
:10052000014DF71730F0ACA11C2500F1005E1661FB
:1005300070F0AC99E0F11F6BACEB102B00F1849CD8
:1005400061440C2330F06499A0B78CEF30F0E4D90B
:100550006FE7B5E370F0ACD930F080D9006C30F0C3
:100560008CC170F0AC998567B5E615D21F1AB4023C
:1005700014D670F08C9996B514961F1AA602CA3636
:10058000159270F06C9949E370F04CD9951070F0A9
:100590004C99C3A4C03684A48DEE59E60E65A367BA
:1005A000886783EA2F6000F4006C8BEC4CEC89B315
:1005B000E2676CEF88B36DE762336A3387B76DE744
:1005C00060A30173D867CBEBC0F7633311EB6B65A6
:1005D00000F4E0446867E3EB0160E86782674FE599
:1005E0002B658DE3E3EC0B60696779E099E64E6576
:1005F000C0A46B67CDEBCA6760C6014CF017A36758
:100600004467CE1770F04CD9414570F044D9B5E03D
:10061000006A40C5511030F080991F1A6A020065C7
:10062000022A6FB53F108442B16710F0144D016E7D
:100630001F1AA60215D215928742094CB16710F015
:10064000184D1F1AA602016E15928742054CB1671C
:1006500010F01C4D1F1AA602016E15928742354CF0
:10066000B16730F0084D1F1AA602016E1592AAAAB2
:100670008BAA80348034ADEC5AB58CED172D5AB569
:100680008CED0C25AEAA8FAA80348034ADECD0AAB4
:10069000B1AAA035A035CDED95E5051053B24CECCF
:1006A000C02453B553B41F1AB4020065016A30F078
:1006B00051C1026A32B640DE1B6AFD6750C750F076
:1006C00054A151C770F04499433492C753C70E6C7C
:1006D00094C7006D8567040399E3C0A6CEED014C75
:1006E0000574F96150F0BCC18367056D1F1A2A02B9
:1006F00015D250F0BCA1006C1592C4674EEE0526D1
:1007000099E0C0A6014CCEEDF81750F0BCC12CB456
:10071000A2671F1A2A0214D6916750F01C4C1F1AA8
:100720002A02016D149670F0C4D950F0DDC10D1687
:100730001EB6409EFF6D014DACEAFA2290342EB2F7
:100740009BEA012CE5E812EAFF4A17B740DF006A8E
:1007500070F048D9FE15006500F680BF30F280BF0A
:10076000556699AAAA99665500F280BF006088BFB5
:10077000006188BF00F280BF146188BF386188BF04
:10078000206188BF0010009D306188BF00F680BFE7
:10079000346188BF50FA80BF38FB80BF006080BFE3
:1007A000106080BF406080BF106080BF306080BF3D
:1007B000A02526003C6188BF600600A0600A00A05A
:1007C000B00BC09FDC0E00A00000FFFF6C0600A075
:1007D00000FCFF1F000000E3600E00A000E0019D90
:1007E00000000200000004000000080000F0019D6D
:1007F0000000009D005A62025C6711EC50F07CA280
:100800008EEB50F07CC250F0B09A075D4760A8357F
:1008100024B6D5E5A09D80ED3508C09F4508C09F52
:100820004D08C09F5708C09F6508C09F7308C09FB0
:100830008F08C09F1B740361016B50F070DA50F099
:100840009CC2A0E850F094C2026B2610803450F095
:1008500098DA036B211050F0789A8DEB50F078DA2B
:10086000046B1A100E6B6EEC162C70F080DA056BB0
:10087000131070F0A09A614570F060DA0AB6B5E620
:1008800082C550F0989A8EEB092B066B0510032B4E
:10089000016B50F07DC2006B50F070DAA0E800658B
:1008A0001808C09F600600A044678FE2A2EB0B60AF
:1008B00006B3609BFF6E014ECCEBFA23C0A204B3DB
:1008C000C0DB014AF217A0E8106080BF206080BF43
:1008D000E3641C672FB2409AFF6B014B6CEAF9226C
:1008E000006B2DB260DA2DB2016C80DA026B60DA37
:1008F0002BB280DA60DA30F080981F1A6A02006545
:10090000032A10F05098C0EA30F071A011EB0D23CB
:100910008AAA6BAA603360338DEB22B48CEB05237B
:1009200021B41F1A6A02006507228CAA6DAA6033DF
:1009300060338DEB10F070D880AA61AA6033603309
:100940008DEB3C5BDE619AAA7BAA603360338DEB52
:10095000906710F0104CAC4463EDD361BCAA5DAA63
:1009600040324032ADEA095A0161086A73E443EC4F
:100970000160446750F044D8006C4AECC260B06734
:1009800050F0044DB5E4C0A595E3C0C5014CF51782
:10099000106080BF006080BF386188BF186188BF69
:1009A000000000020000009DF0F04C4400F1A04463
:1009B0000DB3A3EB1561409AA1421225036D4CEDD6
:1009C0000F2DA742394DA3EB0B61AEAA6FAA60337E
:1009D0006033ADEB8EEB015B78676BEB20E86CEA84
:1009E00020E8006A00F0019DF8FFBD270400BFAFBA
:1009F00000E0A57C81BF023C20F445AC81BF023CF5
:100A000030F446AC00E0C67C81BF023C40F446AC0A
:100A10000040843481BF023C00F444AC00480240F2
:100A200081BF033C00480440232082007800842CCE
:100A3000FCFF801499AA043C81BF023C55668424C3
:100A400010F444AC6655043CAA99843410F444ACC8
:100A50000080043481BF023C08F444AC00F4628C92
:100A600000804230FDFF40140000000000480340B9
:100A700000480240231043000A00422CFCFF4014AF
:100A800081BF023C0040032404F443AC0400BF8F48
:100A90000800E0030800BD27F56424676567466722
:100AA000E46700684AE8116033E3F1E4C09C8146E2
:100AB000092408F0016CA76705D21F1E7A0204D32F
:100AC00004930592044F0148ED177564A0E8006592
:100AD000F66400F4006A4BEAE4674CEFFF4D4CED1E
:100AE00000F4004D04D518B08CE818B241E0023093
:100AF0000A3017B241E0049243EF216040A000F4B5
:100B000060471A2A056A01692BE987676AEC046065
:100B1000A09CACE9044CFA1781410C2408F0046C49
:100B2000A767006E05D21F1E7A0206D30592FF4A00
:100B30000693EB2A016A40C0E3670148DC1776643C
:100B4000A0E8006500FCFF1F000000E3600E00A0AD
:100B5000600600A07C09000000000000200600A044
:100B60004000000000000000000600A0200000007F
:100B7000010000000010009D030300010A000105B0
:100B800031060F130000009D0000009D00060000CC
:100B90000100000000000000222222222222222244
:100BA0008000F07700000000FFFF00100000000050
:0C0BB00053544B3530305F320000000021
:100BF000FFFFFF0FD979F9FF5B0D6AFFFBFFFF7F56
:020000040000fa
:020000041d00dd
:0800f8000000009db012009d04
:020000040000fa
:020000041d00dd
:10018000019d1a3c5c5f5a270800400300000000f4
:020000040000fa
:020000041d00dd
:1002000000a01a3cac025a2700005a8f0800400395
:0402100000000000ea
:020000040000fa
:020000041d00dd
:1002200000a01a3cac025a2704005a8f0800400371
:0402300000000000ca
:020000040000fa
:020000041d00dd
:1002400000a01a3cac025a2708005a8f080040034d
:0402500000000000aa
:020000040000fa
:020000041d00dd
:1002600000a01a3cac025a270c005a8f0800400329
:04027000000000008a
:020000040000fa
:020000041d00dd
:1002800000a01a3cac025a2710005a8f0800400305
:04029000000000006a
:020000040000fa
:020000041d00dd
:1002a00000a01a3cac025a2714005a8f08004003e1
:0402b000000000004a
:020000040000fa
:020000041d00dd
:1002c00000a01a3cac025a2718005a8f08004003bd
:0402d000000000002a
:020000040000fa
:020000041d00dd
:1002e00000a01a3cac025a271c005a8f0800400399
:0402f000000000000a
:020000040000fa
:020000041d00dd
:1003000000a01a3cac025a2720005a8f0800400374
:0403100000000000e9
:020000040000fa
:020000041d00dd
:1003200000a01a3cac025a2724005a8f0800400350
:0403300000000000c9
:020000040000fa
:020000041d00dd
:1003400000a01a3cac025a2728005a8f080040032c
:0403500000000000a9
:020000040000fa
:020000041d00dd
:1003600000a01a3cac025a272c005a8f0800400308
:040370000000000089
:020000040000fa
:020000041d00dd
:1003800000a01a3cac025a2730005a8f08004003e4
:040390000000000069
:020000040000fa
:020000041d00dd
:1003a00000a01a3cac025a2734005a8f08004003c0
:0403b0000000000049
:020000040000fa
:020000041d00dd
:1003c00000a01a3cac025a2738005a8f080040039c
:0403d0000000000029
:020000040000fa
:020000041d00dd
:1003e00000a01a3cac025a273c005a8f0800400378
:0403f0000000000009
:020000040000fa
:020000041d00dd
:1004000000a01a3cac025a2740005a8f0800400353
:0404100000000000e8
:020000040000fa
:020000041d00dd
:1004200000a01a3cac025a2744005a8f080040032f
:0404300000000000c8
:020000040000fa
:020000041d00dd
:1004400000a01a3cac025a2748005a8f080040030b
:0404500000000000a8
:020000040000fa
:020000041d00dd
:1004600000a01a3cac025a274c005a8f08004003e7
:040470000000000088
:020000040000fa
:020000041d00dd
:1004800000a01a3cac025a2750005a8f08004003c3
:040490000000000068
:020000040000fa
:020000041d00dd
:1004a00000a01a3cac025a2754005a8f080040039f
:0404b0000000000048
:020000040000fa
:020000041d00dd
:1004c00000a01a3cac025a2758005a8f080040037b
:0404d0000000000028
:020000040000fa
:020000041d00dd
:1004e00000a01a3cac025a275c005a8f0800400357
:0404f0000000000008
:020000040000fa
:020000041d00dd
:1005000000a01a3cac025a2760005a8f0800400332
:0405100000000000e7
:020000040000fa
:020000041d00dd
:1005200000a01a3cac025a2764005a8f080040030e
:0405300000000000c7
:020000040000fa
:020000041d00dd
:1005400000a01a3cac025a2768005a8f08004003ea
:0405500000000000a7
:020000040000fa
:020000041d00dd
:1005600000a01a3cac025a276c005a8f08004003c6
:040570000000000087
:020000040000fa
:020000041d00dd
:1005800000a01a3cac025a2770005a8f08004003a2
:040590000000000067
:020000040000fa
:020000041d00dd
:1005a00000a01a3cac025a2774005a8f080040037e
:0405b0000000000047
:020000040000fa
:020000041d00dd
:1005c00000a01a3cac025a2778005a8f080040035a
:0405d0000000000027
:020000040000fa
:020000041d00dd
:1005e00000a01a3cac025a277c005a8f0800400336
:0405f0000000000007
:020000040000fa
:020000041d00dd
:1006000000a01a3cac025a2780005a8f0800400311
:0406100000000000e6
:020000040000fa
:020000041d00dd
:1006200000a01a3cac025a2784005a8f08004003ed
:0406300000000000c6
:020000040000fa
:020000041d00dd
:1006400000a01a3cac025a2788005a8f08004003c9
:0406500000000000a6
:020000040000fa
:020000041d00dd
:1006600000a01a3cac025a278c005a8f08004003a5
:040670000000000086
:020000040000fa
:020000041d00dd
:1006800000a01a3cac025a2790005a8f0800400381
:040690000000000066
:020000040000fa
:020000041d00dd
:1006a00000a01a3cac025a2794005a8f080040035d
:0406b0000000000046
:020000040000fa
:020000041d00dd
:1006c00000a01a3cac025a2798005a8f0800400339
:0406d0000000000026
:020000040000fa
:020000041d00dd
:1006e00000a01a3cac025a279c005a8f0800400315
:0406f0000000000006
:020000040000fa
:020000041d00dd
:1007000000a01a3cac025a27a0005a8f08004003f0
:0407100000000000e5
:020000040000fa
:020000041d00dd
:1007200000a01a3cac025a27a4005a8f08004003cc
:0407300000000000c5
:020000040000fa
:020000041d00dd
:1007400000a01a3cac025a27a8005a8f08004003a8
:0407500000000000a5
:020000040000fa
:020000041d00dd
:1007600000a01a3cac025a27ac005a8f0800400384
:040770000000000085
:020000040000fa
:020000041d00dd
:1007800000a01a3cac025a27b0005a8f0800400360
:040790000000000065
:020000040000fa
:020000041d00dd
:1007a00000a01a3cac025a27b4005a8f080040033c
:0407b0000000000045
:020000040000fa
:020000041d00dd
:1007c00000a01a3cac025a27b8005a8f0800400318
:0407d0000000000025
:020000040000fa
:020000041d00dd
:1007e00000a01a3cac025a27bc005a8f08004003f4
:0407f0000000000005
:020000040000fa
:020000041d00dd
:1008000000a01a3cac025a27c0005a8f08004003cf
:0408100000000000e4
:020000040000fa
:020000041d00dd
:1008200000a01a3cac025a27c4005a8f08004003ab
:0408300000000000c4
:020000040000fa
:020000041d00dd
:1008400000a01a3cac025a27c8005a8f0800400387
:0408500000000000a4
:020000040000fa
:020000041d00dd
:1008600000a01a3cac025a27cc005a8f0800400363
:040870000000000084
:020000040000fa
:020000041d00dd
:1008800000a01a3cac025a27d0005a8f080040033f
:040890000000000064
:020000040000fa
:020000041d00dd
:1008a00000a01a3cac025a27d4005a8f080040031b
:0408b0000000000044
:020000040000fa
:020000041d00dd
:1008c00000a01a3cac025a27d8005a8f08004003f7
:0408d0000000000024
:020000040000fa
:020000041d00dd
:1008e00000a01a3cac025a27dc005a8f08004003d3
:0408f0000000000004
:020000040000fa
:020000041d00dd
:1009000000a01a3cac025a27e0005a8f08004003ae
:0409100000000000e3
:020000040000fa
:020000041d00dd
:1009200000a01a3cac025a27e4005a8f080040038a
:0409300000000000c3
:020000040000fa
:020000041d00dd
:1009400000a01a3cac025a27e8005a8f0800400366
:0409500000000000a3
:020000040000fa
:020000041d00dd
:1009600000a01a3cac025a27ec005a8f0800400342
:040970000000000083
:020000040000fa
:020000041d00dd
:1009800000a01a3cac025a27f0005a8f080040031e
:040990000000000063
:020000040000fa
:020000041d00dd
:1009a00000a01a3cac025a27f4005a8f08004003fa
:0409b0000000000043
:020000040000fa
:020000041d00dd
:1009c00000a01a3cac025a27f8005a8f08004003d6
:0409d0000000000023
:020000040000fa
:020000041d00dd
:1009e00000a01a3cac025a27fc005a8f08004003b2
:0409f0000000000003
:020000040000fa
:020000041d00dd
:081000000204400f0000000093
:020000040000fa
:020000041d00dd
:1010080000601a40c0045a7f050040130000000029
:10101800019d1a3c14695a2708004003000000008b
:1010280000a01d3cf07fbd2701a01c3c00829c272e
:101038000260094020582001801e2a7d8449497d8c
:1010480002608940c000000000e0dc4102608b4083
:10105800c0000000019d083cc86a082509f8000185
:101068000000000000a0083c8403082500a0093cfb
:10107800c40f29250600001000000000000000ad84
:10108800040000ad080000ad0c0000ad10000825fc
:101098002b080901f9ff201400000000009d083cfe
:1010a800583208250000098d180020110400082571
:1010b80000000a8d0400082500000b8d090060114e
:1010c8000400082500000c91ffff4a2501000825af
:1010d80000002ca1fbff4015010029250500001088
:1010e80000000000000020a1ffff4a25fdff401579
:1010f8000100292503000825fcff0a242440480193
:101108000000098de7ff2015000000000000093ce1
:101118000000292510002011000000000100093cf2
:101128000080292588bf0a3c10204a25000049adc7
:101138000100093c0080292588bf0a3c20204a2557
:10114800000049ad0100093c0080292588bf0a3c00
:1011580030204a25000049ad00488040ffff0a249e
:1011680000588a404000083c00600a4025500a01a7
:1011780000608a40009d093c00002925c00000004d
:10118800017889400000093c0100292500000a2453
:1011980044492a7d01608a408000093c00688940f2
:1011a800008008408005097d404c09000060084027
:1011b8005800013c24400101254028010060884076
:1011c800c0000000019d083cd06a082509f800010c
:1011d8000000000000600840bfff013cffff213411
:1011e8002440010100608840000084300000a530e0
:1011f800019d083ccc5f08250800000100000000a4
:020000040000fa
:020000041d00dd
:101208003800828c1000438c08006330fdff6010aa
:1012180000000000200045ac1000438c0100633042
:10122800fdff6010000000002000428c0800e00371
:10123800ff004230b543400b420084900800e003b1
:041248002110000071
:020000040000fa
:020000041d00dd
:10124c007a29400f00000000e0ffbd271400bfaf5b
:10125c005556400f000000001400bf8f0800e0033b
:04126c002000bd277a
:020000040000fa
:020000041d00dd
:10127000e0ffbd271400bfaf3d29400f0000000074
:0c1280001400bf8f0800e0032000bd2711
:020000040000fa
:020000041d00dd
:10128c00ffffffffb44f019d4c3a019d606a019d29
:0c129c00cc63019d80f6009d0000000066
:020000040000fa
:020000041d00dd
:0812a800ffffffff0000000042
:020000040000fa
:020000041d00dd
:1012b0004c000000ffffffff0e030001ffffffffd8
:1012c000ffffffff010002010010009d0000009dd4
:1012d00000e0010000e0019d00100000f00bc0bf25
:1012e00010000000000200a008000000ffffffff48
:0c12f0001402009d0002009d2000000080
:020000040000fa
:020000041d00dd
:1012fc000814009d0413009d3544475350490000c9
:10130c0034445350490000003814009d0c13009dc8
:10131c00fc12009d3814009d2c13009d1413009d8d
:10132c00354453504930000000000000000000001c
:10133c002013009d506a019d9c67019d4c31019dbd
:10134c00e459019d3c12009d0812009ddc26019d74
:10135c00d42c019dc028019d000000003814009d74
:10136c007413009df813009d3653747265616d0003
:10137c0036536446696c65003814009d7c13009ddf
:10138c00f813009d000000008413009d7c63019df8
:10139c003c3b019d4412009d00000000313448612b
:1013ac0072647761726553657269616c000000004c
:1013bc003814009da813009d6813009d00000000c8
:1013cc00bc13009d5c67019d3c3b019d4069019de8
:1013dc001c64019d005e019d3c67019df067019db1
:1013ec00086a019d355072696e7400000814009de6
:1013fc00f013009d0000000000000000bc65019d82
:10140c00cc62019da06a019da86a019d5439019d81
:10141c00a445019d584f019d402c019d7c68019d68
:10142c00000000000000000000000000e065019dcd
:10143c00f862019da06a019da86a019d5439019d25
:10144c00a445019d8c3d019d18f3009dd039019d53
:10145c00000000000000000000000000d469019da5
:10146c000466019da06a019da86a019da454019d7a
:04147c00b06a019db4
:020000040000fa
:020000041d00dd
:1014800020ffbd27dc00bfafd800beafd400b7af90
:10149000d000b6afcc00b5afc800b4afc400b3af96
:1014a000c000b2afbc00b1afb800b0af21b0c00057
:1014b0000904c010e400a5aff803801021b8800033
:1014c000019d023c285d428c8000a2af019d033c3f
:1014d0002c5d638c8400a3af21f000009400a2afc8
:1014e0009800a3af8c00a2af9000a3af0000e592dc
:1014f000250003240c00a3100100e2267900a010af
:101500002120c0020000c38e0000638c0100de2792
:1015100009f8600021b840000000e592250003248e
:10152000f6ffa3140100e2266400a0a30100e582f7
:1015300021300000ffff0a2421a00000214000000c
:101540006c00a0af6800a0af218800002000132429
:10155000009d073c8415e724ff00b030ddff032623
:10156000ff0063305800642ca5018010010057244f
:10157000801803002118e3000000638c080060005d
:1015800000000000ec1e009d001c009d281f009d17
:10159000001c009d001c009d001c009d001c009d67
:1015a000001f009d481f009d001c009db81d009d50
:1015b0004c21009d001c009dd41e009d781e009da6
:1015c000781e009d781e009d781e009d781e009d4f
:1015d000781e009d781e009d781e009d781e009d3f
:1015e000001c009d001c009d001c009d001c009d17
:1015f000001c009d001c009d001c009d001c009d07
:10160000001c009d001c009dcc1d009d901f009d96
:10161000901f009d901f009d001c009d001c009dc0
:10162000001c009d001c009d001c009d001c009dd6
:10163000001c009d001c009d001c009d001c009dc6
:10164000001c009d001c009d001c009d001c009db6
:10165000001c009d001c009d581f009d001c009d4b
:101660004c1d009d001c009d001c009d001c009d49
:10167000001c009d001c009d001c009d001c009d86
:101680003c1c009d701b009d301b009d901f009d09
:10169000901f009d901f009d001c009d001c009d40
:1016a000001c009d001c009ddc1b009d001c009d7b
:1016b000981a009d041b009dc81a009d001c009de7
:1016c000001c009d7419009d001c009d1817009db2
:1016d000001c009d001c009d581f009d001c009dcb
:1016e0004c1d009d2110c003dc00bf8fd800be8fb1
:1016f000d400b78fd000b68fcc00b58fc800b48fa0
:10170000c400b38fc000b28fbc00b18fb800b08fdf
:101710000800e003e000bd27e400a28f0000428c37
:101720007000a2af0a000324e400a48f0400842404
:10173000e400a4af219000000a0005247c00a5afbe
:1017400021280000210042290300401421880000c4
:10175000e0ff512520000a242000a6272000a0a396
:101760007000a28f21a8c0001b004300f40160009c
:1017700010200000ff0084300a00872c1100e014c4
:101780000100b02657008424ff008430ffff4a2563
:10179000000004a21b004300f40160001100401986
:1017a0001210000021a800021b004300f401600099
:1017b00010200000ff0084300a00872cf1ffe010a9
:1017c0000100b02630008424ff008430ffff4a254a
:1017d000000004a21b004300f4016000f1ff401d63
:1017e00012100000f0ff405421a80002231006024e
:1017f000ff0042307800a2af6c00a28f09004010b9
:101800007000a38f07006010080002247c00a38fe3
:1018100025036210100002247c00a38fca0262100c
:101820007800a38f0600a0106800a48f7800a38f13
:1018300001006224ff0042307800a2af6800a48f4c
:101840000500801400000000030080122000022424
:10185000ae0262127800a38f5b02a0540000c28e19
:101860006c00a48f090080107000a38f0700601027
:10187000080002247c00a38fcb0362101000022416
:101880007c00a38fb40262500000c28e3502205645
:101890000000c28e6800a48f110080540100a59240
:1018a0000f0080520100a5927800a38f2388830245
:1018b0000a00201a21a020020000c28e2120c002ae
:1018c000212860020000428c09f84000ffff9426a6
:1018d000faff80560000c28e21f0d1030100a592cc
:1018e0001200a0106800a48f0100d1272f0240121f
:1018f0009fffa2241a00422c2d0240100000c28e2d
:10190000e0ffa5242120c0020000428cff00a5308a
:1019100009f8400021f02002ffff10260000059288
:10192000f2ffa014010031266800a48ff0fe805061
:101930000000e592eefe80520000e5927800a38f51
:1019400023a08302e9fe801a218080020000c28e5b
:101950002120c002200005240000428c09f840002c
:10196000ffff1026faff00560000c28e3b05400b19
:1019700021f0d403e400a28f0000518c0400432422
:10198000a7022012e400a3af5900001100000000dc
:10199000d1054019ffff12240000229206004014d6
:1019a00021a800007306400b23a09502000042907e
:1019b00005004010ffffb2260100b526fbffaa1666
:1019c00021103502ffffb22623a095026800a48fe4
:1019d00010008014218020020d00801affff1024c7
:1019e000ffff9426219880020000c28e2120c002b1
:1019f000200005240000428c09f84000ffff9426d7
:101a0000faff90560000c28e0100de2721f0d303ba
:101a1000218020020e00a012010013240000c28ebb
:101a200001001026ffff05920000428c09f84000db
:101a30002120c00223107002211022022110520026
:101a4000f7ff40540000c28e0100de2721f0d203d0
:101a50006800a58fa6fea0500000e592a3fe801aa4
:101a6000ffff942621808002ffff11240000c28e18
:101a70002120c002200005240000428c09f840000b
:101a8000ffff1026faff11560000c28e0100de276c
:101a90003b05400b21f09e020b022016e400a58faf
:101aa0003703c010e400a48fe400a58f0000a58ccc
:101ab0007000a5afffff0224e400a38f040063249d
:101ac000d706400be400a3afe400a28f0000428cd5
:101ad0007000a2afe400a58f0400a524ed0140141e
:101ae000e400a5af019d113ca9ff0015105d312652
:101af0003f5a400f2120200221a840007206400bcf
:101b0000ffff5224e400a58f0000a58c7000a5af54
:101b100008000324e400a28f04004224e400a2afe2
:101b20002190000008000424d005400b7c00a4afe5
:101b3000df012052e400a38fe400a58f0000a58cf4
:101b40007000a5afe400a28f04004224e400a2af1d
:101b5000ffff0224010003240a1066000a00032488
:101b6000219000000a0005246207400b7c00a5af0d
:101b70006800a28fa30140540000c28e0d00801a9d
:101b8000ffff942621808002ffff11240000c28ef7
:101b90002120c002200005240000428c09f84000ea
:101ba000ffff1026faff11560000c28e0100de274b
:101bb00021f09e020000c28ee400a48f00008590f8
:101bc000040090240000428c2120c00209f840004b
:101bd0000100de273b05400be400b0af010045806b
:101be000010011242110e002ff00b030ddff0326c8
:101bf000ff0063305800642c5dfe80140100572400
:101c00000000c28e2120c0020000428c09f8400072
:101c1000250005243d0220160000c28e0100de27ab
:101c20002120c002212800020000428c09f8400057
:101c30000100de273c05400b0000e592e400a28f86
:101c40000000518c0400528c08004224e400a2af32
:101c500021102002000043922000a6272000a0a30c
:101c60001b004300f4016000102000000100c624a6
:101c70001b004300f4016000121000000f008430cc
:101c80000a00872c57008524300084240b28870005
:101c9000f3ff40140000c5a02180c0000000c28ee8
:101ca000ffff10260000428c2120c00209f84000ee
:101cb0000100de2700000592f9ffa0540000c28e4b
:101cc0000bfe20520000e5920100502601004592d3
:101cd000211800003c0013242c0012241100a01035
:101ce000ffffa2240610510001004230d40140142d
:101cf0000100142601000292218080022100442c60
:101d0000f6ff8014212840000100102600000592f3
:101d10002100a22cfdff405001001026f1ffa0146d
:101d2000ffffa224f2fd60500000e5920000c28e89
:101d30002120c0023e0005240000428c09f840002a
:101d40000100de273c05400b0000e5922401201233
:101d5000e400a38f0000638c7000a3afe400a48fa5
:101d600004008424e400a4af5a000b3a0100722d51
:101d700010000324100005247c00a5af71fec010e4
:101d800021280000ffff02247000a48f6dfe801048
:101d900021280000c90182042d000224ffff042431
:101da00069fe4414210042292b0002246400a2a3ee
:101db000d105400b2b0005240100458001000324c0
:101dc0006800a3af5605400b2110e002e400a28f8b
:101dd0000000508c100002240aa05400e400a38fdd
:101de00004006324e400a3af3a0002246c00a48f33
:101df0000b9844008407400b218814022120c00264
:101e0000212860020000428c09f840000300de2710
:101e1000b6fd1112ffff942601001026ffff12925b
:101e20000000c38e2120c002021112000a00462cbd
:101e300057004524300042240000638c09f86000fc
:101e40000b2846000000c38e0f0042320a00442ccb
:101e500057004524300042240000638c0b284400c6
:101e600009f860002120c002e4ff80560000c28e05
:101e70008407400b0200de27d0ff042601004580c6
:101e8000ff00a330d0ff62240a00422c0c00401057
:101e90002110e00201004224000045804048040077
:101ea000c02004002120240121208300ff00a33052
:101eb000d0ff69240a00292df6ff2015d0ff8424c5
:101ec000a5fd005121a08000215080005605400b47
:101ed00001000824e9ff00152120000001004580d1
:101ee000300013245605400b2110e002010045800c
:101ef000010002246c00a2af5605400b2110e00245
:101f0000d7000015e400a38fe400a48f0000948c98
:101f1000040083247903800601004580e400a3af18
:101f20005605400b2110e0020000c28e2120c002a5
:101f3000250005240000428c09f840000100de273e
:101f40003c05400b0000e59201004580ffff0624a0
:101f50005605400b2110e002c8002016e400a28fb5
:101f6000e400a48f0000848c7000a4afe400a58f6f
:101f70000400a524e400a5af58000b3a0100722d1f
:101f80001000032410000224d005400b7c00a2aff7
:101f9000e400a48f070082240410027c100043296f
:101fa00008004424e400a4af0000448c7000a4aff7
:101fb000cf0060100400528cffff022489034211fd
:101fc00021a800007000a38f21206000212840027a
:101fd0002130000021380000cf3f400fa800aaaff9
:101fe000e2014004a800aa8f7000a38f21206000a6
:101ff00021284002cf51400fa800aaaf5101401440
:102000007000a38f7000b08f21200002cf51400fcd
:10201000212840022e014014019d023c019d023cfa
:10202000205d42240000428c0300112421a80000fe
:102030002000a2af2000b0276400a293030040104c
:102040006800a48f01003126ff00313205008014a2
:102050000000000003008012200003242e036352be
:1020600023909102300140540000c28e6800a58f79
:102070001000a054000002920e0080520000029254
:10208000239091020a00401a21a040020000c28e53
:102090002120c002212860020000428c09f8400083
:1020a000ffff9426faff80560000c28e21f0d20373
:1020b00000000292110040100000000045001224b0
:1020c0000500a0520000c28edf004230b000525026
:1020d0000000c28e0000c28e000005922120c002c6
:1020e0000000428c0100102609f840000100de27a4
:1020f00000000292f2ff401400000000b600a0565b
:102100000000c28e6800a28ff9fc40500000e592ea
:10211000f7fc80520000e59223889102f3fc201a1c
:10212000218020020000c28e2120c0022000052450
:102130000000428c09f84000ffff1026faff00560d
:102140000000c28e3b05400b21f0d1030100458009
:10215000215000002110e002010008245605400b28
:10216000200013242120c002300005240000428cee
:10217000ffff312609f840000100de27c5fd201ac7
:102180002120c0020000c28e300005240000428cd5
:10219000ffff312609f840000100de27f1ff205e35
:1021a0000000c28e2606400b6800a48f0000c28e7d
:1021b0002120c0020000428c09f8400021f02002da
:1021c0004706400bffff10262120c0020000428c72
:1021d00009f840000100de271906400b6c00a48faf
:1021e000dcfec01000000000e400a58f0000a58cfc
:1021f0007000a5afe400a28f040042245a07400bf0
:10220000e400a2afe400a38f000065902120c0028b
:102210000000428c09f8400004007224f702801a82
:102220000100c227ffff942621808002ffff1124b6
:102230000000c28e2120c002200005240000428c34
:1022400009f84000ffff1026faff11560000c28e69
:102250000200de2721f09e023b05400be400b2aff6
:1022600000006a8c0100458004006324e400a3aff1
:102270002110e0025605400b010008240000428caa
:102280007000a2afe400a38f04006324de07400bbc
:10229000e400a3af0100822e6c00a2af1000032463
:1022a0002190000010000424d005400b7c00a4af56
:1022b0000000638c7000a3afe400a48f04008424aa
:1022c000d406400be400a4af0000a58c7000a5afbd
:1022d0000a000324e400a28f04004224e400a2af19
:1022e000219000000a0004245f07400b7c00a4af8b
:1022f0004429057c470002244c00a2106c00a58fe5
:10230000f1ff5525f107400b0f000a2423a083029b
:10231000b802801a8800b4af0000c28e2120c0022b
:10232000200005240000428c09f84000ffff94269d
:10233000faff80560000c28e6400a5938800a38f28
:102340001606400b21f0c30302006224ff00423056
:102350000906400b7800a2af2120c00230000524fe
:102360000000428c09f840000200de270000c28e07
:102370000000428c2120c00258000324780005246c
:1023800009f840000b2872002306400b00000000f3
:102390002120c002300005240000428cffffb5263a
:1023a00009f840000100de274affa01a2120c002e0
:1023b0000000c28e300005240000428cffffb526cd
:1023c00009f840000100de27f1ffa01e0000c28ec8
:1023d0003708400b000005922120c0023000052480
:1023e0000000428cffffb52609f840000100de27ff
:1023f00044ffa01a2120c0020000c28e3000052434
:102400000000428cffffb52609f840000100de27de
:10241000f1ffa05e0000c28e4208400b6800a28f50
:10242000019d113c6206400b185d3126b5ffa0549a
:10243000f1ff552521a80000f107400b0f000a24e9
:102440000000c28e2120c002212840020a28630217
:102450000000428c09f840000100de2701000592cf
:102460002100a2280b004014218080020000c28eaf
:102470002120c0020000428c0100102609f8400013
:102480000100de27000005922100a228f8ff40503d
:102490000000c28e3707400b01000324019d023c5f
:1024a0003005400b085d57247800a38f010062249b
:1024b000ff0042300906400b7800a2af6400a2a3df
:1024c000232004007000a4afd105400b2d0005248b
:1024d0000908400b245d422421100000dc00bf8f5e
:1024e000d800be8fd400b78fd000b68fcc00b58f88
:1024f000c800b48fc400b38fc000b28fbc00b18fce
:10250000b800b08f0800e003e000bd272120c00222
:102510006c0005240000428c09f840000200de2710
:102520000807400b0000c28e2120c0022d000524a8
:102530000000428c09f840000100de271c08400b17
:102540006800a58f21206000cf51400f2128400254
:1025500001000324abfe4310a800aa8f7000a28fd5
:1025600021204000212840025800a6272000a0a3d7
:102570006000a0afef43400fa800aaaf7000a2af69
:102580007400a3af5800a88f5c00a98f2130000011
:10259000213800003e00b22721200001212820011f
:1025a000b000a8afd84d400fac00a9af0100112476
:1025b000b000a88fac00a98f17034010a800aa8f05
:1025c0007800b3af7c00aaaf8800b4af9c00beaf68
:1025d000a000b5afa400b0af8000b38f8400b48f6b
:1025e0009400b58f9800be8f2130600221388002a0
:1025f000212000018c18400f2128200121204000bb
:1026000021286000ef43400f5800a627019d043c9d
:10261000385d84240000868c0400878c21204000d3
:10262000212860005000a2afc414400f5400a3af93
:1026300021204000212860002130a002b51e400f5b
:102640002138c00321204000ed4e400f21286000ba
:102650005800a88f5c00a98f300042242130000070
:102660002138000021200001212820012180400282
:10267000010042a26000b1afffff522601003126e7
:10268000b000a8afd84d400fac00a9afb000a88fe4
:10269000d5ff4014ac00a98f7800b38f7c00aa8fbf
:1026a0008800b48f9c00be8fa000b58f21880002e7
:1026b000a400b08fbbff0226ff0042302300432c52
:1026c000a201601080100200009d033ce0266324fc
:1026d000211062000000428c080040000000000051
:1026e000d82a009d4c2d009d0c29009d4c2d009d4d
:1026f0004c2d009d4c2d009d4c2d009d4c2d009d82
:102700004c2d009d4c2d009d4c2d009d4c2d009d71
:102710004c2d009d4c2d009d4c2d009d4c2d009d61
:102720004c2d009d4c2d009d4c2d009d4c2d009d51
:102730004c2d009d4c2d009d4c2d009d4c2d009d41
:102740004c2d009d4c2d009d4c2d009d4c2d009d31
:102750004c2d009d4c2d009d4c2d009d4c2d009d21
:10276000d82a009dc827009d0c29009d0100022445
:102770006400a2a30080023cfa07400b26904202ac
:102780000000848c7000a4af0a000324e400a58f2d
:102790000400a524e400a5af219000000a00022453
:1027a000d005400b7c00a2af0000c28e2120c002e9
:1027b000300005240000428c09f840000100de27ab
:1027c0002306400b000000006000a28f3e02401074
:1027d00030000224010023264000a2272b206200a3
:1027e0009b0280102100b02721200002000065908c
:1027f0000100842401006324fcff6214ffff85a014
:102800002340b1033f000825218808026c00a58ff2
:1028100025104501050040107000a48f2e000224f1
:10282000000022a2010031267000a48f7400a58f41
:102830002130000021380000d84d400fa800aaaf79
:10284000cb014010a800aa8f22004011ffff2226d2
:102850005000b2276c00b0af21804001019d023cc6
:10286000285d42240000468c0400478c7000a48f31
:10287000b51e400f7400a58f212040002128600064
:10288000ef43400f213040027000a2af7400a3afad
:102890005000a48f5400a58f01003126ed4e400f4b
:1028a000ffff1026300042243a010016ffff22a24b
:1028b0006c00b08f7000a48f7400a58f21300000d1
:1028c000d84d400f213800000c004050211000026c
:1028d000ffff22261000a2af300002241400a2af96
:1028e0006400a2271800a2af7000a48f7400a58f07
:1028f000213000009f31400f213800022340220286
:10290000ff000231550b400bff0011316000b28f08
:10291000010002240a504a002a1052018f0140147b
:10292000feff0b262a024016010023267000a48f0a
:102930007400a58f2130000021380000d84d400fd1
:10294000a800aaaf0a004010a800aa8f7000a48fa8
:102950007400a58f019d023c405d42240000468c1e
:10296000cf3f400f0400478c7b014004a800aa8f92
:10297000300002242100a2a32200b1272100b027a9
:102980006c00a48f2510440138004010211800006d
:10299000010028262e00022432004011000022a24d
:1029a0007000a48f7400a58f213000002138000032
:1029b000b000a8afd84d400fa800aaaf5000b22772
:1029c000b000a88fd0014010a800aa8f2188400134
:1029d0007800beaf21f0a00221a8800221a06002f1
:1029e000810a400b219800017000a48f7400a58f0c
:1029f00021300000d84d400f21380000bd014010ab
:102a0000215020028c00a68f9000a78f7000a48f09
:102a1000b51e400f7400a58f2120400021286000c2
:102a2000ef43400f213040027000a2af7400a3af0b
:102a30005000a48f5400a58f01007326ed4e400f67
:102a4000ffff312630004224e7ff2016ffff62a27d
:102a5000214060022198800221a0a00221a8c00389
:102a60007800be8f21880001010003247000a48f2c
:102a70007400a58f2130000021380000d84d400f90
:102a8000a800a3aff0014010a800a38fffff2226eb
:102a90001000a2af300002241400a2af6400a227ed
:102aa0001800a2af7000a48f7400a58f2130000021
:102ab0009f31400f21380002a800a38f6c00a58f22
:102ac000bf01a0102140200223880201ff00223212
:102ad000550b400bff0031326000b28f7800a0af81
:102ae000d80040127000a48f010024926c00a38fc4
:102af00025104301010023266b0140102100a4a3ef
:102b00002e000224c80140112200a2a302002326a5
:102b10004000a2272b206200990080102300a827e4
:102b20000000649001000825ffff4a259100401530
:102b3000ffff04a1010064242b108200bf0040505d
:102b40002150000001006290ffff03251000a3af99
:102b50001400a2af6400a2271800a2af2120000039
:102b6000212800006000a6272100a7279f31400fe1
:102b7000b000a8af218840006000b28f2150000053
:102b80007000a0af7400a0afb000a88fffff522666
:102b90006000b2af7000a48f7400a58f21300000d8
:102ba00021380000b000a8afd84d400fa800aaaf50
:102bb000b000a88f2a014010a800aa8ff00040158d
:102bc0005000b227ffff02251000a2af3000022400
:102bd0001400a2af6400a2271800a2af7000a48f57
:102be0007400a58f6000a627213820029f31400f76
:102bf000b000a8af218840006000a38fb000a88f6c
:102c0000211000017800a58f0d00a0106c00a48f8a
:102c10000b0080142b2022020500805000004490fd
:102c2000ffff44903000052477008510ffff422409
:102c30002e0084380100842c23104400010042241b
:102c40001c016004000050a0020045242b00042455
:102c5000010044a00a00622873004054300063243d
:102c60004c00a8272110000166660a3c67664a25c9
:102c700018006a0010300000c3270300ffff422441
:102c8000833006002320c40040380400c030040014
:102c90002130e60023306600211880003000c62471
:102ca0000a008428f2ff8010000046a0ffff4424a1
:102cb00030006324ff0066302b1888005d0160102f
:102cc000ffff46a0340b400b2118a00000008690a7
:102cd0000100632401008424fcff8814ffff66a028
:102ce0004d00a327231062002110a20023485100a9
:102cf000ff002231550b400bff0031316800a28fdd
:102d0000010042386800a2af23a01400e400a3af82
:102d10005605400b2110e002d2fc401a21a04002cf
:102d20000000c28e2120c002200005240000428c39
:102d300009f84000ffff9426faff80560000c28e7b
:102d40006400a2931908400b21f0d2032110000067
:102d5000218800002000a3930b0060502110a203e3
:102d60002000a32721106200000040a00e08400ba5
:102d700021806000010063246aff625400006490b7
:102d8000e30a400b2100b127210040a00e08400bb0
:102d90002100b0277000a48f7400a58f213000009f
:102da000d84d400f21380000adfe4014019d023c7b
:102db000215000026c00b08fffff42250100422429
:102dc000211822023000022401003126feff2316c2
:102dd000ffff22a223403002ff000231550b400bbf
:102de000ff0011310f000a2406000224f107400bf6
:102df0000a5051001606400b8800b48f21f04000a5
:102e00003b05400be400b2af89ff515000004490f5
:102e1000ffff42240000449086ff85542e00843832
:102e2000820b400b00000000300002240000a2a032
:102e30000200a2243b0b400b0100a3a0e30a400bbd
:102e40002100b1277400a58f213000002138000037
:102e5000d84d400fa800aaaf88004010a800aa8f44
:102e6000ffff02246000a2af5000b227a00b400b6e
:102e7000218840016000a28fffff42246000a2afc2
:102e8000019d043c285d84240000868c0400878c0e
:102e90007000a48fb51e400f7400a58f2120400044
:102ea00021286000ef43400f213040027000a2afa4
:102eb0007400a3af5000a88f5400a98f21300000e8
:102ec000213800002120000121282001b000a8aff6
:102ed000d84d400fac00a9afb000a88fe5ff40105f
:102ee000ac00a98f2120000121282001ed4e400fc8
:102ef000a800b1af30004324a800aa8f6c00a58fb2
:102f000025104501a90040142100a3a37000a48f3f
:102f10007400a58f21300000d84d400f21380000eb
:102f2000c60040106000a38f2100b1272200a8270f
:102f30007000a48f7400a58f21300000213800009c
:102f4000d84d400fb000a8af1eff4014b000a88fae
:102f5000000b400b6000a38ffeff0b26ffff4a25ee
:102f6000ff00703101000324b80a400b7800a3afc2
:102f700092ff4015ffff42253f0a400b211000023f
:102f80007c00beaf8800b5af21a8800221a06002fe
:102f90002198400121f00001019d043c285d84241a
:102fa0000000868c0400878c7000a48fb51e400f33
:102fb0007400a58f2120400021286000ef43400fbe
:102fc000213040027000a2af7400a3af5000a48f64
:102fd0005400a58f0100de27ed4e400fffff732642
:102fe0003000422418006012ffffc2a37000a48fbb
:102ff0007400a58f21300000d84d400f213800000b
:10300000e6ff4014019d043c21506002219880029b
:1030100021a0a0028800b58f2140c0037c00be8f94
:103020006000b28fffff42250100422421100201ff
:103030003000032401000825feff0215ffff03a155
:10304000010b400b211840022198800221a0a00210
:103050008800b58f2140c003cc0b400b7c00be8f95
:103060006000b28fffff4225f0ff4055010042246f
:1030700021184002010b400b211000016c00a38fae
:103080002510430130000324150040102100a3a3a4
:103090002e0002242200a2a3ffff42252300a8271e
:1030a0001a0c400b2100b1272200a827cd0a400ba3
:1030b0004000a22723180300020045242d00042409
:1030c000150b400b010044a02100a2a32200b12750
:1030d000030a400b2100b0277206400b21a8000014
:1030e000ffff02242200a827215000001a0c400be9
:1030f0002100b127214060022198800221a0a00276
:1031000021a8c0037800be8f6c00a28f1900401464
:10311000211000022b1848000a006054ffff0391a1
:1031200000000391219000012e0004241b00641074
:103130000100512623882202ff002232550b400b4a
:10314000ff00313230000424f7ff6414ffff122522
:1031500030000424f4ff425200004392ffff522645
:1031600000004392f1ff64542e000424550c400be0
:103170000000000021200a0153fe4011300003240a
:1031800001000825feff0415ffff03a123481001dd
:10319000ff002231550b400bff00313123884202e2
:1031a000ff002232550b400bff0031322e0002246b
:1031b0002200a2a32300a827e50a400b2100b12783
:1031c000d5ff60142b1848004e0c400b23882202b8
:1031d0004000a2272b206200110080102100b027a0
:1031e0002120000200006590010084240100632476
:1031f000fcff6214ffff85a00200222627180300af
:103200004100a427232082002110620021880402ab
:10321000600a400b21504a00ad09400b3f00b12726
:10322000600a400b218800022300a827cd0a400b2a
:103230004000a2273b0b400b2110a0002200a82732
:10324000000b400b2100b127af0a400b21100002f8
:08325000030a400b2188000273
:020000040000fa
:020000041d00dd
:10325800080200a00c0000000100000025535441a2
:1032680052542041540a0000140200a00c0000002f
:10327800010000002553544f502041540a0000001b
:10328800200200a00c0000000100000025626c6f05
:10329800636b2c2075530a002c0200a00800000064
:1032a80001000000254f7665723a0a00340200a03a
:1032b8001800000001000000256d61782057726930
:1032c80074652074696d652075533a0a0000000022
:1032d8004c0200a01800000001000000256d696e76
:1032e8002057726974652074696d652075533a0ab0
:1032f80000000000640200a01400000001000000ab
:1033080025546f74616c2074696d65206d533a0a99
:1033180000000000780200a0140000000100000076
:103328000a2553616d706c696e67467265713a0a59
:10333800000000008c0200a00c000000010000004a
:103348004f4243495f30302e54585400840300a044
:103358000100000000000000850300a0010000003b
:1033680000000000980200a0010000000100000019
:1033780003000000990200a0010000000100000005
:1033880003000000880300a0040000000000000003
:103398008c0300a00400000000000000900300a0bf
:1033a8000400000000000000940300a004000000d6
:1033b80000000000980300a0a0000000000000002a
:1033c8009a0200a0010000000100000001000000b6
:1033d800380400a00100000000000000390400a02b
:1033e80001000000000000003a0400a001000000f5
:1033f800000000003c0400a00400000000000000e1
:10340800400400a00400000000000000440400a0e4
:1034180004000000000000009c0200a0040000005e
:1034280001000000d0070000480400a004000000cc
:10343800000000004c0400a028000000000000006c
:10344800740400a028000000000000009c0400a0f4
:103458001800000000000000b40400a028000000cc
:1034680000000000dc0400a00400000000000000d0
:10347800e00400a00400000000000000a00200a07a
:10348800010000000100000030000000e40400a07a
:103498000100000000000000e50400a00100000099
:1034a80000000000e60400a0010000000000000089
:1034b800e80400a00400000000000000ec0400a0e4
:1034c8000400000000000000f00400a05800000004
:1034d80000000000480500a01800000000000000df
:1034e800600500a00400000000000000640500a0c2
:1034f8000100000000000000680500a004000000b2
:10350800000000006c0500a004000000000000009e
:10351800700500a00400000000000000740500a071
:103528000400000000000000780500a00100000071
:10353800000000007c0500a004000000000000005e
:10354800800500a00002000000000000a40200a006
:103558000400000001000000ffffffff800700a03b
:103568000002000000000000a80200a00400000003
:103578000100000000020000800900a0c000000057
:1035880000000000c40f00a0f008000000000000c8
:10359800400a00a04802000000000000880c00a0bb
:1035a8004802000000000000d00e00a0010000004a
:1035b80000000000ac0200a0b00000000100000004
:1035c8008001009d8001009d8001009d8001009d7b
:1035d8008001009d8001009d8001009d8001009d6b
:1035e8008001009d8001009d8001009d8001009d5b
:1035f8008001009d8001009d8001009d8001009d4b
:103608008001009d8001009d8001009d8001009d3a
:103618008001009d8001009d8001009d8001009d2a
:103628008001009d8001009d8001009d8001009d1a
:103638008001009d8001009d8001009d8001009d0a
:103648008001009d8001009d8001009d8001009dfa
:103658008001009d8001009d8001009d8001009dea
:103668008001009d8001009d8001009d8001009dda
:10367800d40e00a00400000000000000d80e00a036
:103688000400000000000000dc0e00a004000000a0
:1036980000000000e00e00a0040000000000000090
:1036a800e40e00a00400000000000000e80e00a0e6
:1036b8000400000000000000ec0e00a0a0000000c4
:1036c800000000008c0f00a00400000000000000b3
:1036d800900f00a004000000000000005c0300a0a0
:1036e800180000000100000000000000785e019d45
:1036f80000000000000000000000000000000000c2
:10370800940f00a00100000000000000980f00a026
:1037180004000000000000009c0f00a0040000004e
:1037280000000000a00f00a004000000000000003e
:10373800a40f00a00400000000000000a80f00a0d3
:103748000400000000000000ac0f00a0040000000e
:1037580000000000b00f00a00400000000000000fe
:10376800740300a004000000010000007d020000b6
:10377800780300a004000000010000000800000019
:103788007c0300a00400000001000000ea01000022
:10379800b40f00a00200000000000000b80f00a055
:1037a8000400000000000000b41800a0040000009d
:1037b80000000000002100a0200000000000000020
:1037c800800300a0040000000100000000000000c9
:1037d800b81800a018040000010000000000000054
:1037e800a41b00a0081c00a06c1c00a00000000086
:1037f80000000000000000000000000000000000c1
:1038080000000000000000000000000000000000b0
:10381800f06a019d000000000000000000000000a8
:103828000000000000000000000000000000000090
:103838000000000000000000000000000000000080
:103848000000000000000000000000000000000070
:103858000000000000000000000000000000000060
:103868000000000000000000000000000000000050
:103878000000000000000000000000000000000040
:103888000000000001000000000000000e33cdab76
:1038980034126de6ecde05000b00000000000000ad
:1038a8000000000000000000000000000000000010
:1038b8000000000000000000000000000000000000
:1038c80000000000000000000000000000000000f0
:1038d80000000000000000000000000000000000e0
:1038e80000000000000000000000000000000000d0
:1038f80000000000000000000000000000000000c0
:1039080000000000000000000000000000000000af
:10391800000000000000000000000000000000009f
:10392800000000000000000000000000000000008f
:10393800000000000000000000000000000000007f
:10394800000000000000000000000000000000006f
:10395800000000000000000000000000000000005f
:10396800000000000000000000000000000000004f
:10397800000000000000000000000000000000003f
:10398800000000000000000000000000000000002f
:10399800000000000000000000000000000000001f
:1039a800000000000000000000000000000000000f
:1039b80000000000000000000000000000000000ff
:1039c80000000000000000000000000000000000ef
:1039d80000000000000000000000000000000000df
:1039e80000000000000000000000000000000000cf
:1039f80000000000000000000000000000000000bf
:103a080000000000000000000000000000000000ae
:103a1800000000000000000000000000000000009e
:103a2800000000000000000000000000000000008e
:103a3800000000000000000000000000000000007e
:103a4800000000000000000000000000000000006e
:103a5800000000000000000000000000000000005e
:103a6800000000000000000000000000000000004e
:103a7800000000000000000000000000000000003e
:103a8800000000000000000000000000000000002e
:103a9800000000000000000000000000000000001e
:103aa800000000000000000000000000000000000e
:103ab80000000000000000000000000000000000fe
:103ac80000000000000000000000000000000000ee
:103ad80000000000000000000000000000000000de
:103ae80000000000000000000000000000000000ce
:103af80000000000000000000000000000000000be
:103b080000000000000000000000000000000000ad
:103b1800000000000000000000000000000000009d
:103b2800000000000000000000000000000000008d
:103b3800000000000000000000000000000000007d
:103b4800000000000000000000000000000000006d
:103b5800000000000000000000000000000000005d
:103b6800000000000000000000000000000000004d
:103b7800000000000000000000000000000000003d
:103b8800000000000000000000000000000000002d
:103b9800000000000000000000000000000000001d
:103ba800000000000000000000000000000000000d
:103bb80000000000000000000000000000000000fd
:103bc80000000000000000000000000000000000ed
:103bd80000000000000000000000000000000000dd
:103be80000000000000000000000000000000000cd
:103bf80000000000382100a00400000001000000bf
:103c0800b81800a0d01c00a00804000001000000a3
:103c18000000000000000000d01c00a0d01c00a084
:103c2800d81c00a0d81c00a0e01c00a0e01c00a02c
:103c3800e81c00a0e81c00a0f01c00a0f01c00a0dc
:103c4800f81c00a0f81c00a0001d00a0001d00a08a
:103c5800081d00a0081d00a0101d00a0101d00a038
:103c6800181d00a0181d00a0201d00a0201d00a0e8
:103c7800281d00a0281d00a0301d00a0301d00a098
:103c8800381d00a0381d00a0401d00a0401d00a048
:103c9800481d00a0481d00a0501d00a0501d00a0f8
:103ca800581d00a0581d00a0601d00a0601d00a0a8
:103cb800681d00a0681d00a0701d00a0701d00a058
:103cc800781d00a0781d00a0801d00a0801d00a008
:103cd800881d00a0881d00a0901d00a0901d00a0b8
:103ce800981d00a0981d00a0a01d00a0a01d00a068
:103cf800a81d00a0a81d00a0b01d00a0b01d00a018
:103d0800b81d00a0b81d00a0c01d00a0c01d00a0c7
:103d1800c81d00a0c81d00a0d01d00a0d01d00a077
:103d2800d81d00a0d81d00a0e01d00a0e01d00a027
:103d3800e81d00a0e81d00a0f01d00a0f01d00a0d7
:103d4800f81d00a0f81d00a0001e00a0001e00a085
:103d5800081e00a0081e00a0101e00a0101e00a033
:103d6800181e00a0181e00a0201e00a0201e00a0e3
:103d7800281e00a0281e00a0301e00a0301e00a093
:103d8800381e00a0381e00a0401e00a0401e00a043
:103d9800481e00a0481e00a0501e00a0501e00a0f3
:103da800581e00a0581e00a0601e00a0601e00a0a3
:103db800681e00a0681e00a0701e00a0701e00a053
:103dc800781e00a0781e00a0801e00a0801e00a003
:103dd800881e00a0881e00a0901e00a0901e00a0b3
:103de800981e00a0981e00a0a01e00a0a01e00a063
:103df800a81e00a0a81e00a0b01e00a0b01e00a013
:103e0800b81e00a0b81e00a0c01e00a0c01e00a0c2
:103e1800c81e00a0c81e00a0d01e00a0d01e00a072
:103e2800d81e00a0d81e00a0e01e00a0e01e00a022
:103e3800e81e00a0e81e00a0f01e00a0f01e00a0d2
:103e4800f81e00a0f81e00a0001f00a0001f00a080
:103e5800081f00a0081f00a0101f00a0101f00a02e
:103e6800181f00a0181f00a0201f00a0201f00a0de
:103e7800281f00a0281f00a0301f00a0301f00a08e
:103e8800381f00a0381f00a0401f00a0401f00a03e
:103e9800481f00a0481f00a0501f00a0501f00a0ee
:103ea800581f00a0581f00a0601f00a0601f00a09e
:103eb800681f00a0681f00a0701f00a0701f00a04e
:103ec800781f00a0781f00a0801f00a0801f00a0fe
:103ed800881f00a0881f00a0901f00a0901f00a0ae
:103ee800981f00a0981f00a0a01f00a0a01f00a05e
:103ef800a81f00a0a81f00a0b01f00a0b01f00a00e
:103f0800b81f00a0b81f00a0c01f00a0c01f00a0bd
:103f1800c81f00a0c81f00a0d01f00a0d01f00a06d
:103f2800d81f00a0d81f00a0e01f00a0e01f00a01d
:103f3800e81f00a0e81f00a0f01f00a0f01f00a0cd
:103f4800f81f00a0f81f00a0002000a0002000a07b
:103f5800082000a0082000a0102000a0102000a029
:103f6800182000a0182000a0202000a0202000a0d9
:103f7800282000a0282000a0302000a0302000a089
:103f8800382000a0382000a0402000a0402000a039
:103f9800482000a0482000a0502000a0502000a0e9
:103fa800582000a0582000a0602000a0602000a099
:103fb800682000a0682000a0702000a0702000a049
:103fc800782000a0782000a0802000a0802000a0f9
:103fd800882000a0882000a0902000a0902000a0a9
:103fe800982000a0982000a0a02000a0a02000a059
:103ff800a82000a0a82000a0b02000a0b02000a009
:10400800b82000a0b82000a0c02000a0c02000a0b8
:10401800c82000a0c82000a03c2100a00400000087
:104028000100000000000200402100a00400000080
:1040380000000000442100a004000000010000006e
:10404800ffffffff482100a004000000000000005f
:104058004c2100a00400000000000000d82000a0af
:104068002800000000000000502100a0040000000b
:1040780000000000542100a004000000010000001e
:10408800d3db009d582100a00400000000000000c0
:104098005c2100a00400000000000000602100a0d6
:1040a8000400000000000000202100a0180000000b
:1040b80000000000000000002222222222222222e8
:020000040000fa
:020000041d00dd
:1040c800e0ffbd271c00bfaf1800b1af1400b0afb0
:1040d80021808000a403828c01000324190043106e
:1040e8002188a000a803828c1700401040888427ec
:1040f800dd48400f212000021e004050dfff31261e
:10410800ad0802920700432cac006010801002003a
:10411800009d033c30416324211062000000428c62
:104128000800400000000000c443009d7c43009d3f
:104138006843009dc443009d5443009d4043009d37
:104148001c43009d40888427009d053c1555400f61
:104158009460a524408884271f56400f21282002f8
:10416800dd48400f21200002e6ff4054ad080292ce
:10417800dfff3126ff0031325e00222e2e02401072
:1041880080881100009d023ca441422421885100ee
:104198000000228e0800400000000000c049009d79
:1041a800404a009ddc43009df445009d7446009df7
:1041b8008846009d404a009d404a009d404a009d17
:1041c8009c46009d404a009d404a009d4446009df3
:1041d800404a009d5c45009d7445009d9045009daa
:1041e800a445009db845009dcc45009de045009d37
:1041f800f043009d0444009d1844009d404a009de2
:104208009043009d2c44009d4c44009d9444009d87
:10421800b044009dfc44009d1845009d404a009d07
:10422800404a009d2c45009d4c45009d6046009de0
:10423800404a009d404a009d404a009d0846009d16
:10424800404a009d404a009d404a009d404a009dca
:10425800404a009d404a009d404a009d1c46009de2
:104268003046009d404a009d4c47009d6047009d98
:104278007447009d8c47009d404a009da047009dc3
:10428800404a009db447009d404a009dd047009d8c
:10429800ec47009d404a009d0048009d404a009d13
:1042a8001448009d7448009dac48009d2c4a009d10
:1042b800404a009d404a009d404a009dd449009dc7
:1042c800404a009d404a009d404a009d404a009d4a
:1042d800404a009d404a009de849009d044a009dcf
:1042e800184a009d0049009d4849009d5c49009d71
:1042f8007049009d8049009d9449009dac49009dee
:10430800b046009dc846009d404a009d0047009d5c
:104318003847009d212000027157400f21282002b4
:10432800010002241c00bf8f1800b18f1400b08f49
:104338000800e0032000bd2721200002392a400f91
:1043480021282002cb10400b01000224212000026a
:104358001741400f21282002cb10400b01000224f6
:1043680021200002d722400f21282002cb10400b29
:104378000100022421200002dc1f400f2128200216
:10438800cb10400b0100022481878293b501405075
:10439800009d053c21200002009d053c8554400fee
:1043a8006c61a52421200002009d053c3551400f79
:1043b8000c5ba5247c5a400f8087842701000224c7
:1043c8001c00bf8f1800b18f1400b08f0800e003e5
:1043d8002000bd27212000021e53400f03000524a2
:1043e800cb10400b01000224212000024c53400f47
:1043f80006000524cb10400b0100022421200002f6
:104408004c53400f07000524cb10400b0100022439
:10441800212000024c53400f08000524cb10400b0c
:10442800010002240354400f8087842721200002c2
:10443800009d053c3551400fb061a524ec10400ba0
:1044480021200002030002920c004054b40300ae85
:10445800009d053c0461a5248554400f21200002dd
:1044680021200002009d053c3551400f0c5ba5241e
:104478007c5a400f80878427b40300ae7054400fe5
:1044880021200002cb10400b010002242120000251
:1044980005000524213000009541400f0100072444
:1044a800cb10400b01000224030002920c00405480
:1044b80001000224009d053c1461a5248554400f89
:1044c8002120000221200002009d053c3551400fab
:1044d8000c5ba5247c5a400f8087842701000224a6
:1044e800b40302ae7054400f21200002cb10400be1
:1044f8000100022403000292b1ff4054010002248b
:104508007646400f21200002cb10400b0100022408
:10451800212000021e53400f02000524cb10400b3f
:1045280001000224010002926d01401021200002c6
:10453800009d053c8554400fdc60a524ec10400b21
:10454800212000029d51400f21200002cb10400b7a
:1045580001000224212000023152400f04000524ea
:10456800e00800a2cb10400b010002242120000229
:1045780001000524ff0006249541400fff00072491
:10458800cb10400b01000224212000024c53400fa5
:1045980001000524cb10400b010002242120000259
:1045a8004c53400f02000524cb10400b010002249d
:1045b800212000024c53400f03000524cb10400b70
:1045c80001000224212000024c53400f040005245e
:1045d800cb10400b01000224212000024c53400f55
:1045e80005000524cb10400b010002242120000205
:1045f8001e53400f04000524cb10400b0100022479
:10460800212000021e53400f10000524cb10400b40
:1046180001000224212000021e53400f0900052436
:10462800cb10400b01000224212000021e53400f32
:104638000c000524cb10400b0100022421200002ad
:1046480005000524213000009541400f2138000065
:10465800cb10400b01000224212000021e53400f02
:104668000b000524cb10400b01000224212000027e
:104678001e53400f05000524cb10400b01000224f7
:10468800212000021e53400f07000524cb10400bc9
:1046980001000224212000021e53400f08000524b7
:1046a800cb10400b01000224212000023152400fa0
:1046b8000200052401000224cb10400bd80802aeea
:1046c8001952400f80878427ef004050009d053c19
:1046d800009d053ca45ca5248554400f21200002c0
:1046e80021200002009d053c3551400f2461a5247e
:1046f800ec10400b212000024b59400f8087842783
:10470800ea004050009d053c009d053ca45ca524a2
:104718008554400f2120000221200002009d053c05
:104728003551400f4861a524ec10400b21200002b0
:10473800212000023152400f05000524cb10400b08
:1047480001000224212000021e53400f0d00052401
:10475800cb10400b01000224212000021e53400f01
:104768000f000524cb10400b01000224009d053cde
:10477800c061a5248554400f21200002ec10400b95
:1047880021200002212000021e53400f0a000524a8
:10479800cb10400b01000224212000021e53400fc1
:1047a8000e000524cb10400b01000224212000023a
:1047b80005000524040006249541400f2138000017
:1047c800cb10400b01000224212000020500052423
:1047d800040006249541400f01000724cb10400b2c
:1047e80001000224212000021e53400f0600052468
:1047f800cb10400b01000224212000023152400f4f
:1048080006000524f210400b01000224a003028eca
:10481800af004010212000028c0802928187839308
:104828008c006010838782a38500401480878427ca
:10483800450802920900401400000000b003038eee
:10484800060002240500621021200002c152400f18
:10485800060005244554400f320004241342400f3b
:1048680021200002cb10400b01000224010002921b
:10487800a90040140000000081878293cffe4010f9
:1048880083878293cefe40500100022480878427cc
:10489800009d053c8b3f400fc860a524cb10400b02
:1048a80001000224030002920f00401400000000df
:1048b800009d053c9c60a5248554400f21200002e2
:1048c80021200002009d053c8554400fbc60a524b2
:1048d80021200002009d053c3551400f0c5ba524aa
:1048e8007c5a400f80878427b155400f2120000251
:1048f800cb10400b01000224a003028e820040105e
:104908000000000021200002010002242f54400f63
:10491800838782a381878293a8fe4010838782932e
:10492800a7fe40500100022480878427009d053c93
:104938008b3f400ff460a524cb10400b01000224ec
:10494800212000024c53400f0d000524cb10400bd2
:1049580001000224212000024c53400f0f000524bf
:10496800cb10400b01000224e83d400f212000023b
:10497800cb10400b01000224212000024c53400fb1
:104988000a000524cb10400b01000224212000025c
:104998003152400f0100052401000224cb10400bc6
:1049a800d40802ae212000024c53400f0e0005240b
:1049b800cb10400b01000224212000021e53400f9f
:1049c80001000524cb10400b010002242120000225
:1049d8004c53400f10000524cb10400b010002245b
:1049e8002120000205000524040006249541400ffb
:1049f80003000724cb10400b0100022421200002f1
:104a08004c53400f09000524cb10400b0100022431
:104a1800212000024c53400f0c000524cb10400b02
:104a280001000224212000024c53400f0b000524f2
:104a3800cb10400b01000224cb10400b21100000ca
:104a4800009d053c8b3f400fe460a5243d0800a273
:104a58008c08029281ff4014000000000f12400be6
:104a6800450802927c61a5248554400f212000024c
:104a780021200002009d053c8554400f9861a52423
:104a8800ec10400b21200002985ca5248554400faf
:104a98002120000221200002009d053c3551400fd5
:104aa8003461a524ec10400b21200002985ca52459
:104ab8008554400f2120000221200002009d053c62
:104ac8003551400f5861a524ec10400b21200002fd
:104ad800df56400f300005240912400b8c08029263
:104ae8000645400f212000020100029290fe40146a
:104af80021200002009d053c8554400fe060a5245c
:104b0800ec10400b21200002ad57400f212000027d
:104b18004412400b21200002e049400f21200002ee
:084b2800cb10400b0100022438
:020000040000fa
:020000041d00dd
:104b30000098a27c0055a37cc22f0500c010020083
:104b40004247040025104800c02004000098e87c7b
:104b50000055e97cc23f0700c040080042570600ec
:104b600025400a01ff070a2404002a15c030060068
:104b70002550060102004015000000000100e73842
:104b8000a300a714235069003500401921384001c3
:104b90000e002055ff07092425380601af01e0501b
:104ba00007008630ffff47250400e014ff070924b3
:104bb0002130c4001413400b2110020107006914b6
:104bc0003900e9289714400b07008630a2016910cc
:104bd0008000093c254009013900e92818002051ce
:104be000253006012000e9280b00201120000a24ae
:104bf0002000092423482701045828010650e60014
:104c000025506a01044826012b4809002530490136
:104c10001213400b0638e8000400ea100648e800ca
:104c2000233807000c13400b0440e800214000002b
:104c3000253006012b3006001113400b2530c9002a
:104c40002b300600213800002130c4002110e20082
:104c50002b20c400211044007613400b2120c000fb
:104c600036004011010067240e006014ff07032482
:104c700025184400580160502110000127500a00f7
:104c800004004055ff070324212086004b13400bee
:104c90002110020108002355390043297c14400be0
:104ca000211000015101231123500a008000033c10
:104cb0002510430039004329180060502520440086
:104cc000200043290b00601020000724200003244b
:104cd00023186a0004586200063844012538670129
:104ce000041864002b1803002520e3004913400b2f
:104cf00006504201040047110618420123500a00e1
:104d00004313400b041042012110000025204400f1
:104d10002b2004004813400b252083002b20040087
:104d20002150000021208600211048012b308600f0
:104d3000211046007613400b21182001ff07e930af
:104d40000200292919002051ff07032410006014d4
:104d5000253844002301e0502110000125380601c8
:104d60003e01e050070086302130c40021100201ce
:104d70002b20c40021104400c005477c3601e01000
:104d80002120c000c4bd027c9614400b0100032406
:104d90001701e05021100001253006012e01c0103e
:104da000ff0703241d14400bc21802001201e31078
:104db0002130c400211002012b20c4002110440026
:104dc00042300600c0270200252086004210020063
:104dd0009614400b2118e000c005467c1f01c0104e
:104de0000700863001006324ff07062403016610d4
:104df00001008630c4bd027c422004002520c4008e
:104e0000c0370200252086009614400b4210020095
:104e100036004019215840010e002015ff070724d5
:104e2000253806010d01e05007008630ffff4b25b5
:104e300004006055ff07072423308600b613400b9b
:104e40002310480007006714390067299714400ba6
:104e500007008630000167108000073c25400701ed
:104e6000390067291800e050253006012000672925
:104e70000b00e01020000924200007242338eb0059
:104e80000450e80006486601254849010438e60058
:104e90002b38070025302701b413400b0658680152
:104ea000040069110638680123580b00ae13400b4b
:104eb0000440680121400000253006012b30060027
:104ec000b313400b2530c7002b30060021580000db
:104ed0002330860023104b002b2086002310440033
:104ee0002120c0003e14400b2138a0003600405164
:104ef000010069240e006014ff07032425184400f4
:104f0000c10060502110000127500a0004004055e4
:104f1000ff0703242320c400ee13400b23100201db
:104f200008002355390043298614400b2110000145
:104f3000b800231123500a008000033c25104300d1
:104f400039004329180060502520440020004329df
:104f50000b006050200005242000032423186a0061
:104f600004586200062844012528650104186400dd
:104f70002b1803002520a300ec13400b0650420120
:104f8000040045110618420123500a00e613400ba5
:104f90000410420121100000252044002b200400b1
:104fa000eb13400b252083002b2004002150000030
:104fb0002320c40023100a012b30c4002310460014
:104fc0003e14400b21182001ff0729310200292936
:104fd0003900201123488600254806011900601475
:104fe000255044000500401500000000130020116a
:104ff000211000008914400b21100001970020515e
:105000000700863023488600235048002b5889002b
:1050100023504b01c0054b7d06006051251049010e
:105020002320c400231002012b30c4008a14400b3b
:10503000231046007e004054211040019414400b80
:105040002120000008004015000000007a002055d3
:10505000211000013f00023cffff4234f8ff04240e
:105060009414400bff0703247b002011ff07032447
:10507000c2180200c2400800254003010800063c97
:105080002440060105000055ffffc324c220040090
:10509000401702002914400b25204400ffff042480
:1050a00021280000c0180300421704002510430007
:1050b0009014400bc0200400235048002b58890056
:1050c00023504b01c0054b7d07006051251049015d
:1050d0002348c400231002012b30c900235046008e
:1050e0004314400b2128e00057004010211000001d
:1050f0004414400b20584b71c005467c5600c0102c
:105100002128e00000b04a7c2148800020584b71e3
:1051100004004015f8ff672520582b7120006b25ef
:10512000f8ff67252000e22808004050d8ff6225dc
:105130000450ea002800022423104b000610490006
:1051400025104a005514400b0420e90004104900c2
:10515000212000002a30e3001d00c05423186700fe
:105160002318e300010066242000c7280b00e0108c
:10517000e1ff68241f0007242318e3000640c40051
:105180000438620025400701042064002b2004003d
:10519000252004017214400b0610c20020000724d1
:1051a0000400c71006400201271803006e14400bcc
:1051b0000410620021100000252044002b20040070
:1051c00025208800211000009614400b21180000b3
:1051d0009614400bc4bd027c2120c0009614400be5
:1051e000211820019614400b2120c000211000013d
:1051f0009014400b2120c000ff0703242110000061
:10520000a014400b212000002120c0008a14400b74
:1052100021182001211000012120c0008a14400b18
:10522000ff0703242120c0009614400b2128e00032
:105230009614400b212020012120c0002128e000ed
:105240009614400bff0703242120000021180000c2
:10525000a014400b21280000070086300900c01070
:10526000c005467c0f008730040006240400e610c9
:10527000040086242b20c400211044002120c000fb
:10528000c005467c0900c050c22004000100632410
:10529000ff0706240300665021100000aa14400beb
:1052a000c4bd027c21200000c2200400403702005f
:1052b0002520c400ff0706240e006614c210020059
:1052c000253082000a00c050211000000090427c6e
:1052d000253044000800c014213000000700023cc3
:1052e000ffff4234ffff0424be14400b21280000be
:1052f00021200000213000000498467c04f5667ce3
:10530000c4ffa67c211080000800e0032118c00023
:105310000098a27c0055a37cc22f0500c01002009b
:105320004247040025104800c02004000098e87c93
:105330000055e97cc23f0700c04008004257060004
:1053400025400a01c0300600a300a71423506900bd
:1053500035004019213840010e002055ff0709246f
:1053600025380601af01e05007008630ffff4725d2
:105370000400e014ff0709242130c4000615400b87
:1053800021100201070069143900e9288916400b31
:1053900007008630a20169108000093c2540090100
:1053a0003900e92818002051253006012000e9289d
:1053b0000b00201120000a24200009242348270183
:1053c000045828010650e60025506a0104482601c9
:1053d0002b480900253049010415400b0638e80028
:1053e0000400ea100648e80023380700fe14400bca
:1053f0000440e80021400000253006012b30060063
:105400000315400b2530c9002b3006002138000061
:105410002130c4002110e2002b20c40021104400e0
:105420006815400b2120c0003600401101006724a0
:105430000e006014ff070324251844005801605033
:105440002110000127500a0004004055ff070324e3
:10545000212086003d15400b211002010800235534
:10546000390043296e16400b211000015101231110
:1054700023500a008000033c2510430039004329d3
:105480001800605025204400200043290b006010c4
:10549000200007242000032423186a000458620017
:1054a0000638440125386701041864002b180300ee
:1054b0002520e3003b15400b065042010400471134
:1054c0000618420123500a003515400b0410420112
:1054d00021100000252044002b2004003a15400b29
:1054e000252083002b20040021500000212086006d
:1054f000211048012b308600211046006815400b12
:1055000021182001ff07e930020029291900205144
:10551000ff07032410006014253844002301e050e5
:1055200021100001253806013e01e05007008630b9
:105530002130c400211002012b20c400211044009e
:10554000c005477c3601e0102120c000c4bd027cac
:105550008816400b010003241701e05021100001c0
:10556000253006012e01c010ff0703240f16400b43
:10557000c21802001201e3102130c4002110020100
:105580002b20c4002110440042300600c027020036
:1055900025208600421002008816400b2118e000ea
:1055a000c005467c1f01c01007008630010063243f
:1055b000ff0706240301661001008630c4bd027c8b
:1055c000422004002520c400c037020025208600a8
:1055d0008816400b42100200350040192158400146
:1055e0000e002015ff070724253806010d01e050a5
:1055f00007008630ffff4b2504006015ff070724d6
:1056000023308600a815400b2310480007006714bc
:10561000390067298916400b0700863000016710a2
:105620008000073c25400701390067291800e05039
:1056300025300601200067290b00e0102000092416
:10564000200007242338eb000450e80006486601d8
:10565000254849010438e6002b380700253027018a
:10566000a615400b06586801040069110638680148
:1056700023580b00a015400b044068012140000096
:10568000253006012b300600a515400b2530c7003c
:105690002b300600215800002330860023104b00d9
:1056a0002b208600231044003016400b2120c00020
:1056b00037004051010069240e006014ff070324e5
:1056c00025184400c20060502110000127500a0034
:1056d00004004055ff0703242320c400df15400bbe
:1056e0002310020108002355390043297816400b86
:1056f00021100001b900231123500a008000033c4f
:10570000251043003900432918006050252044002b
:10571000200043290b0060502000052420000324b2
:1057200023186a00045862000628440125286501f0
:10573000041864002b1803002520a300dd15400b7e
:1057400006504201040045110618420123500a0088
:10575000d715400b04104201211000002520440001
:105760002b200400dc15400b252083002b20040097
:10577000215000002320c40023100a012b30c40054
:1057800023104600211820013016400b2128e0008c
:10579000ff072931020029293900201123488600fa
:1057a00025480601190060142550440005004015e5
:1057b0000000000013002011211000007b16400b98
:1057c00021100001970020510700863023488600f1
:1057d000235048002b58890023504b01c0054b7db6
:1057e00006006051251049012320c4002310020146
:1057f0002b30c4007c16400b231046007e00405422
:10580000211040018616400b2120000008004015a1
:10581000000000007a002055211000013f00023cea
:10582000ffff4234f8ff04248616400bff070324d1
:105830007b002011ff070324c2180200c2400800a9
:10584000254003010800063c2440060105000055e0
:10585000ffffc324c2200400401702001b16400ba8
:1058600025204400ffff042421280000c018030065
:1058700042170400251043008216400bc02004008c
:10588000235048002b58890023504b01c0054b7d05
:1058900007006051251049012348c400231002016c
:1058a0002b30c900235046003516400b2128e0005c
:1058b00057004010211000003616400b20584b7145
:1058c000c005467c5700c0100700863000b04a7cf7
:1058d0002148800020584b7104004015f8ff6725cf
:1058e00020582b7120006b25f8ff67252000e22847
:1058f00008004050d8ff62250450ea002800022426
:1059000023104b000610490025104a004716400b93
:105910000420e90004104900212000002a30e3009f
:105920001d00c054231867002318e30001006624fb
:105930002000c7280b00e010e1ff68241f000724a7
:105940002318e3000640c400043862002540070124
:10595000042064002b200400252004016416400b61
:105960000610c200200007240400c71006400201f0
:10597000271803006016400b04106200211000007d
:10598000252044002b200400252088002110000041
:105990008816400b211800008816400bc4bd027cfd
:1059a0002120c0008816400b211820018816400bca
:1059b0002120c000211000018216400b2120c000d0
:1059c000ff070324211000009216400b2120000045
:1059d0002120c0007c16400b21182001211000015d
:1059e0002120c0007c16400bff0703242120c000ab
:1059f0008816400b2128e0008816400b212020014a
:105a00002120c0002128e0008816400bff07032456
:105a100021200000211800009216400b21280000d0
:105a2000070086300900c010c005467c0f00873093
:105a3000040006240400e610040086242b20c40081
:105a4000211044002120c000c005467c0900c05040
:105a5000c220040001006324ff07062403006650ef
:105a6000211000009c16400bc4bd027c21200000c8
:105a7000c2200400403702002520c400ff0706248e
:105a80000e006614c2100200253082000a00c050c9
:105a9000211000000090427c253044000800c01412
:105aa000213000000700023cffff4234ffff0424c6
:105ab000b016400b212800002120000021300000fa
:105ac0000498467c04f5667cc4ffa67c2110800007
:085ad0000800e0032118c000ea
:020000040000fa
:020000041d00dd
:105ad8005374617274206d756c74692063686172a7
:105ae8003a2025630a00000032353000646566619b
:105af800756c74004d61726b6572207265636965bf
:105b080076656400242424000a00000054696d6549
:105b18006f75742070726f63657373696e67206d3b
:105b2800756c74692062797465000000206d657376
:105b380073616765202d20706c65617365207365de
:105b48006e6420616c6c000020636f6d6d616e6423
:105b580073206174206f6e6365206173206f662007
:105b6800763200004144535f49442c200000000075
:105b7800434f4e464947312c20000000434f4e46c4
:105b88004947322c20000000434f4e464947332cea
:105b9800200000004c4f46462c200000434831535b
:105ba80045542c20000000004348325345542c2013
:105bb800000000004348335345542c2000000000e7
:105bc8004348345345542c200000000043483553c3
:105bd80045542c20000000004348365345542c20df
:105be800000000004348375345542c2000000000b3
:105bf8004348385345542c20000000004249415383
:105c08005f53454e53502c20000000004249415339
:105c18005f53454e534e2c20000000004c4f464623
:105c28005f53454e53502c20000000004c4f464611
:105c38005f53454e534e2c20000000004c4f464603
:105c48005f464c49502c20004c4f46465f53544108
:105c580054502c20000000004c4f46465f535441de
:105c6800544e2c20000000004750494f2c200000c3
:105c78004d495343312c20004d495343322c2000c9
:105c8800434f4e464947342c2000000030000000a6
:105c98004661696c7572653a20000000537563634c
:105ca8006573733a20000000626f617264206d6f43
:105cb80064652076616c756500000000206f75745e
:105cc800206f6620626f756e64732e00696e766150
:105cd8006c696420626f617264206d6f6465207600
:105ce800616c75652e000000414453205374617245
:105cf8007465640064616973792072656d6f766597
:105d0800640000006e6f20646169737920746f20ed
:105d180072656d6f766521004144532053746f702e
:105d2800706564002c20000044616973792049443f
:105d3800203078004f6e20426f61726420414453d6
:105d48002049442000000000526567697374657239
:105d580020000000206d6f6469666965642e00008c
:105d6800746f6f2066657720636861727300000046
:105d78004661696c7572653a20746f6f2066657745
:105d880020636861727300004572723a2039746842
:105d98002063686172206e6f742058004661696cd8
:105da8007572653a204572723a20397468206368c2
:105db8006172206e6f742058000000004572723abc
:105dc80020746f6f206d616e792063686172730053
:105dd8004661696c7572653a204572723a20746f33
:105de8006f206d616e792063686172730000000036
:105df8004368616e6e656c2073657420666f7220ef
:105e080000000000537563636573733a204368614b
:105e18006e6e656c2073657420666f7220000000da
:105e28004572723a203574682063686172206e6f1b
:105e380074205a004661696c7572653a2045727221
:105e48003a203574682063686172206e6f74205a36
:105e5800000000004c656164206f666620736574fd
:105e680020666f7220000000537563636573733a90
:105e7800204c656164206f66662073657420666fc8
:105e88007220000053616d706c652072617465202a
:105e980069732000487a0000537563636573733a29
:105ea8002053616d706c6520726174652069732080
:105eb8000000000073616d706c652076616c75651b
:105ec800206f7574206f6620626f756e64730000b2
:105ed8004661696c7572653a2073616d706c6520f6
:105ee80076616c7565000000206f7574206f662000
:105ef800626f756e64730000696e76616c69642008
:105f080073616d706c652076616c756500000000ca
:105f18004661696c7572653a20696e76616c696470
:105f28002073616d706c652076616c75650000008a
:105f38006e6f20646169737920746f206174746175
:105f480063682100646169737920617474616368ae
:105f58006564000057726f746520746f20434f4e5c
:105f6800464947323a200000436f6e66696775728a
:105f7800656420696e7465726e616c002074657367
:105f880074207369676e616c2e0000005265676942
:105f9800737465727320000020746f200000000085
:105fa800206d6f64696669656400000030780000e0
:105fb80020000000426f6172642041445320526502
:105fc8006769737465727300446169737920414429
:105fd8005320526567697374657273004c49533373
:105fe8004448205265676973746572730000000045
:105ff8004f70656e42434920563320382d31362084
:106008006368616e6e656c004f6e20426f617264ea
:10601800204144533132393920446576696365201b
:1060280049443a20307800004f6e20446169737902
:1060380020414453313239392044657669636520fb
:1060480049443a20307800004c49533344482044ae
:1060580065766963652049443a203078000000007d
:106068004669726d776172653a2076332e312e3229
:1060780000000000426f617264207570000000002b
:10608800426f6172642065727200000070433a20aa
:10609800000000007570646174696e672063686150
:1060a8006e6e656c2073657474696e677320746fa7
:1060b800000000002064656661756c7400000000d3
:1060c8004e6f20646169737920746f2072656d6ffb
:1060d80076650000313600003800000053747265a0
:1060e800616d207374617274656400005374726525
:1060f800616d2073746f70706564000054696d651c
:10610800207374616d70204f4e00000054696d65f6
:10611800207374616d70204f4646000057696669a8
:10612800206174746163686564000000576966697a
:10613800206e6f7420617474616368656400000088
:10614800576966692072656d6f76656400000000a6
:1061580057696669206e6f742072656d6f76656425
:1061680000000000576966692070726573656e7477
:106178000000000057696669206e6f7420707265b0
:1061880073656e742c2073656e64207b00000000bc
:1061980020746f206174746163682074686520736b
:1061a8006869656c640000005769666920736f66ea
:1061b800742072657365740076332e312e350000b5
:1061c8000a437269746963616c206572726f722028
:1061d80062463a2025640a0064656275670000001b
:1061e800616e616c6f6700006469676974616c0057
:1061f8006d61726b65720000424c4500313630307b
:1062080030000000383030300000000034303030ca
:1062180000000000323030300000000031303030f3
:086228000000000035303000d9
:020000040000fa
:020000041d00dd
:10623000214080000098a97c0055ae7cc22f05004b
:106240000c00c0112150a000ff0702242100c25100
:10625000252024011000023c25482201c0480900e5
:106260004217040025482201c0400400b318400b27
:1062700001fcce25251024011c00405021480000bf
:106280000300201520702e7120708e702000ce2506
:106290002800c22909004050d8ffc925f8ffc825a9
:1062a000044809012800022423104e00061044006f
:1062b00025484900b118400b04400401044824015a
:1062c000214000000dfc022423704e00bd18400b3d
:1062d000211800000a4804000a40040002000324b8
:1062e00003000224bd18400b0b184400214000009d
:1062f000010003242158c0000098e27c0055ed7c89
:106300000c00a011c23f0700ff0704242100a45184
:10631000253046001000043c25104400c010020047
:10632000425f060025104b00c0580600e318400be2
:1063300001fcad25252046001c00805021100000e6
:106340000300401420684d702068cd702000ad25fa
:106350002800a42909008050d8ffa225f8ffab250a
:10636000041062012800042423208d0006208600ea
:1063700025108200e118400b045866010410460005
:10638000215800000dfc042423688d00ed18400bfb
:10639000212000000a1006000a580600020004240a
:1063a00003000f24ed18400b0b20e60121580000dc
:1063b000010004248030030025308600ffffc6243e
:1063c0000f00cf2c1700e0112628e50080300600d2
:1063d000009d0d3ce863ad252130a6010000c68c70
:1063e0000800c000000000007868009db468009daf
:1063f0002467009db468009d8068009db468009d7e
:106400002467009d7868009d7868009d8068009de5
:106410002467009d3467009d3467009d3467009dac
:106420000867009d2b184900060060142360cd0109
:106430000a002255ffff8c252b18680107006050c9
:10644000ffff8c2542200800c01f0900c05708002c
:10645000254083001819400b4248090021500000d4
:1064600002260b00001202002520820000320b00e1
:10647000025c0400ffff8d301b002b01f401600162
:10648000101800001248000002102d71001c0300bb
:10649000023c0800251867002b3862000a00e01053
:1064a00021702001211864002b3864000600e014dc
:1064b000ffff2e252b3862000400e05023186200f5
:1064c000feff2e2521186400231862001b006b00bc
:1064d000f4016001101000001218000002386d7005
:1064e00000140200ffff0831254048002b48070137
:1064f0000a00201121106000214004012b480401f2
:1065000006002015ffff62242b48070104002051dc
:1065100023380701feff62242140040123380701cc
:1065200000440e002540480019000601121000002a
:10653000101800002b48e3000600201521706000b1
:106540001c006714214800012b7842011a00e05119
:1065500023704201215046012b78460121c0e401fd
:106560002138f8002bc0870005000017ffff092520
:106570001100e454237042010f00e05523704201e2
:106580002b78e3000700e055feff09250a00c71538
:10659000237042012b7042010600c0512138600077
:1065a000feff0925215046012b40460121400401f0
:1065b0002138e800237042012338e3002b504e01bc
:1065c0002338ea00c900e410ffff08241b00eb0099
:1065d000f4016001101800001250000002104d710b
:1065e000001c030002440e00251868002b406200c6
:1065f0000a00001121384001211864002b4064007a
:1066000006000015ffff47252b40620004000051e3
:1066100023106200feff472521186400231062004a
:106620001b004b00f4016001101000001258000024
:1066300002506d7100140200ffffce3125104e0094
:106640002b184a000a00601021406001211044000c
:106650002b18440006006014ffff68252b184a0021
:106660000400605023504a00feff682521104400ba
:1066700023504a00003c0700253807011900e600b6
:106680001210000010180000216860002b704301f8
:106690000500c0151258000019006a542140e0009e
:1066a0009000405021300000215044012b704401e3
:1066b0000f00c015ffffe8242b7043010700c055f1
:1066c000feffe8248b00aa55213800012b10c200e0
:1066d0008400405021380001feffe82440100600ed
:1066e0002b3046002120c4002150440121304000bd
:1066f0007e004d55010008351700cb502150a000f9
:106700003b1a400b01000835251049000800033ce6
:10671000241043005f0040500090297d221a400b56
:10672000ffff69242150e000214840002140600122
:1067300021188000020002246400625021480000f9
:1067400003000224530062500090297d01000224be
:106750005a00625021480000ff03822517004018ac
:1067600007000331090060100006237d0f0004318b
:106770000400032404008310040003252b40680058
:1067800021482801214060000006237d040060109c
:10679000ff07432804c6097c00048225ff0743281d
:1067a0004a00605021480000c2400800401f090014
:1067b000254068003f1a400bc248090002fc022431
:1067c00023104c00390043283c0060502148000051
:1067d000200043280a006010e2fb03241e048c25dd
:1067e00006204800041889012518830004608801e8
:1067f0002b600c0025406c000c1a400b0648490029
:1068000023186c00200004240400441006186900ba
:106810003e048c25081a400b0448890121480000d9
:10682000254028012b400800254003012148000095
:106830000700023109004010c005227d0f0003311e
:106840000400022404006210040002252b404800ca
:106850002148280121404000c005227d1e004054ef
:1068600021480000c24008004017090025404800a8
:10687000301a400bc2480900321a400b2150a000c8
:106880000700093cffff2935ffff082421500000c5
:106890000090297d2518280118006014ff070224a4
:1068a0000700093cffff2935ffff08243f1a400b72
:1068b000215000002150a00021480000214000008c
:1068c0003f1a400b21100000214800002140000029
:1068d0003f1a400bff070224214000003f1a400be3
:1068e00001000224be19400b2140e000d619400be4
:1068f0002150a000c019400b2140e00021180000e9
:106900000498237d04f5437cc4ff437d0800e00325
:046910002110000151
:020000040000fa
:020000041d00dd
:10691400c0ffbd273c00bfaf3800beaf3400b7afe7
:106924003000b6af2c00b5af2800b4af2400b3af2d
:106934002000b2af1c00b1af1800b0af0b00b124ff
:106944001700222e06004014219880000410117ca8
:10695400050023062b2825025d1a400b0c00022497
:10696400100011242b2825020300a0100c0002247f
:10697400d11b400b000062aeae5a400f21206002d2
:10698400f801222e00a0103c10004010d01c10264c
:10699400211011020c00528c05004216c22811006d
:1069a400080042261400528e380042120200a52428
:1069b4000400428e0408027c0c00438e0800448ebe
:1069c4000c0083acbd1a400b080064ac42121100e9
:1069d400180040103f0005240500432c04006010fb
:1069e4001500432c822911008e1a400b3800a5246f
:1069f400100060145b0045245500432c0400601013
:106a04005501432c022b11008e1a400b6e00a52455
:106a1400040060105505422cc22b11008e1a400b45
:106a24007700a524030040107e000524822c110069
:106a34007c00a524c0100500211002020c00528c19
:106a4400120042520100a5240400438e0408037c72
:106a540023207100100086280300c01400000000e9
:106a6400a31a400bffffa524f5ff82040c00528eed
:106a74000c00428e0800448e0c0082ac080044ac2a
:106a8400be1a400b211043020100a5241000128eef
:106a940000a0043cd81c84245a004412831005002e
:106aa4000400428e0408027c23185100100066285a
:106ab4000d00c054140004ae2110510201003136ff
:106ac400040051ae140002ae100002ae0c0044ac3f
:106ad400080044ac01006434040044ac21104300b9
:106ae400d91b400b000043ac06006004100004ae48
:106af400211042020400438c01006334d91b400b73
:106b0400040043ac0002432c0c006010423202002b
:106b1400c210020083180200010006240418660053
:106b24000400068e25186600040003aec01002009f
:106b340021100202fd1a400b0800438c0500c32cef
:106b4400040060101500c32c82310200e81a400bc7
:106b54003800c624030060105500c32ce81a400b0b
:106b64005b00c624040060105501c32c02330200ec
:106b7400e81a400b6e00c624040060105505c32caf
:106b8400c2330200e81a400b7700c62403006010e9
:106b94007e000624823402007c00c624c03806002d
:106ba400213807020800e38c0c0067540400668c4b
:106bb40083300600010002240430c2000400028e67
:106bc4002530c200040006aefd1a400b21106000ff
:106bd400070067500c00628c0400668c0408067c75
:106be4002b304600faffc0540800638c0c00628c02
:106bf4000c0042ae080043ae080052ac0c0072ac6c
:106c04008310050001000324041843000400028ecd
:106c14002b3043004d00c0540800148e2430620011
:106c24000700c054c01005000408057c4018030088
:106c340024306200fdffc0100400a524c01005002c
:106c440021100202214040002138a0000c00128dc6
:106c5400220048520100e7240400498e0408097cfc
:106c6400233031011000ca28110040150000000033
:106c74002110510201003136040051ae0c00438e44
:106c84000800458e0c00a3ac080065ac140002aeed
:106c9400100002ae0c0044ac080044ac0100c33444
:106ca400040043ac21104600d91b400b000046ac45
:106cb400e7ffc2040c00528e211049020400438ce9
:106cc40001006334040043ac0c00428e0800438e80
:106cd4000c0062acd91b400b080043ac0300e63047
:106ce400daffc014080008250300a6300600c0140b
:106cf400f8ff4624271003000400058e24104500e5
:106d0400461b400b040002ae0000428cf6ff461006
:106d1400ffffa524401803000400028e2b28430023
:106d24000a00a0540800148e070060102128e00017
:106d340024306200c2ffc054c01005000400a52422
:106d44004d1b400b401803000800148e0400958e60
:106d54000408157c2b10b102040040142318b1025e
:106d640010006228780040500800128e21f095022d
:106d740000a0023c4021568c00a0023c4421448cdb
:106d840021184000ffff02240300821421b03602c0
:106d9400691b400b1000d6268f00d6260430167cc3
:106da400212060022128c0023d55400f1000a3afee
:106db40021904000ffff0224550042121000a38fcf
:106dc4002b105e020400401000a0173c51009056a6
:106dd4000800028e00a0173cd820e28e2110c202c7
:106de40009005e16d820e2ae7f004432070080140a
:106df4004421648c0800028e21a8d5020100b53616
:106e0400ba1b400b040055ac4421648cffff0324df
:106e14000400835423f05e0200a0023c8c1b400b50
:106e2400442152ac21105e00d820e2ae0700433268
:106e34000400601021100000080002242310430005
:106e4400219042028000422421b056027f00d632b3
:106e540023b05600212060023d55400f2128c00276
:106e6400ffff032403004314d820e38e21104002c3
:106e740021b000002118c302d820e3ae080012aeee
:106e84002310520021b056000100d636150090128e
:106e9400040056ae1000a22e04004050f4ffb526a4
:106ea40001000224c51b400b040042ae0410157cf3
:106eb4000400828e010042302510a202040082ae3a
:106ec4002110950205000324040043ac1000b52ee4
:106ed4000400a016080043ac21206002ac26400f39
:106ee40008008526d820e28e00a0033c4821648c4b
:106ef4002b20820001008054482162ac00a0033c96
:106f04004c21648c2b208200010080544c2162ac03
:106f14000800028e0400428c0408027c23185100ed
:106f24002b105100040040140000000010006228df
:106f3400050040500800128eb05a400f2120600214
:106f4400dc1b400b2110000001002236040042ae7d
:106f540021885102080011ae01006334040023aefd
:106f6400b05a400f21206002080042263c00bf8f27
:106f74003800be8f3400b78f3000b68f2c00b58f29
:106f84002800b48f2400b38f2000b28f1c00b18f6f
:0c6f94001800b08f0800e0034000bd278b
:020000040000fa
:020000041d00dd
:106fa000c0ffbd273c00bfaf3800beaf3400b7af55
:106fb0003000b6af2c00b5af2800b4af2400b3af9b
:106fc0002000b2af1c00b1af1800b0af2180a0000c
:106fd000050000162128c000451a400f00000000df
:106fe0004c1d400b3c00bf8f21a88000ae5a400fc3
:106ff0001000a6affcff078efcff02242498e200dd
:107000001000a58f0b00b2241700422e060040147a
:10701000f8ff14260410127c050043062b104502cd
:107020000f1c400b0c000224100012242b104502f0
:10703000040040502a1072020c000224f21c400b83
:107040000000a2ae1d014010231072022110930215
:1070500000a01e3cd01cde270800c68f080046108a
:107060000400438cfeff08242420680021204400f3
:107070000400848c010084301e008054211800001c
:107080000408037c120046142120730010004826d7
:107090002a408800190000150100e73021a0920263
:1070a0000800d4af2320920001008434040084ae91
:1070b000fcff028e0100423025904202fcff12ae1e
:1070c000b05a400f2120a0024b1d400b211000029e
:1070d0002a409200090000150100e7300c00438ca3
:1070e0000800428c0c0043ac080062ac2e1d400b23
:1070f00021988000211000000100e730ac00e0146e
:1071000000000000f8ff118e238891020400368ee3
:107110000408167c7500401021b0d3023f004614cd
:1071200021b8c302100042262a10e2027000401467
:107130002a10d2020c00228e0800238e0c0062acb2
:10714000080043acfcff66262500c22c230040103b
:10715000080034261400c22c1900401421188002a3
:107160000000028e080022ae0400028e0c0022ae47
:107170001c00c22c040040500800028e1000232680
:10718000701c400b08001026100022ae0c00028e6e
:10719000140022ae240002240400c2501000028e0b
:1071a00018002326701c400b10001026180022ae79
:1071b000200023261400028e1c0022ae1800102688
:1071c0000000028e000062ac0400028e040062ac7b
:1071d0000800028e7a1c400b080062ac212080025d
:1071e0000b4f400f21280002211032020800c2afcd
:1071f00023b8f2020100f736040057ac0400228ed7
:107200000100423025904202040032aeb05a400fd5
:107210002120a0024b1d400b211080022a18f202ef
:10722000330060542a10d2020c00438c0800428cb8
:107230000c0043ac080062ac0c00228e0800238ec8
:107240000c0062ac080043acfcff66262500c22c93
:1072500022004010080024261400c22c19004014fb
:107260000000028e080022ae0400028e0c0022ae46
:107270001c00c22c040040500800028e100024267e
:10728000b01c400b08001026100022ae0c00028e2d
:10729000140022ae240002240400c2501000028e0a
:1072a00018002426b01c400b10001026180022ae37
:1072b000200024261400028e1c0022ae1800102686
:1072c0000000028e000082ac0400028e040082ac3a
:1072d0000800028eb91c400b080082ac0b4f400f17
:1072e00021280002e61c400b2198e0022a10d2025d
:1072f0002f004014fcff66260c00228e0800238e0f
:107300000c0062ac080043ac2500c22c24004010e5
:10731000080024261400c22c190040140000028e1c
:10732000080022ae0400028e0c0022ae1c00c22c0b
:10733000040040500800028e10002426df1c400b81
:1073400008001026100022ae0c00028e140022ae9f
:10735000240002240400c2501000028e18002426cb
:10736000df1c400b10001026180022ae200024263f
:107370001400028e1c0022ae180010260000028e9f
:10738000000082ac0400028e040082ac0800028e71
:10739000080082ac2198c0022e1d400b21a02002c3
:1073a0000b4f400f21280002e61c400b2198c00221
:1073b000451a400f2120a0020500401421884000fa
:1073c000b05a400f2120a0024b1d400b211000009d
:1073d000f8ff4324fcff028e0400027c211082028d
:1073e00005006214fcff6626fcff228e0408027c66
:1073f0002e1d400b219862022500c22c2500401052
:10740000212020021400c22c1a0040142110200256
:107410000000028e000022ae0400028e040022aea4
:107420001c00c22c040040500800028e08002226d6
:107430001e1d400b08000326080022ae0c00028e21
:107440000c0022ae240002240400c2501000028e60
:10745000100022261e1d400b10000326100022ae35
:1074600018002226180003261400048e1e1d400b4f
:10747000140024ae211800020000648c000044ac0b
:107480000400648c040044ac0800638c271d400b8e
:10749000080043ac0b4f400f212800022120a0021e
:1074a000ac26400f21280002b05a400f2120a00234
:1074b0004b1d400b21102002231072021000442c9f
:1074c000100080140400838e212892020100633092
:1074d00025904302040092ae010043340400a3aca3
:1074e0002110a2000400438c01006334040043ac6b
:1074f0002120a002ac26400f0800a524481d400b07
:10750000000000000100633025186302040083ae10
:10751000219893020400628e01004234040062ae9e
:10752000b05a400f2120a002080082263c00bf8fe5
:107530003800be8f3400b78f3000b68f2c00b58f67
:107540002800b48f2400b38f2000b28f1c00b18fad
:0c7550001800b08f0800e0034000bd27c9
:020000040000fa
:020000041d00dd
:10755c00e0ffbd271c00bfaf1800b2af1400b1afe5
:10756c001000b0af39828293360040102190800019
:10757c0000a0113cc40f3026bfff4426ff0084300e
:10758c002800822c1601401080200400009d023c33
:10759c00b0754224212044000000828c0800400079
:1075ac0000000000e476009dec79009dec79009dd4
:1075bc00ec79009dec79009dbc78009ddc78009df9
:1075cc00fc78009dec79009d1c79009d3c79009d18
:1075dc005c79009dec79009dec79009dec79009d27
:1075ec00ec79009dec79009dec79009d7c79009df7
:1075fc00ec79009dec79009dec79009dec79009d77
:10760c00ec79009dec79009dec79009dec79009d66
:10761c00ec79009dec79009dec79009dec79009d56
:10762c00ec79009d9879009dec79009dec79009d9a
:10763c00ec79009dec79009dec79009dec79009d36
:10764c00b479009d9c82842721280000e627400ff6
:10765c000200062400a0113c1a004014c40f30266e
:10766c00030002920f014010019d053c7482842797
:10767c009c828527682f400f01000624bfff401411
:10768c00bfff4426748284279c828527682f400f75
:10769c0021300000b9ff4014bfff442603000292c2
:1076ac00c8004010888a8427388282931c00bf8fc0
:1076bc001800b28f1400b18f1000b08f0800e003d7
:1076cc002000bd2703000292ef00401001000224ad
:1076dc009e1d400b398282a39a808293fa41032427
:1076ec001a006200f401400012100000dc8282af2c
:1076fc004c38400f000000004c828427da46400fc3
:10770c00748285274c8284278c8085270155400ff5
:10771c003a8282a3b48284274c8285278c80862768
:10772c00dc82878fc947400f403a0700060040149f
:10773c00b48284270300029254004010888a842764
:10774c00398280a3b4828427448285279540400fd8
:10775c0040828627050040140000000003000292be
:10776c0041004010888a8427398280a30d4c400f39
:10777c00000000004482858f4082868f9c82842783
:10778c00ffff0224a48082af808382275440400fe5
:10779c00488282af060040144482858f0300029217
:1077ac0028004010888a8427398280a34482858fe0
:1077bc00dc82868f5648400f9c82842793004014ad
:1077cc00010004240300029215004010888a8427cb
:1077dc00398280a3c40f2426a23a400f020005244c
:1077ec0038828393948180af908180afe8fd02341e
:1077fc008c8182af3c8280af010002249200621027
:10780c00e08280af03000292a8ff4054388282933a
:10781c005459400f21200002ae1d400b3882829338
:10782c00019d053cd74c400f7cbba52499808493cb
:10783c00f40005246b47400f21300000f81d400b6d
:10784c00398280a3019d053cd74c400f68bba52411
:10785c0099808493f40005246b47400f213000007d
:10786c00ee1d400b398280a3019d053c1555400f40
:10787c004cbba52499808493f40005246b47400fde
:10788c0021300000de1d400b398280a3019d053c98
:10789c001555400f34bba52499808493f40005241e
:1078ac006b47400f21300000d41d400b398280a360
:1078bc009a8082930100033cdc8b63341a006200d3
:1078cc00f401400012100000bf1d400bdc8282af9f
:1078dc009a8082930300033cb81763241a00620059
:1078ec00f401400012100000bf1d400bdc8282af7f
:1078fc009a8082930600033c702f63241a00620066
:10790c00f401400012100000bf1d400bdc8282af5e
:10791c009a8082930c00033ce05e63241a006200a0
:10792c00f401400012100000bf1d400bdc8282af3e
:10793c009a8082932500033ca01c63241a006200e9
:10794c00f401400012100000bf1d400bdc8282af1e
:10795c009a8082934a00033c403963241a006200e7
:10796c00f401400012100000bf1d400bdc8282affe
:10797c009a808293eec503341a006200f401400031
:10798c0012100000bf1d400bdc8282af9a808293e4
:10799c00000203241a006200f401400012100000df
:1079ac00bf1d400bdc8282af9a808293320003248d
:1079bc001a006200f401400012100000bf1d400bc1
:1079cc00dc8282af019d053cd74c400fd4baa52474
:1079dc005459400f21200002ae1d400b3882829377
:1079ec000300029231ff405438828293888a8427a4
:1079fc00019d053cd74c400f20bba5245459400f8a
:107a0c0021200002ae1d400b38828293010002241b
:107a1c004554400f388282a3c40f2426a23a400f4b
:107a2c000200052438828393948180af908180afcb
:107a3c00e8fd02348c8182af3c8280af01000224cd
:107a4c0070ff6214e08280af0300039218ff601491
:107a5c001c00bf8f888a8427019d053c1555400f5b
:107a6c008cbba524888a8427d74c400f8c80852713
:107a7c0098808493fa0005246b47400f010006247c
:107a8c00051e400b03000292888a8427019d053c49
:107a9c00d74c400fa8baa524010002249e1d400b10
:107aac00398282a364baa524d74c400f888a8427d4
:107abc00888a8427019d053cd74c400f8cbaa5249d
:087acc009f1d400b748284270a
:020000040000fa
:020000041d00dd
:107ad400211880000098a97c0055ad7cc22f0500b8
:107ae4000c00a0112178a000ff0702242100a2515c
:107af400252024011000083c25482801c04809001d
:107b04004217040025482201c0180400dc1e400b63
:107b140001fcad25251024011c0040502148000023
:107b24000300201520682d7120688d702000ad257c
:107b34002800a22909004050d8ffa925f8ffa32551
:107b4400044869002800082423400d01064004016c
:107b540025480901da1e400b041864000448240176
:107b6400211800000dfc022423684d00e61e400b82
:107b7400215000000a4804000a18040002000a24e4
:107b840003000224e61e400b0b50440021180000a1
:107b940001000a242110c0000098e87c0055ec7c08
:107ba4000c008011c23f0700ff0704242100845108
:107bb400253006011000023c25400201c0400800a7
:107bc4004217060025400201c01006000c1f400b9e
:107bd40001fc8c25251006011c00405021400000aa
:107be4000300001520600c712060cc7020008c25ef
:107bf4002800822909004050d8ff8825f8ff8225f3
:107c0400044048002800042423208c000620860019
:107c1400254088000a1f400b04104600044006015a
:107c2400211000000dfc042423608c00161f400b5f
:107c3400212000000a4006000a1006000200042465
:107c440003000e24161f400b0b20c6012110000058
:107c54000100042480300a0025308600ffffc6247a
:107c64000f00d82c190000132670e50080300600a0
:107c7400009d0c3c8c7c8c25213086010000c68c38
:107c84000800c00000000000b87d009db87d009d84
:107c9400b47d009dc47d009dc47d009dfc7e009d3f
:107ca400b47d009dc47d009dfc7e009dc47d009d2f
:107cb400b47d009dc87c009dc87c009dc87c009d4f
:107cc400987d009d711f400b2170a0002158ac01cc
:107cd400190043001230000010380000190003019d
:107ce40012200000102800001900490012100000a2
:107cf400101800001900090112400000104800008b
:107d04002138e4002b60e4002140a80021688801a8
:107d14002138e2002b50e2002120a30121108a0027
:107d24002b60ac012b400501254088012148090145
:107d34002b504a002b208300252044012148240194
:107d4400404a0900c21d020025482301401a0700c9
:107d5400251866002b180300c23d0700251867008c
:107d640040120200251862000006227d1e00401009
:107d7400ff03622501006b250100643042180300f3
:107d840025188300c0170900251862007a1f400bcc
:107d940042480900254009010800023c2440020130
:107da4005a0000112170e001c11f400bffff49245c
:107db4002170e0002148000121184000215080007a
:107dc400020002245a004251214800000300022408
:107dd4004f0042510090297d010002245700425176
:107de40021480000ff036225140040180700643096
:107df400090080100006247d0f006530040004246f
:107e04000400a410040065242b18a30021482301b6
:107e14002118a0000006247d04008010ff074428d8
:107e240004c6097c00046225ff07442840008050f2
:107e340021480000bb1f400bc218030002fc0824a9
:107e440023400b01390002293c0040502148000026
:107e5400200002290a004010e2fb02241e046b25c4
:107e640006200301041069012510820004586301ef
:107e74002b580b0025184b00ad1f400b0648090179
:107e840023104b00200004240400041106104900b0
:107e94003e046b25a91f400b0448690121480000da
:107ea400251823012b18030025186200214800001f
:107eb4000700623009004010c005227d0f006430c5
:107ec4000400022404008210040062242b184300de
:107ed4002148230121184000c005227d1a00405486
:107ee40021480000c2180300402709002518830018
:107ef400d51f400bc24809000700093cffff293584
:107f0400ffff0324217800002170e0010090297d07
:107f1400252023010e008014ff0702240700093cda
:107f2400ffff2935ffff0324d51f400b21700000fc
:107f340021180000d51f400bff0702242118000060
:107f4400d51f400b2110000021180000010002245d
:107f5400212000000498247d04f5447cc4ffc47de2
:0c7f6400211060000800e00321188000dc
:020000040000fa
:020000041d00dd
:107f7000d0ffbd272c00bfaf2800b0af58000224af
:107f80001400a21021808000d408828c0900432ca8
:107f90006f00601080100200009d033cb07f6324de
:107fa000211062000000428c080040000000000028
:107fb0005081009d2480009d9480009d7480009dd0
:107fc000b480009d5480009d3081009dd480009d30
:107fd000f480009dd408828c08004328ecff605098
:107fe0000900432c03008290d40880ac8e0880a046
:107ff00084004010ad0880a081878293110040105a
:1080000083878293100040502c00bf8f8087842785
:10801000009d053c8b3f400f785da5241220400b4e
:108020002c00bf8fceffa524ff00a5302800a32c75
:108030005e00601421100000ae0802a202000224bb
:10804000d40802ae2c00bf8f2800b08f0800e003d8
:108050003000bd27d0ffa524ff00a5300a00a22cc8
:10806000202c057c0a280200bd0805a21020400b28
:1080700006000224d0ffa524ff00a5300700a32c92
:108080004500601460000224bb0802a21020400bcf
:1080900004000224d0ffa524ff00a5300a00a22c72
:1080a000202c057c0a280200ba0805a21020400beb
:1080b00003000224d0ffa524ff00a5300a00a22c53
:1080c000202c057c0a280200bc0805a21020400bc9
:1080d00005000224d0ffa524ff00a5300a00a22c31
:1080e000202c057c0a280200bf0805a21020400ba6
:1080f00008000224580002246100a210030002922a
:1081000031004050009d053c81878293050040501e
:108110008e0800a283878293aa0040148087842758
:108120008e0800a2ad0800a21020400b010002241e
:10813000d0ffa524ff00a5300a00a22c202c057c2e
:108140000a280200be0805a21020400b07000224e6
:10815000030002923a00401081878293070040108a
:108160008387829306004050d40800ae808784271e
:10817000009d053c8b3f400fd85da524d40800ae80
:108180008e0800a2ad0800a22c00bf8f2800b08f7f
:108190000800e0033000bd27001105002014027c18
:1081a000bb0802a21020400b04000224019d023ce7
:1081b000f46342242128a2000000a280ae0802a29b
:1081c0001020400b02000224985ca5248554400f27
:1081d0002120000221200002009d053c8554400f13
:1081e000905da52421200002009d053c3551400fe3
:1081f0000c5ba5247c5a400f808784274920400bc4
:108200008e0800a2009d053c8554400f985ca52473
:1082100021200002009d053c8554400f685da52487
:1082200021200002009d053c3551400f0c5ba52428
:108230007c5a400f808784271220400b2c00bf8f70
:10824000009d053c985ca5248554400f2120000228
:1082500021200002009d053c8554400fc45da524eb
:1082600021200002009d053c3551400f0c5ba524e8
:108270007c5a400f808784276020400bd40800aed2
:108280000900032428004010d40803ae818782939c
:1082900005004050ae080582838782933a0040541f
:1082a000009d053cae080582bd080892be080392f9
:1082b00040100500c020050023108200211002029a
:1082c000ba080692bb080792bc080492400048a076
:1082d000410043a0bf080392ff00093141004890cc
:1082e0000100a5243d0046a03e0047a03f0044a059
:1082f000420043a01000a4af1400a9af1800a8af1b
:108300001c00a3af21200002ff00a530ff00c630f3
:108310000753400fff00e730d40800ae8e0800a2dc
:108320006220400bad0800a2009d053ca45ca52482
:108330008554400f2120000221200002009d053cb1
:108340008554400ff85da524ae0804820a00062477
:108350002000a527954c400f010084242120000215
:108360008554400f2128400021200002009d053c3b
:108370003551400f0c5ba5247c5a400f8087842721
:10838000aa20400bae0805820c5ea524013f400fd9
:10839000808784274554400f01000424ae080482de
:1083a0002000a5270a000624954c400f01008424d4
:1083b000212840008b3f400f80878427aa20400b54
:1083c000ae080582009d053c8b3f400fa45da524af
:0883d0004920400b8e0800a2b9
:020000040000fa
:020000041d00dd
:1083d800b0ffbd274c00bfaf4800beaf4400b7afe9
:1083e8004000b6af3c00b5af3800b4af3400b3af0f
:1083f8003000b2af2c00b1af2800b0af21f0800040
:1084080021a000001c00a0af1000a0af05000324ad
:108418001800a3af08001124080003242000a3af0c
:108428001400a3af21b800002120c0039e55400fbf
:10843800212820024554400f010004244b21400b01
:10844800010010241400a0a21800a38f2128e30221
:1084580021382002ff00a5305641400f2120c003db
:108468002120c00321302002aa39400f0d00052425
:10847800232072021000a38f2348e3022120c403a3
:108488000448300140008490ff0036312730160040
:108498003a00901024304600ff00c6300400a0a225
:1084a800213820022120c0035641400f0d00052429
:1084b8004554400f010004242120c0030e00052468
:1084c800aa39400f21302002232072022120c40340
:1084d8004000849027281600242845002400901086
:1084e800ff00a6302120c0030e0005245641400f8e
:1084f800213820024554400f0100042423907202c1
:108508002190d203420044920100e826ff0017316f
:10851800010084381400a38f2b10e3021e004010c2
:108528000aa0040240901700c09817002310720296
:108538002110c2033d0044903f0046903e00459004
:1085480041004290010084382530c5008000032492
:108558000b180400ff00c63021a8d703b9ff501438
:108568002530c3000800c6341421400b1400b0a203
:10857800251056003b21400bff0046302348e302fc
:1085880004483001ff00363125105600ff00463000
:108598002a21400b0400b0a21c00a38f0100632411
:1085a800020004242e0064141c00a3af3c008012b7
:1085b8001000a38f1400a38f1000a48f2a1083002b
:1085c8000f00401023b06400402004001000a38f67
:1085d800c030030040101600c0b016002330c4009d
:1085e8002338c2022130c6032110000001000524ef
:1085f8002120c20006004224fdff4714420085a046
:108608002120c00315000524200006245641400ff0
:1086180021382002080002242000a38f660062107f
:10862800030002242000a38f4900621001000224e5
:108638004c00bf8f4800be8f4400b78f4000b68ff4
:108648003c00b58f3800b48f3400b38f3000b28f40
:108658002c00b18f2800b08f0800e0035000bd2720
:108668001c00a38f69ff60501000a0af0100c293e7
:10867800efff4010080003241000a3affd000324ff
:108688001800a3af03001124030003242000a3afa4
:10869800100003241400a3af0c21400b080017247a
:1086a8001400a48f2a106400100040101400a38f37
:1086b8001000a48f23b06400402004001000a38f92
:1086c800c028030040101600c0b016002328a400dc
:1086d8002330c2022128c503211000002120a20056
:1086e80006004224fdff4614420080a02120c0035a
:1086f80015000524213000005641400f2138200282
:10870800080002242000a38f1e0062100300022428
:108718002000a38fc7ff62144c00bf8f0200c0a3c4
:108728004c00bf8f4800be8f4400b78f4000b68f03
:108738003c00b58f3800b48f3400b38f3000b28f4f
:108748002c00b18f2800b08f0800e0035000bd272f
:108758000200c2a34c00bf8f4800be8f4400b78ff1
:108768004000b68f3c00b58f3800b48f3400b38f0b
:108778003000b28f2c00b18f2800b08f0800e003c2
:108788005000bd270000c0a34c00bf8f4800be8f1b
:108798004400b78f4000b68f3c00b58f3800b48fc7
:1087a8003400b38f3000b28f2c00b18f2800b08f07
:1087b8000800e0035000bd27010002240000c2a306
:1087c8004c00bf8f4800be8f4400b78f4000b68f63
:1087d8003c00b58f3800b48f3400b38f3000b28faf
:1087e8002c00b18f2800b08f0800e0035000bd278f
:020000040000fa
:020000041d00dd
:1087f800c0ffbd273c00bfaf3800beaf3400b7afe5
:108808003000b6af2c00b5af2800b4af2400b3af2a
:108818002000b2af1c00b1af1800b0af0900a22c05
:10882800810040142180800001008290b400401033
:10883800fd00072403001124080013240300122458
:10884800100016242a1065027f0040140800032433
:1088580021b8600201001e242120000221282002e4
:108868001000a3af9e55400f1400a7af40a01700fb
:10887800010004244554400fc0a817002310b40277
:10888800211002023d0044903f0046903e00459072
:1088980041004290010084382530c500800005243d
:1088a8000b280400ff00c6302530c5000100042451
:1088b8001000a38f1400a78f8900441021b8170255
:1088c8001400e0a221286700ff00a530213820020b
:1088d8005641400f21200002212000020d000524ee
:1088e800aa39400f213020022318b40221180302ac
:1088f80040006390010004247e00645025105e004f
:1089080027301e00241046000400e0a2ff00463075
:108918000d000524213820025641400f2120000275
:108928004554400f01000424212000020e000524b4
:10893800aa39400f213020022318b402211803025b
:1089480040006490010003246800835025105e00f5
:1089580027f01e0024105e00ff005e302120000278
:108968000e0005242130c0035641400f2138200253
:108978004554400f010004242310b40221100202c0
:1089880042004290010003243a0043102a1876025c
:1089980016004054212000022a1076020d004010d3
:1089a80023b0d30240181300c02013004010160053
:1089b800c0b01600232083002340c20221200402f5
:1089c800211000002118820006004224fdff4814ef
:1089d800420060a0080002245b0042120300022447
:1089e8005300421221f00000212000021500052446
:1089f8002130c003213820023c00bf8f3800be8fd1
:108a08003400b78f3000b68f2c00b58f2800b48f94
:108a18002400b38f2000b28f1c00b18f1800b08fd4
:108a28005641400b4000bd270500072408001124cb
:108a38002198000008001224080016242a10650254
:108a480083ff4010211800002a10c50202004014bc
:108a5800ffffc326ffffa324ff006330231073002a
:108a680001001e2404f05e0021b860001822400bab
:108a7800ff00de3313006010080003242310d30224
:108a880040201300c028130040180200c010020044
:108a98002328a400233043002128050221100000c8
:108aa800010004242118a20006004224fdff4614f8
:108ab800420064a023a0b40221a0140242008292c2
:108ac800080003241c00431203000324b0ff4316cc
:108ad80020001e24010003246622400b020003a28a
:108ae8000800c6343322400b1400e2a25922400b7e
:108af800ff005e300400e3a24622400bff00463030
:108b08003c00bf8f3800be8f3400b78f3000b68f5f
:108b18002c00b58f2800b48f2400b38f2000b28fab
:108b28001c00b18f1800b08f0800e0034000bd277b
:108b38007c22400b020000a201000324000003a2d3
:108b48006622400b20001e24000000a27c22400b5d
:048b580021f0000008
:020000040000fa
:020000041d00dd
:108b5c00e0ffbd271c00bfaf1800b0af5a000224c5
:108b6c002e00a21021808000d808828c02000324e1
:108b7c0054004310030043281a006014030003241c
:108b8c004800431004000324380043145a00022404
:108b9c006900a21003000292980040108187829312
:108bac00090040508e0800a2838782930600405033
:108bbc008e0800a280878427009d053c8b3f400fc8
:108bcc003c5ea5248e0800a2ad0800a20100022480
:108bdc00d80802ae1c00bf8f1800b08f0800e0034d
:108bec002000bd270100032420004314ceffa52440
:108bfc00ff00a5302800a32c0500601021100000f8
:108c0c00019d023cf46342242128a2000000a280b2
:108c1c00ae0802a2f722400b02000224d808828c74
:108c2c0004004328d2ff605002000324030082900a
:108c3c00d80880ac8e0880a080004010ad0880a0c1
:108c4c0081878293e3ff401083878293e2ff405039
:108c5c001c00bf8f80878427009d053c8b3f400ff5
:108c6c00785da524f922400b1c00bf8f03000292f3
:108c7c0021004010818782930300401083878293e8
:108c8c001800401480878427d80800ae8e0800a2f4
:108c9c00ad0800a21c00bf8f1800b08f0800e003c5
:108cac002000bd27d0ffa524ff00a5300a00a22c70
:108cbc00202c057c0a280200bb0805a2f722400bd9
:108ccc0004000224d0ffa524ff00a5300a00a22c2a
:108cdc00202c057c0a280200ba0805a2f722400bba
:108cec0003000224009d053c8b3f400fd85da5245a
:108cfc002623400bd80800ae009d053c985ca524ab
:108d0c008554400f2120000221200002009d053ccb
:108d1c008554400fc45da52421200002009d053c14
:108d2c003551400f0c5ba5247c5a400f808784275b
:108d3c002623400bd80800ae050003241700401072
:108d4c00d80803ae8187829305004050ae08038299
:108d5c008387829348004054009d053cae080382f3
:108d6c00ba080592212000024010030021100202d3
:108d7c00eb0045a0bb080792ff00a630010065245c
:108d8c00ec0047a03553400fff00a530d80800aecb
:108d9c008e0800a22823400bad0800a2009d053cc4
:108dac00a45ca5248554400f212000022120000240
:108dbc00009d053c8554400f5c5ea524ae080482e2
:108dcc000a0006241000a527954c400f01008424ae
:108ddc00212000028554400f212840002120000250
:108dec00009d053c3551400f0c5ba5247c5a400f6f
:108dfc00808784275b23400bae080382009d053cd3
:108e0c00985ca5248554400f2120000221200002eb
:108e1c00009d053c8554400f285ea52421200002ae
:108e2c00009d053c3551400f0c5ba5247c5a400f2e
:108e3c0080878427f522400b8e0800a2009d053cfc
:108e4c008554400f985ca52421200002009d053c10
:108e5c008554400f685da52421200002009d053c2f
:108e6c003551400f0c5ba5247c5a400f808784271a
:108e7c00f922400b1c00bf8f705ea524013f400ff0
:108e8c00808784274554400f01000424ae080482d7
:108e9c001000a5270a000624954c400f01008424dd
:108eac00212840008b3f400f808784275b23400b99
:048ebc00ae08038277
:020000040000fa
:020000041d00dd
:108ec000c0ffbd273c00bfaf3800beaf3400b7af16
:108ed0003000b6af2c00b5af2800b4af2400b3af5c
:108ee0002000b2af1c00b1af1800b0af09008290f3
:108ef000010003240f0043102180800001000224a0
:108f0000040002ae3c00bf8f3800be8f3400b78f24
:108f10003000b68f2c00b58f2800b48f2400b38f9b
:108f20002000b28f1c00b18f1800b08f0800e00342
:108f30004000bd270800829002004330f0ff6050df
:108f40000100022421f0a00004004230090040107a
:108f50002190c0001000168e1c00058e0600c51260
:108f600000000000763e400f00000000e4ff4010cb
:108f7000010002241000168e340040521c00028ea4
:108f800021a8400210001424ff0f133cf8ff733691
:108f90002400048e42121600ff01d632040097907e
:108fa000fffff72624b85700ff00f7320900e0164c
:108fb0000c00058e0800c056000202244100a014d7
:108fc000000000002000058e4b00a01000000000f3
:108fd0000c0005ae0002022423885600ffff313248
:108fe0002b18b1024f0060541400838c1400868c3f
:108ff00010008390feffa52421b8e6020428650036
:109000004e00221621b8e502a480828f730057100b
:10901000ffff02247c83848f2128e0028e42400fd0
:109020002130c003b5ff40100002de2700021624e5
:109030001000028e23a8b102ffffb53221b0c20298
:10904000d3ffa016100016ae1c00028e2b10560087
:10905000640040107083828f080002921c0016aedc
:109060007f00423080004234080002a208004230f3
:10907000080040102110400209000292a0ff401099
:1090800001000224ca42400f212000029bff401031
:10909000211040023c00bf8f3800be8f3400b78fd4
:1090a0003000b68f2c00b58f2800b48f2400b38f0a
:1090b0002000b28f1c00b18f1800b08f0800e003b1
:1090c0004000bd27d044400f1000a6278eff40105f
:1090d0003c00bf8f2400048e1000a58ff8ff0234df
:1090e00020008390261874000b1063022b10a2003e
:1090f000b8ff40540c0005ae0152400f2120000281
:109100007eff4010000202242400048e23885600b3
:10911000ffff31322b18b102b4ff60100c00058e36
:109120001400838c10008290feffa52421b8e30276
:109130000428450021b8e5022188a0020600c016d7
:109140002120e0021000038e1c00028e2b10620012
:109150001400401000000000744c400f0100052472
:1091600066ff40108083822721b056002140d10243
:10917000afffc85221b020022110c0022118c00345
:1091800001006324ffff679001004224fcff4814a4
:10919000ffff47a023b0560021f0d6030c24400b5c
:1091a00021b020020d4c400f0000000053ff401082
:1091b00078838293a48097af01004234788382a39e
:1091c0008083822721b056002140d102ebffc816d0
:1091d0002110c0020c24400b21b020020524400bba
:1091e000a48082afa1ff4010080002929fff4012ae
:1091f000000000007f004230800042341b24400bfe
:04920000080002a2be
:020000040000fa
:020000041d00dd
:10920400c8ffbd273400bfaf3000beaf2c00b7afde
:109214002800b6af2400b5af2000b4af1c00b3af34
:109224001800b2af1400b1af1000b0af0900a22c07
:10923400610040142180800001008290a40040104d
:10924400fd001e2403001124080012240300162428
:1092540010000324080017242a1045025f0040145c
:109264000100152421200002212820024098120028
:109274009e55400fc0a01200231093022110020239
:109284003f0046903e004490219012021400439205
:109294002530c400010004246b006410ff00c630b4
:1092a400410040a02128fe0221200002ff00a53039
:1092b4005641400f213820020400429251004014cc
:1092c4002310930221100202400040a0212000023a
:1092d4000d000524aa39400f2130200223189302df
:1092e40021180302400063900100042453006450d9
:1092f400251055002730150024104600ff00463085
:10930400040040a20d000524213820025641400fdc
:10931400212000024554400f0100042421200002b2
:109324000e000524aa39400f21302002239893020d
:109334002198130240006492010003245c008350ce
:109344002510550027a8150024105500ff004630ad
:10935400212000020e0005245641400f213820022e
:109364004554400f01000424080002244e00c21298
:10937400030002243700c212213000002120000221
:1093840015000524213820023400bf8f3000be8f21
:109394002c00b78f2800b68f2400b58f2000b48f1f
:1093a4001c00b38f1800b28f1400b18f1000b08f5f
:1093b4005641400b3800bd2705001e240800112427
:1093c40021900000080016240800032421b800009e
:1093d4002a104502a3ff4010010015242a1065003d
:1093e40035004010ffffa524ffff7724ff00f7326c
:1093f4002390f20204a85502ff00b5329a24400bd0
:109404002190e0022110020201000324400043a045
:10941400212000020d000524aa39400f213020022a
:1094240023189302211803024000639001000424ce
:10943400b1ff64542730150025105500ff00463055
:10944400c224400b040043a2410043a0aa24400bc1
:109454000800c634020006920100c6382000022427
:10946400211800000a184600213060002120000263
:1094740015000524213820023400bf8f3000be8f30
:109484002c00b78f2800b68f2400b58f2000b48f2e
:109494001c00b38f1800b28f1400b18f1000b08f6e
:1094a4005641400b3800bd271725400b000006929b
:1094b400d524400bff004630ff00b7302390f20262
:1094c40004a85502ff00b5329a24400b2190e00213
:1094d4003400bf8f3000be8f2c00b78f2800b68faa
:1094e4002400b58f2000b48f1c00b38f1800b28ff6
:1094f4001400b18f1000b08f0800e0033800bd27be
:020000040000fa
:020000041d00dd
:10950400c0ffbd273c00bfaf3800b5af3400b4afd7
:109514003000b3af2c00b2af2800b1af2400b0af1d
:10952400219880002180a0002120c0001000a527e0
:10953400a645400f21a8e000270040102118000094
:109544002400038e2110000021900000240063ae4b
:10955400e50014240c0000ae100000ae1c00038ec5
:109564004019517c2b1043001500401021200002ab
:10957400f84d400f00000000660040500500022432
:10958400000043901e0060101000a4272128400012
:109594001b0074100b000624e557400f0000000068
:1095a400680040103000a3321000028e1c00038ead
:1095b4004019517c2b104300edff40142120000280
:1095c4001200a33212000224660062100200022478
:1095d400509f82a321180000211060003c00bf8f1f
:1095e4003800b58f3400b48f3000b38f2c00b28fa5
:1095f4002800b18f2400b08f0800e0034000bd278d
:109604000500401600000000180071a2a480838f9a
:10961400140063ae00004390e3ff601401001224c1
:109624001200a33212000224e9ff62140200022491
:109634001400648e744c400f01000524690040102e
:109644000c000224180062924011020080839027cb
:109654002180020221200002212800009c59400f91
:10966400200006241000a38f1400a28f030003aa75
:109674007083868f000003ba070002aa040002baae
:109684001800a293080002a21900a293090002a2e2
:109694001a00a2934900c0100a0002a21000042676
:1096a40009f8c0000e000526110005920f0004926f
:1096b400100003920e000292002a0500002204000a
:1096c4002518a30025108200ff006430021a03004d
:1096d400022a0200120004a2130003a2180004a22a
:1096e400190003a2160002a20d4c400f170005a298
:1096f4000800401005000224212060021800659231
:109704002130a0021240400f509f80a37725400bc8
:1097140021184000509f82a32118000021106000ee
:109724003c00bf8f3800b58f3400b48f3000b38f46
:109734002c00b28f2800b18f2400b08f0800e00302
:109744004000bd27300002241100621021282002ad
:10975400212060021240400f2130a0027725400be7
:1097640021184000b2ff40160200022409000392af
:109774000f0062100e0002249a47400f21200002bd
:1097840007004010808390279625400b180060a2a4
:1097940011000224509f82a37725400b211800005a
:1097a4001c000224509f82a37725400b211800003f
:1097b400509f82a37725400b21180000210002242a
:1097c400100002a228000224110002a20e0000a22e
:1097d400080002240f0002a200080224b325400b53
:1097e40021280324509f82a37725400b21180000d1
:020000040000fa
:020000041d00dd
:1097f400d0ffbd272c00bfaf2800b5af2400b4af05
:109804002000b3af1c00b2af1800b1af1400b0af6a
:1098140021808000b84d400f2190a0004401028ea9
:10982400c018020040210200232883002328a2003c
:1098340021280502cb03a6902d00c05023288300c5
:10984400cd03a6902a00c0542328830001000624d7
:10985400cc03a6a00400152401001324009d143c8d
:10986400c8619426019d113ca098312623288300c9
:109874002328a20021280502cd03a6901500c52c9b
:109884004900a01021384000802806002128250224
:109894000000a58c0800a00000000000289a009d8c
:1098a400149a009d2c99009d2c99009d2c99009d43
:1098b4002c99009d2c99009d2c99009d2c99009d1c
:1098c4002c99009d2c99009d2c99009d2c99009d0c
:1098d4002c99009d2c99009d2c99009d2c99009dfc
:1098e4002c99009d2c99009d2c99009d349a009de3
:1098f4002328a20021280502cc03a590d6ffa0149a
:10990400040015242c00bf8f2800b58f2400b48fc9
:109914002000b38f1c00b28f1800b18f1400b08fd9
:109924000800e0033000bd272318830023106200e1
:109934002110020221304600b703c5902120000205
:10994400b651400f000000004401028e21200000a7
:10995400c0180200402902002318a300231062004b
:1099640021100202cd03439001006324f056400ffe
:10997400cd0343a0ffffb526e3ffa0122c00bf8f49
:109984004401028ec01802004021020023288300f3
:109994002328a20021280502cd03a6901500c52c7a
:1099a400b9ffa01421384000a403028e05005350cf
:1099b40040888427a803028e06004014c0100700c4
:1099c40040888427bb57400f212880024401078e1a
:1099d400c010070040190700231062002338470015
:1099e400b803e724213807021500e0a01600e0a020
:1099f4001300e0a01400e0a04401028e0100422400
:109a0400320043280a1003005e26400b440102aed4
:109a14002318830023106200211002025026400bf9
:109a2400b8034590212000025126400b4100052433
:109a34003f00453221200002b651400fc000a5343a
:109a4400f056400f212000004401028ec01802008d
:109a5400402102002318830023106200b80342242b
:109a640021100202150040a0160040a0130040a0df
:109a7400140040a04401028e010042243200432815
:109a84000a100300440102ae2c00bf8f2800b58fda
:109a94002400b48f2000b38f1c00b28f1800b18f44
:0c9aa4001400b08f0800e0033000bd2764
:020000040000fa
:020000041d00dd
:109ab000e0ffbd271c00bfaf1800b1af1400b0af6e
:109ac0009400a0102188a000ae5a400f2180800091
:109ad000f8ff2226fcff288efeff04242418040130
:109ae000213843000400e48c0408047c00a0063cf8
:109af000d01cc6240800c58c1900e51401000831eb
:109b00000800001521188300f8ff248e231044005c
:109b1000211864000c00448c0800458c0c00a4ac97
:109b2000080085ac01006434040044ac0800c2acf9
:109b300000a0023c3c21448c2b18640004006014fb
:109b40002120000200a0023c463f400f4021458cee
:109b5000b05a400f212000024627400b1c00bf8f47
:109b60000400e4ac0c00001521280000f8ff288e4a
:109b700023104800211868000800488c00a0093c08
:109b8000d81c292504000951010005240c00498c2a
:109b90000c0009ad080028ad2140e4000400088d48
:109ba00001000831120000550100643421186400de
:109bb0000b00a0140800e48c00a0083cd81c082569
:109bc000080088540c00e78c1400c2ac1000c2ac32
:109bd0000c0044ac080044acfb26400b01000524fb
:109be0000c00e78c0c0087ac0800e4ac0100643486
:109bf000040044ac21204300d5ffa014000083ac36
:109c00000002642c10008010422a0300c2180300d6
:109c10008320030001000524042085000400c58c76
:109c2000252085000400c4acc01803002130c30007
:109c30000800c38c0c0046ac080043ac0800c2ac62
:109c4000d426400b0c0062ac0500a42c040080104c
:109c50001500a42c822903002a27400b3800a524d4
:109c6000030080105500a42c2a27400b5b00a5247c
:109c7000040080105501a42c022b03002a27400b5e
:109c80006e00a524040080105505a42cc22b0300ef
:109c90002a27400b7700a524030080107e000524ae
:109ca000822c03007c00a524c02005002120c400d4
:109cb0000800878c0300e450832805003a27400bf6
:109cc0002128e000010003240428a3000400c38c21
:109cd0002528a3000400c5ac4027400b2128e00044
:109ce0000700a4500c00a78c0400a68c0408067c76
:109cf0002b306600faffc0540800a58c0c00a78c1e
:109d00000c0047ac080045ac0800e2acd426400b80
:109d10000c00a2ac1c00bf8f1800b18f1400b08fd4
:089d20000800e0032000bd274c
:020000040000fa
:020000041d00dd
:109d2800b8ffbd274400bfaf4000beaf3c00b7af8f
:109d38003800b6af3400b5af3000b4af2c00b3afc5
:109d48002800b2af2400b1af2000b0af21b080002e
:109d580009008290790040105000a6af0800839057
:109d68000100633076006050ffff022421a8a000a4
:109d78001c00838c10009e8c23187e005000a58f39
:109d88002b206500ffff63300b2864005d00a010e6
:109d98005000a5af5000b78f020011240c00c32655
:109da8001800a3af00021024808392270100132417
:109db80038005110ff01d4332400c48e423a1e00eb
:109dc80004008290ffff42242438e2006e008016cf
:109dd800ff00e7300500e0540c00c28e6400c05755
:109de8000c00c58e2000c28e0c00c2ae1400868cfa
:109df80010008590feff42242138e6000410a200de
:109e08002120e2000800c592231014022af057000e
:109e1800ffff42304000a5300a10fe022900a014be
:109e280021f0400028005010a480828f744c400f0d
:109e38002128000041004010212854022120be00a2
:109e48000b00a4102110a0002118a0020100422438
:109e5800ffff489001006324fcff4414ffff68a043
:109e68000100a524232865022110450021a8a2028b
:109e78001000c28e23b8fe02fffff73221f0c203a2
:109e88002000e0121000deae0900c292caff511491
:109e9800ff01d4332400c28e42221e002400428ccb
:109ea800212082000800c592231014022af05700ce
:109eb800ffff42304000a5300a10fe02d9ffa01073
:109ec80021f04000a480828fd8ff821021288000d2
:109ed8001000b5af7c83848f213080023231400f6f
:109ee8002138c0031500401021a8be021000c28e00
:109ef80023b8fe02fffff73221f0c203e2ffe016ab
:109f08001000deae5000a38f2016037c4400bf8fe4
:109f18004000be8f3c00b78f3800b68f3400b58f35
:109f28003000b48f2c00b38f2800b28f2400b18f7b
:109f38002000b08f0800e0034800bd27ffff02247f
:109f48004400bf8f4000be8f3c00b78f3800b68feb
:109f58003400b58f3000b48f2c00b38f2800b28f37
:109f68002400b18f2000b08f0800e0034800bd270f
:109f78001800a68fd044400f1c00a7afefff401079
:109f88001c00a78f2400c48e7d27400b0c00c28eb6
:020000040000fa
:020000041d00dd
:109f9800d8ffbd272400bfaf2000b3af1c00b2af6d
:109fa8001800b1af1400b0af218880001400848c71
:109fb8006b008010100026a20000828c0800428ce2
:109fc8000100053c09f8400048e8a5341000249237
:109fd800010005245035400f1e0010241000249263
:109fe800b543400f010005240c0020a20a0020a25e
:109ff800060020a28b5a400f050020a2219840009d
:10a0080010002492b543400f0100052421202002ae
:10a018004550400fff000524ffff1026ff001032b7
:10a02800fbff00162120200210002492b543400fa8
:10a038002128000021202002212800005142400f41
:10a048002130000021904000010003240c0043103f
:10a058000b0022a210002492b543400f01000524f2
:10a06800211000022400bf8f2000b38f1c00b28f84
:10a078001800b18f1400b08f0800e0032800bd2736
:10a0880021202002080005245142400faa0106247d
:10a09800040042300d0040540c0032a20400122487
:10a0a800e750400f21202002ffff5226ff005232c6
:10a0b800fbff40160b0022a2aa0003243500431020
:10a0c800020002241728400b050022a2219000005c
:10a0d8003f28400bffff73328b5a400f00000000ef
:10a0e800ffff423023105300d107422827004010b9
:10a0f8000800022437000524213000005142400f97
:10a108002120200221202002290005245142400f4d
:10a1180021304002f0ff40140b0022a20c002392d1
:10a12800020002241e006210212020021000249246
:10a13800b543400f010005241400248ec8ff801089
:10a14800010010240000828c0800428c3101053c7b
:10a1580009f84000002da5241b28400b21100002ff
:10a168000d0024925035400f010005240e00249262
:10a178005035400f212800000f0024925035400f21
:10a1880001000524f627400b100024921728400be5
:10a19800050022a20c0022a23628400b0040123ce7
:10a1a8003a0005245142400f2130000003004010be
:10a1b800060002241728400b050022a2e750400f92
:10a1c80021202002c0004230c000032402004314b2
:10a1d800030002240c0022a2e750400f2120200295
:10a1e800e750400f21202002e750400f2120200295
:08a1f8004e28400b10002492d8
:020000040000fa
:020000041d00dd
:10a20000d8ffbd272400bfaf2000b3af1c00b2af02
:10a210001800b1af1400b0af388282931a00401416
:10a2200000a0103cc40f1026030003920800601029
:10a23000211000002400bf8f2000b38f1c00b28fbc
:10a240001800b18f1400b08f0800e0032800bd276c
:10a25000019d053c4cbaa524d74c400f888a842721
:10a260005459400f21200002388282932400bf8f6e
:10a270002000b38f1c00b28f1800b18f1400b08f74
:10a280000800e0032800bd2700a0123c02000524be
:10a290003537400fc40f4426f84c400f9c8284276a
:10a2a000ed54400fb4828427c40f502621200002b1
:10a2b000a23a400f0200052403000392388280a3d3
:10a2c000dcff601421100000019d053cd0b9a524dd
:10a2d0001555400f888a84275958400f21200002c5
:10a2e000212840001555400f888a8427888a8427b2
:10a2f000019d053cd74c400fe0b9a524888a8427ee
:10a30000019d053c1555400fe4b9a5248881858f32
:10a310000a000624035a400f888a8427888a8427e3
:10a32000019d053cd74c400ffcb9a524888a8427a1
:10a33000019d053c1555400f00baa5249081858fdd
:10a340000a000624888a8427035a400f019d103c86
:10a35000888a8427d74c400f14ba0526888a842718
:10a36000019d053c1555400f18baa5248c81858f99
:10a370000a000624035a400f888a8427888a842783
:10a38000d74c400f14ba0526888a8427019d053cc6
:10a390001555400f2cbaa5249481858f888a84276f
:10a3a000035a400f0a0006249a54400f888a8427d3
:10a3b0009481828f0b0040141500432c5459400f98
:10a3c000c40f4426388282932400bf8f2000b38fad
:10a3d0001c00b28f1800b18f1400b08f0800e0038a
:10a3e0002800bd27140013240b984300888a842773
:10a3f000019d053c38baa524ff007332d74c400fad
:10a4000098819027218800000000058e0a0006240c
:10a41000035a400f888a8427888a84276d5a400f00
:10a420002c0005240400058e888a84278f57400f4e
:10a430000a00062401003126ff0031322b103302be
:10a44000f1ff401408001026ef28400b0000000028
:020000040000fa
:020000041d00dd
:10a450000000043c000084240000023c030042246d
:10a46000231044000700422c0a0040140000023c64
:10a47000000042240700401000000000e8ffbd2754
:10a480001400bfaf09f84000000000001400bf8fa7
:10a490001800bd270800e003000000000000043c95
:10a4a000000084240000053c0000a5242328a4000b
:10a4b00083280500c2170500212845004328050010
:10a4c0000a00a0100000023c0000422407004010d7
:10a4d00000000000e8ffbd271400bfaf09f84000ee
:10a4e000000000001400bf8f1800bd270800e00323
:10a4f0000000000000a0023c0021439038006014de
:10a50000009d033cd8ffbd272400bfaf2000b3afa0
:10a510001c00b2af1800b1af1400b0af21884000ea
:10a52000a8126324009d123cac12522623904302d1
:10a5300083901200ffff52262198600000a0103c7b
:10a540000421038e2b1072000900401001006324c7
:10a55000042103ae80180300211863020000628cfe
:10a5600009f84000000000005129400b0421038e2f
:10a570001429400f000000000000023c00004224ab
:10a58000080040100000023c0000442406008050f7
:10a590000000023c000042800200422806004010f9
:10a5a000000000000000023c0000422404004010b3
:10a5b0000000043c000084240000000c00000000a7
:10a5c00001000224002122a22400bf8f2000b38fab
:10a5d0001c00b28f1800b18f1400b08f2800bd2767
:10a5e0000800e00300000000e8ffbd270000023c77
:10a5f00000004224100040101400bfaf0000023cd5
:10a60000000044240d0080500000023c0000428005
:10a61000020042280800401400a0053c0821a5249f
:10a620002130000001a0073c0000000c0082e7245c
:10a630009a29400b0000043c0000023c0000422428
:10a64000080040100000043c0000842400a0053ce9
:10a650000821a5242130000001a0073c0000000cc7
:10a660000082e7240000043c0000828c06004010b9
:10a670000000023c000042240300401000000000e3
:10a6800009f84000000084242729400f0000000042
:0ca690001400bf8f0800e0031800bd2775
:020000040000fa
:020000041d00dd
:10a69c00d0ffbd272c00bfaf2800b2af2400b1af54
:10a6ac002000b0af3c82838f7880822788808627f9
:10a6bc0000004490010042244882858f2118a30099
:10a6cc00000064a03c82838f01006324f8ff4614d1
:10a6dc003c8283af00a0043c5958400fc40f842423
:10a6ec00212840009153400f1000a4270a5a400f14
:10a6fc001000a4272120400004000524433b400ff8
:10a70c00213000003c82838f648082271100462414
:10a71c0000004490010042244882858f2118a30038
:10a72c00000064a03c82838f01006324f8ff461470
:10a73c003c8283af8881848f07000524433b400f04
:10a74c00213000003c82838f4c80822760808627da
:10a75c0000004490010042244882858f2118a300f8
:10a76c00000064a03c82838f01006324f8ff461430
:10a77c003c8283af8c81848f07000524433b400fc0
:10a78c00213000003c82838f3480822748808627ca
:10a79c0000004490010042244882858f2118a300b8
:10a7ac00000064a03c82838f01006324f8ff4614f0
:10a7bc003c8283af9081848f07000524433b400f7c
:10a7cc00213000003c82838f2c80822733808627a7
:10a7dc0000004490010042244882858f2118a30078
:10a7ec00000064a03c82838f01006324f8ff4614b0
:10a7fc003c8283af9481848f07000524433b400f38
:10a80c00213000003c82838f208082272b8086277a
:10a81c0000004490010042244882858f2118a30037
:10a82c00000064a03c82838f01006324f8ff46146f
:10a83c003c8283af9481848f1500801021106000be
:10a84c00140012241500822c0b908200ff0052324f
:10a85c0098819027218800000000048e07000524b1
:10a86c00433b400f010006240400048e070005241e
:10a87c00433b400f2130000001003126ff003132f4
:10a88c002b103202f4ff4014080010263c82828ff9
:10a89c000002432806006010000204244882838fc3
:10a8ac002118620001004224fcff4414000060a047
:10a8bc003959400f00000000a25a400f1000a42785
:10a8cc002c00bf8f2800b28f2400b18f2000b08fd6
:08a8dc000800e0033000bd2775
:020000040000fa
:020000041d00dd
:10a8e400e8ffbd271400bfaf1000b0af7e00022404
:10a8f4002400a21021808000d0ffa5240a00a22ced
:10a904001200405003008290ff00a5300700a22ce3
:10a914003f004014000000000300829067004010d4
:10a924008187829303004010838782936a00405496
:10a93400009d053c8e0800a2ad0800a21400bf8f44
:10a944001000b08f0800e0031800bd27510040102c
:10a9540081878293f7ff401083878293f6ff4050ec
:10a964008e0800a280878427009d053c8b3f400f02
:10a97400185fa5244554400f010004244f2a400bbe
:10a984008e0800a2009d053ca45ca5248554400fbc
:10a994000000000021200002009d053c8554400f6a
:10a9a4008c5ea524b003028e0600432c4000601088
:10a9b40080100200019d033ccc68632421104300f5
:10a9c4000000458c8554400f212000022120000204
:10a9d400009d053c9c5ea5248554400f00000000aa
:10a9e40021200002009d053c3551400f0c5ba5243d
:10a9f4007c5a400f808784278e0800a2ad0800a2ed
:10aa04001400bf8f1000b08f0800e0031800bd27aa
:10aa1400c152400f000000000300029239004010b0
:10aa240081878293c3ff401083878293c2ff405083
:10aa34008e0800a280878427009d053c013f400fbb
:10aa4400a05ea5244554400f01000424b003028ee7
:10aa54000600432c2f00601080100200019d033c6f
:10aa6400cc686324211043000000458c013f400f53
:10aa7400808784274554400f01000424808784275d
:10aa8400009d053c8b3f400f9c5ea5244f2a400b44
:10aa94008e0800a2009d053c8554400f985ca524b7
:10aaa40021200002009d053c772a400b005fa5246d
:10aab400009d053c722a400bf05aa524009d053cdc
:10aac4008554400f985ca52421200002009d053c7c
:10aad400772a400bbc5ea524d85ea524013f400f15
:10aae400808784274554400f0100042480878427ed
:10aaf400009d053c8b3f400ff05ea5244f2a400b80
:10ab04008e0800a2009d053ca45ca524642a400b89
:10ab140021200002009d053c9c2a400bf05aa524ec
:020000040000fa
:020000041d00dd
:10ab240000e85d4100701b4002601a4060ffbd27d1
:10ab34009c00bbaf00601b409800baaf00681a408d
:10ab44009400bbaf82d21a00847a5b7f44201b7cc2
:10ab540000609b402400a3af2000a2af9800a38f05
:10ab64000f0063301a006014000000008400bfafbf
:10ab74008000beaf7c00b9af7800b8af7400b7af47
:10ab84007000b6af6c00b5af6800b4af6400b3af8b
:10ab94006000b2af5c00b1af5800b0af5400afafcb
:10aba4005000aeaf4c00adaf4800acaf4400abaf0b
:10abb4004000aaaf3c00a9af3800a8af3400a7af4b
:10abc4003000a6af2c00a5af2800a4af1c00a1af95
:10abd400121000008c00a2af101800008800a3af70
:10abe400004802401000a2af908d978f21a0400032
:10abf4005c81962723b8570088bf153c03001e24a8
:10ac04005c81922721800000ffff1124c09810006e
:10ac14002198d3020400438e01001026090060101d
:10ac2400080052260000658e908d828f2310a200aa
:10ac34002b28e2024000a010000000002b18510055
:10ac44000b884300f2ff1e56c0981000908d828f2f
:10ac54002110220200588240010002243410a2aec6
:10ac640000481440908d978f23b897022b88f102e7
:10ac7400e4ff20525c8192271000a28f908d82af56
:10ac84008c00a28f130040008800a38f1100600085
:10ac94009800a28f0f0042301c00401400000000f6
:10aca4008400bf8f8000be8f7c00b98f7800b88f7e
:10acb4007400b78f7000b68f6c00b58f6800b48fc6
:10acc4006400b38f6000b28f5c00b18f5800b08f06
:10acd4005400af8f5000ae8f4c00ad8f4800ac8f46
:10ace4004400ab8f4000aa8f3c00a98f3800a88f86
:10acf4003400a78f3000a68f2c00a58f2800a48fc6
:10ad04002400a38f2000a28f1c00a18f006060414b
:10ad1400c00000009c00ba8f9400bb8f00709a4062
:10ad24009800ba8fa000bd2702609a4000e8dd4178
:10ad340000609b401800004209f860002120800256
:10ad4400000062ae0000638e908d828f231062003b
:0cad54002b185100122b400b0b88430001
:020000040000fa
:020000041d00dd
:10ad6000d0ffbd272c00bfaf2800b6af2400b5af81
:10ad70002000b4af1c00b3af1800b2af1400b1afe5
:10ad80001000b0af21908000010082904f0040146d
:10ad900021b0a000a403838c050002244c00625063
:10ada0008d084292212040023537400f08000524cb
:10adb0004808542603001024212080020058400f28
:10adc00021280000c408438eff004230ffff1026f8
:10add000001a030025184300f7ff0016c40843ae0d
:10ade0002188400218001524030013262120800228
:10adf0000058400f2128000021185002250062a0b1
:10ae00004801238eff00423001001026001a030083
:10ae100025184300f5ff7016480123ae218060021b
:10ae2000f1ff75160400312621204002a23a400f9e
:10ae30000800052421104002080004248000083c7a
:10ae4000962b400b00ff073c480146acffff8424d3
:10ae50000a008010040042244801438c2428680022
:10ae600025306700f8ffa01400b8637c480143acac
:10ae7000ffff8424f8ff8014040042240100429262
:10ae80001f0040548d084292a403438e0500022403
:10ae90001b0062108d084292010003240100435000
:10aea0008d0840a22c00bf8f2800b68f2400b58fdc
:10aeb0002000b48f1c00b38f1800b28f1400b18f24
:10aec0001000b08f0800e0033000bd278d084292cb
:10aed000b5ff401421204002b3ffc01221104002f0
:10aee000080003244801448cffff6324040042242b
:10aef000fcff6014040244ac6a2b400b212040028a
:10af0000e6ff401401000324e7ffc0122c00bf8fae
:10af100021104002080003240802458c4801448c9b
:10af2000ffff6324040042242120a400c22f040058
:10af30002120a40043200400f7ff6014c40244aca5
:10af4000211040022000072421204302c802848ce3
:10af5000040063240300422403340400032a040091
:10af6000080146a0090145a0f7ff67140a0144a0a3
:10af70002c00bf8f2800b68f2400b58f2000b48f1f
:10af80001c00b38f1800b28f1400b18f1000b08f67
:08af90000800e0033000bd27ba
:020000040000fa
:020000041d00dd
:10af9800d0ffbd272c00bfaf2800b6af2400b5af47
:10afa8002000b4af1c00b3af1800b2af1400b1afab
:10afb8001000b0af21908000010082900400401082
:10afc80021b0a0008d0882906e00401000000000a3
:10afd800212040023537400f030005244808542635
:10afe80003001024212080020058400f212800006f
:10aff800c808438eff004230ffff1026001a0300e6
:10b0080025184300f7ff0016c80843ae2188400200
:10b018001800152403001326212080020058400f31
:10b0280021280000211850029d0062a0a801238e4b
:10b03800ff00423001001026001a030025184300c3
:10b04800f5ff7016a80123ae21806002f1ff751686
:10b058000400312621204002a23a400f03000524b3
:10b0680021104002080004248000083c232c400bd7
:10b0780000ff073ca80146acffff84240a008010ab
:10b0880004004224a801438c242868002530670066
:10b09800f8ffa01400b8637ca80143acffff842428
:10b0a800f8ff801404004224010042922700401057
:10b0b8008d08439226006014010002241a00c01271
:10b0c8002c00bf8f21104002080003246802458c21
:10b0d800a801448cffff6324040042242120a4001b
:10b0e800c22f04002120a40043200400f7ff6014ad
:10b0f800240344ac211040022000072421204302ed
:10b108002803848c040063240300422403340400cd
:10b11800032a0400200146a0210145a0f7ff671477
:10b12800220144a02c00bf8f2800b68f2400b58fc1
:10b138002000b48f1c00b38f1800b28f1400b18f99
:10b148001000b08f0800e0033000bd270100022482
:10b15800f5ff62142c00bf8f8d0840a22c00bf8f12
:10b168002800b68f2400b58f2000b48f1c00b38f41
:10b178001800b28f1400b18f1000b08f0800e003e0
:10b188003000bd2793ffa0502120400221108000ed
:10b1980008000324a801448cffff63240400422410
:10b1a800fcff6014640244acf72b400b21204002e2
:020000040000fa
:020000041d00dd
:10b1b800e8ffbd271400bfaf1000b0af21808000aa
:10b1c8004554400f32000424040004245035400f35
:10b1d8000100052421280000b543400f0400042481
:10b1e800f056400f0400042401000524b543400f25
:10b1f80004000424f056400f140004242128000001
:10b208005035400f090004244554400f28000424f9
:10b2180021200002304c400f080005244554400fff
:10b228000a000424b003068e080007240100052440
:10b238004f00c630b000c6345641400f21200002ee
:10b248004554400f2800042421200002304c400fb0
:10b25800030005244554400f0a000424084a400fff
:10b2680021200002010002a2b003068e4300401410
:10b2780021200002010005246f00c6309000c6346a
:10b288005641400f08000724010002240800032447
:10b29800880303aeb50000a260000324b60003a231
:10b2a800b70000a2b80002a2b90002a2ba0000a228
:10b2b80008000a2421500a0221480002213800000f
:10b2c8000600082401000424211000022130000097
:10b2d800b92c400b21180000b500469021284700e2
:10b2e800010063243d00a6a0fbff6814010042246e
:10b2f800040024a1140024a101002925f2ff2a1525
:10b308000600e724020000a2000000a2f620400f79
:10b31800212000022120000203000524ec0006245d
:10b328005641400f050007244554400f01000424ee
:10b338008803028e0900401840100200eb004324e5
:10b34800eb00022621180302000040a0010040a0e3
:10b3580002004224fdff4354000040a0240000a244
:10b36800010002248d0802a2030000a21400bf8f6e
:10b378001000b08f0800e0031800bd276f00c6302a
:10b38800010005249000c63403000724100002249d
:10b398005641400f880302ae4554400f280004244c
:10b3a80088030a8e01000224b50000a2600003246d
:10b3b800b60003a2b70000a2b80002a2b90002a218
:10b3c800bcff401dba0000a2c42c400b020000a222
:020000040000fa
:020000041d00dd
:10b3d800e8ffbd271400bfaf1000b0afad008290ea
:10b3e8002300401421808000ac0002922d004014fc
:10b3f80000000000af0002923c0040140000000072
:10b4080002000292040040141400bf8f1000b08f95
:10b418000800e0031800bd278b5a400f0000000009
:10b42800b400038e140063242b106200f7ff401051
:10b438001400bf8f184d400f212000020500029212
:10b44800ffff4224ff0042301f00422c3d00401401
:10b45800050002268b5a400f00000000b40002ae1f
:10b468001400bf8f1000b08f0800e0031800bd273c
:10b478008b5a400f00000000b800038ef4016324cb
:10b488002b106200d9ff4050ac0002921200042435
:10b49800b543400f01000524ad0000a201000224bd
:10b4a800ac0002a28b5a400f00000000b800038ec7
:10b4b800b80b63242b106200cfff4050af000292fc
:10b4c8000d0004245035400f010005240d0004240c
:10b4d800b543400f010005248b5a400fac0000a271
:10b4e800b80002ae01000224af0002a28b5a400f3e
:10b4f80000000000b800038ea00f63242b10620028
:10b50800c0ff405002000292af0000a21952400f43
:10b5180021200002bbff405402000292b000028ebc
:10b52800010042240a004328b5ff6010b00002aeb3
:10b53800010002248b5a400faf0002a2022d400bdb
:10b54800b80002ae03004b8807004a880b00498800
:10b558000f00488804004a98130047881700468857
:10b568001b0045881f00448800004b9825000326cf
:10b57800080049980c00489810004798140046980d
:10b58800180045981c00449803006ba800006bb88d
:10b5980007006aa804006ab80b0069a8080069b81f
:10b5a8000f0068a80c0068b8130067a8100067b8f7
:10b5b800170066a8140066b81b0065a8180065b8cf
:10b5c8001f0064a8211000001c0064b82000042497
:10b5d8002118020201004224fdff4414050060a066
:08b5e800172d400b00000000cc
:020000040000fa
:020000041d00dd
:10b5f000c8ffbd273400bfaf3000b7af2c00b6afd7
:10b600002800b5af2400b4af2000b3af1c00b2af28
:10b610001800b1af1400b0af2198a0000900a22c0f
:10b620006800401421808000010082905a00401080
:10b63000fd00162408001224030011241000172412
:10b6400008001424212000029e55400f21282002ca
:10b650004554400f010004242a1053020c004010ee
:10b66000fe0015242a10f3025c004014fffff426ac
:10b67000ffff7326ff00743223909202010015240d
:10b6800004a8550227a81500ff00b53221908002ba
:10b6900021989602ff007332212860022130200297
:10b6a000aa39400f2120000221b040004554400f2c
:10b6b00001000424f700c63221382002212860024c
:10b6c0008000c6345641400f212000024554400fef
:10b6d00001000424212000020d000524aa39400f96
:10b6e00021302002219840004554400f01000424dd
:10b6f00021200002213820020d0005245641400f70
:10b700002430b3024554400f0100042421200002dc
:10b710000e000524aa39400f213020022198400054
:10b720004554400f01000424212000020e0005248e
:10b730002430b3025641400f213820024554400fb7
:10b7400001000424740042264090120040100200c0
:10b75000219012022110020201008526ec0040a275
:10b7600021200002030040a0ff00a5303400bf8f5d
:10b770003000b78f2c00b68f2800b58f2400b48f0f
:10b780002000b38f1c00b28f1800b18f1400b08f4f
:10b790008834400b3800bd273400bf8f3000b78f8e
:10b7a0002c00b68f2800b58f2400b48f2000b38ff3
:10b7b0001c00b28f1800b18f1400b08f0800e00396
:10b7c0003800bd2705001624219000000800112430
:10b7d00008001724912d400b21a000009e2d400b46
:04b7e000ff009432a0
:020000040000fa
:020000041d00dd
:10b7e400d8ffbd272400bfaf2000b3af1c00b2af09
:10b7f4001800b1af1400b0af00a0103cc40f112664
:10b804000300229205004010c40f04269c032292d8
:10b81400ff0042305300401400000000d755400f91
:10b8240000a0123c1b004014c40f0426e955400f2d
:10b8340000a0123c2400401400000000f559400f01
:10b84400c40f0426f62c400f80878427795a400fb2
:10b85400808784272c004014000000008487829392
:10b8640005004014818782930300401083878293ec
:10b8740030004054880330922400bf8f2000b38fdf
:10b884001c00b28f1800b18f1400b08f0800e003c1
:10b894002800bd27b759400fc40f44262198400003
:10b8a400e02f400f21204000c40f44263210400fe7
:10b8b40021286002c40f0426e955400f00a0123c61
:10b8c400deff401000000000bf59400fc40f4426a3
:10b8d40021984000e02f400f21204000c40f44264f
:10b8e4003210400f21286002f559400fc40f04267e
:10b8f400f62c400f80878427795a400f808784274d
:10b90400d7ff405084878293f052400f808784276a
:10b9140021804000e02f400f2120400000a0043c83
:10b92400c40f84246558400f21280002192e400baf
:10b93400848782936050400f2120200221304000f0
:10b9440080878427212800022400bf8f2000b38f22
:10b954001c00b28f1800b18f1400b08f0f46400b3b
:10b964002800bd271436400f21202002a003228e78
:10b974000900401001000224e58282a3e48282933c
:10b984000e004014000000009c5a400fc40f04260f
:10b99400082e400bc40f0426c759400f2120200253
:10b9a400f7ff4010e48282939a5a400f212020022c
:10b9b40001000224602e400be68282a3ee2e400f8b
:0cb9c4003b012492632e400b00000000a9
:020000040000fa
:020000041d00dd
:10b9d00053616d706c696e67526174653a20000046
:10b9e000487a0000546f74616c20456c6170736517
:10b9f000642054696d653a2000000000206d5300fa
:10ba00004d61782077726974652074696d653a209c
:10ba100000000000207553004d696e207772697434
:10ba2000652074696d653a20000000004f766572ec
:10ba300072756e733a20000066696c65426c6f63c4
:10ba40006b2c6d6963726f73000000004e6f206f86
:10ba500070656e2066696c6520746f20636c6f730f
:10ba600065000000696e697469616c697a61746966
:10ba70006f6e206661696c65642e205468696e671c
:10ba80007320746f20636865636b3a002a206973c2
:10ba90002061206361726420697320696e7365722e
:10baa0007465643f00000000576972696e67206921
:10bab0007320636f727265637420616e642061200d
:10bac000636172642069732070726573656e742e91
:10bad00000000000436f756c64206e6f742066690f
:10bae0006e642046415431362f4641543332207023
:10baf0006172746974696f6e2e204d616b6520737d
:10bb000075726520796f7527766520666f726d6135
:10bb10007474656420746865206361726400000059
:10bb2000696e76616c696420424c4f434b20636fb1
:10bb3000756e74006372656174656664436f6e74dc
:10bb40006967756f7573206661696c00676574203d
:10bb5000636f6e746967756f757352616e67652088
:10bb60006661696c00000000657261736520626c3b
:10bb70006f636b206661696c000000007772697406
:10bb8000655374617274206661696c00436f7272f0
:10bb90006573706f6e64696e672053442066696ccc
:10bba00065200000626c6f636b207772697465209a
:08bbb0006661696c00000000f1
:020000040000fa
:020000041d00dd
:10bbb800d0ffbd272c00bfaf2800b5af2400b4af1d
:10bbc8002000b3af1c00b2af1800b1af1400b0af83
:10bbd80001000524433b400f0100062400a0113c4e
:10bbe8000c113126010010240100122400a0133c7e
:10bbf800c40f732608001424070015240000248e9f
:10bc080021304002433b400f0500052401006292a9
:10bc1800030040140000000051001552e582829391
:10bc2800040014120000000004003126012f400b0c
:10bc38000100102611004010e582839300a0113cfa
:10bc48006c11312601001024070015240800142463
:10bc58000000248e21304002433b400f050005249c
:10bc680046001512e582829304001412e58283933c
:10bc780004003126162f400b010010260100022473
:10bc880021006210e6828393090062102c00bf8fa6
:10bc98002800b58f2400b48f2000b38f1c00b28f0a
:10bca8001800b18f1400b08f0800e0033000bd27e2
:10bcb8009203648603000524433b400f2130400271
:10bcc8009403648603000524433b400f213040025f
:10bcd8009603648603000524433b400f213000008f
:10bce800e68280a32c00bf8f2800b58f2400b48f74
:10bcf8002000b38f1c00b28f1800b18f1400b08fd2
:10bd08000800e0033000bd278c0364860300052487
:10bd1800433b400f213040028e0364860300052414
:10bd2800433b400f21304002900364860300052402
:10bd3800433b400f21300000e58280a32c00bf8fd9
:10bd48002800b58f2400b48f2000b38f1c00b28f59
:10bd58001800b18f1400b08f0800e0033000bd2731
:10bd6800b1ff401401001224e68292932b90120036
:10bd780004003126012f400b01001026bcff40149f
:10bd880001001224e68292932b90120004003126bf
:08bd9800162f400b01001026dc
:020000040000fa
:020000041d00dd
:10bda000d8ffbd272400bfaf2000b1af1c00b0af4b
:10bdb000218080002100c0107c8385af0500c22c4b
:10bdc0000700401421200000211000002400bf8f34
:10bdd0002000b18f1c00b08f0800e0032800bd27b1
:10bde00021280000744c400f1000a6aff6ff401051
:10bdf0001000a68f00310600288582272130c2005e
:10be00000600c2907f004230efff40140600c624b7
:10be10000f00c2880c00c2986400422cebff401453
:10be2000211000000b00d1880800d19805002016d1
:10be300021202002742f400b2400bf8f2188000096
:10be400021202002744c400f21280000deff40100a
:10be50008c8383938b838293001a030025186200de
:10be600000020224d9ff6214211000009083829303
:10be7000d5ff40108e838397d4ff605021100000bf
:10be80008d838593d0ffa01009000724180002a21b
:10be9000040005a2100000a221100000ac2f400bee
:10bea0000100062421106000c7ff6710100003a2e4
:10beb00004204600fbff85140100432496838497e9
:10bec00001008050a483848f080004ae8e83839782
:10bed0009083859321182302023085702120c300ae
:10bee0001c0003ae9083858f007aa57cffffa330f2
:10bef00040190300ff016324431a0300220005a632
:10bf000021188300240004ae140003ae94838593ab
:10bf100093838493002a05002520a400010080500b
:10bf2000a083848f23182302211864000610430085
:10bf3000f50f432c0a0060140c0002aef5ff033429
:10bf40002b1043000a00401420000324ac83828f8e
:10bf5000200003a2240002ae732f400b0100022434
:10bf60000c000224200002a2732f400b01000224c7
:10bf700010000224200002a2732f400b01000224b3
:020000040000fa
:020000041d00dd
:10bf8000e8ffbd271400bfaf1000b0afbfff822491
:10bf9000ff0042303300432c3e00601021808000bf
:10bfa00080100200019d033cbcbf6324211062008d
:10bfb0000000428c080040000000000088c0009d86
:10bfc00094c0009dc4c0009d94c0009d94c0009d7d
:10bfd00088c0009d88c0009d88c0009d94c0009dc1
:10bfe00088c0009d88c0009d88c0009d94c0009db1
:10bff00094c0009d94c0009d94c0009d94c0009d7d
:10c0000094c0009d88c0009d94c0009d94c0009d78
:10c0100094c0009d94c0009d94c0009d94c0009d5c
:10c0200094c0009d94c0009d94c0009d94c0009d4c
:10c0300094c0009d94c0009d94c0009d88c0009d48
:10c04000e0c0009dfcc0009d94c0009d94c0009d78
:10c0500094c0009d94c0009d94c0009d94c0009d1c
:10c0600018c1009d94c0009d94c0009d94c0009d87
:10c0700094c0009d94c0009d94c0009d94c0009dfc
:10c0800094c0009da8c0009d571d400fa08090a3a4
:10c09000e48282a3211000021400bf8f1000b08f31
:10c0a0000800e0031800bd27e4828293faff4050a5
:10c0b000211000027b3c400f010004242630400b7d
:10c0c00021100002010002249a8082a321100002a4
:10c0d0001400bf8f1000b08f0800e0031800bd27c8
:10c0e000e4828293ecff4050211000027b3c400f21
:10c0f000212000002630400b211000020200022403
:10c100009a8082a3211000021400bf8f1000b08f0c
:10c110000800e0031800bd27e48282930a0040145f
:10c120000000000000a0043cc40f8424030082909f
:10c13000d9ff4050211000022f54400f0000000092
:10c140002630400b211000028028400f0000000024
:08c150004930400be48282a398
:020000040000fa
:020000041d00dd
:10c15800e0ffbd271c00bfaf1800b1af1400b0af9f
:10c168008187829321808000040040102188a000ec
:10c17800838782935a00401400000000a403038eb2
:10c1880005000224230062503b0102923d080292fe
:10c1980004004014212000024508029203004010c8
:10c1a800000000007536400f212820020c002016e0
:10c1b80001000224920300a6940300a6960300a699
:10c1c8003b010292010042243b0102a21c00bf8fe6
:10c1d8001800b18f1400b08f0800e0032000bd27bd
:10c1e8003b002216060002248c0300a68e0300a63c
:10c1f800900300a63b010292010042243b0102a2e7
:10c208001c00bf8f1800b18f1400b08f0800e00326
:10c218002000bd27010042302900401021200002e3
:10c228004001028ec0280200403102002318c500d8
:10c238002318620021180302cc03639020006014c5
:10c2480006000a2601000b242318c50023186200e3
:10c2580021180302ce0365900100422432004928c8
:10c268000100a824213865000300a0140a10090061
:10c278003c010592b80365a0ce0368a0ff00053114
:10c288000b018690010084241200a52c0600a0143e
:10c29800b903e6a0cb036ba03c010392400102aeb8
:10c2a800030062243c0102a205008a5021200002fa
:10c2b8004001028ec02802009430400b4031020039
:10c2c800fd25400f212820026d30400b00000000a2
:10c2d800c6ff22528c0300a67330400b3b0102922a
:10c2e8009337400f2130000001000292afff401049
:10c2f80021200002212820029337400f0100062444
:08c308006d30400b0000000045
:020000040000fa
:020000041d00dd
:10c31000d0ffbd272c00bfaf2800b4af2400b3afbf
:10c320002000b2af1c00b1af1800b0afe88c828f14
:10c3300009004014000000002c00bf8f2800b48fbb
:10c340002400b38f2000b28f1c00b18f1800b08f73
:10c350000800e0033000bd278b5a400f00000000aa
:10c36000e48c848fe08c838f2b2883004700a014fb
:10c370002b18430004006014fc8c90272b204400f1
:10c38000edff8014fc8c9027ffff13242188000010
:10c39000feff143408001224f0ff038e2e006050bc
:10c3a00001003126000004962b0080500100312648
:10c3b00002000496010085302700a05401003126b8
:10c3c000f8ff058ee08c868f2b38a6003300e01036
:10c3d0002b3845001d00e0542328a2002b304600d6
:10c3e0001a00c0502328a200f4ff068e233845000f
:10c3f0002b38e6002d00e0142128c500f8ff02ae1e
:10c40000fcff058e01008434020004a621202002d6
:10c4100009f860001000a2af000003960200059624
:10c42000ffff6324ffff63300400057c2b207400b2
:10c43000020005a6030080101000a28f1d006010ee
:10c44000000003a6f8ff058e2328a2002b18b300d6
:10c450000b98a30001003126cfff321614001026de
:10c4600021986202e08c82afe48c93af2c00bf8fe6
:10c470002800b48f2400b38f2000b28f1c00b18f2e
:10c480001800b08f0800e0033000bd27bcff6054e7
:10c490002b204400cf30400b2c00bf8fd3ffe05047
:10c4a000f4ff068ef830400b2b3046000031400b75
:10c4b000f8ff05aef8ff00aee88c838fffff632422
:08c4c0001531400be88c83af3d
:020000040000fa
:020000041d00dd
:10c4c800d8ffbd272400bfaf2000b3af1c00b2af18
:10c4d8001800b1af1400b0af4c00e0102188e000a4
:10c4e800218080002118e6000102632813006010f3
:10c4f8002190c00006008390040060102110a00065
:10c508000000838c49006550080083940c00069253
:10c51800401a0200000002ae0300c63821200002c3
:10c52800110005240b1066005142400f21304000d5
:10c538000d00401003000224050002a2100004921e
:10c54800b543400f01000524211000002400bf8fcf
:10c558002000b38f1c00b28f1800b18f1400b08f69
:10c568000800e0032800bd27b148400f2120000241
:10c57800f3ff405010000492080000a601000224b6
:10c58800060002a2211000002b1052000a004050a1
:10c598001400048ee750400f212000020800029684
:10c5a80001004224ffff42302b185200f9ff6014ab
:10c5b800080002a61400048e210080102128200201
:10c5c8000000828c2000428cff00062409f84000fd
:10c5d8003800a78f080003960a00029221882302d8
:10c5e800ffff313204004010080011a60002312e6e
:10c5f80007002016010002240600029204004010e1
:10c6080001000224d954400f212000020100022415
:10c618002400bf8f2000b38f1c00b28f1800b18f89
:10c628001400b08f0800e0032800bd272b20c300aa
:10c63800b7ff80540c0006926431400b2110600053
:10c648003800b28fffff222601005326ffff423039
:10c6580021986202e750400f21200002000042a208
:10c6680001005226fbff5316000000007831400bf2
:04c67800080003961d
:020000040000fa
:020000041d00dd
:10c67c00d0ffbd272c00bfaf2800b4af2400b3af50
:10c68c002000b2af1c00b1af1800b0af2198c000b1
:10c69c0021a0e00021300000213800002180800022
:10c6ac002188a000d84d400f4000b28f3e004014ae
:10c6bc004400a493804f400fd0ff84241000a2affd
:10c6cc001400a3af019d063c345dc78c305dc68c55
:10c6dc00212040002f3e400f212860001e004018f2
:10c6ec004800a38f2e000224c631400b30000524d5
:10c6fc00ff0063303a00642c0e008054000043a20b
:10c70c0036009212000045a2ffff52260000439211
:10c71c00f7ff621401006324ffff439201006324be
:10c72c00ff0063303a00642cf5ff8010ffff5226a7
:10c73c00000043a2211080022c00bf8f2800b48f70
:10c74c002400b38f2000b28f1c00b18f1800b08f63
:10c75c000800e0033000bd2700006290f5ff401098
:10c76c002e000424000043920900641030000224bf
:10c77c00f1ff625421108002080054124800a38f6c
:10c78c00ffff522600004392f9ff641400000000e2
:10c79c00ffff4392df31400bffff5226000060a0e9
:10c7ac00e431400bffff5226019d023c285d468c74
:10c7bc002c5d478c21200002b51e400f2128200241
:10c7cc002120400021286000ef43400f1000a627d5
:10c7dc001000a28fb431400b1400a38f0e00601216
:10c7ec0031000224000082a20000628e010042246b
:10c7fc00000062ae211080022c00bf8f2800b48f85
:10c80c002400b38f2000b28f1c00b18f1800b08fa2
:10c81c000800e0033000bd27ffff82a2d031400b9f
:04c82c00ffff942650
:020000040000fa
:020000041d00dd
:10c830001800a22c680040100000000080280500ad
:10c84000019d023c58c84224212845000000a28cca
:10c850000800400000000000c0c9009db4c9009d50
:10c86000a8c9009d9cc9009d90c9009d84c9009dd8
:10c8700078c9009d6cc9009d60c9009d54c9009d88
:10c8800048c9009d3cc9009d30c9009d24c9009d38
:10c8900018c9009d0cc9009d00c9009df4c8009de9
:10c8a000e8c8009ddcc8009dd0c8009dc4c8009d9c
:10c8b000b8c8009dccc9009d009d053c8554400b27
:10c8c000805ca524009d053c8554400b785ca52424
:10c8d000009d053c8554400b705ca524009d053ce3
:10c8e0008554400b605ca524009d053c8554400b9d
:10c8f000505ca524009d053c8554400b445ca52458
:10c90000009d053c8554400b345ca524009d053cee
:10c910008554400b245ca524009d053c8554400ba8
:10c92000145ca524009d053c8554400b045ca524a3
:10c93000009d053c8554400bf85ba524009d053cfb
:10c940008554400bec5ba524009d053c8554400bb1
:10c95000e05ba524009d053c8554400bd45ba524d9
:10c96000009d053c8554400bc85ba524009d053cfb
:10c970008554400bbc5ba524009d053c8554400bb1
:10c98000b05ba524009d053c8554400ba45ba52409
:10c99000009d053c8554400b9c5ba524009d053cf7
:10c9a0008554400b905ba524009d053c8554400bad
:10c9b000845ba524009d053c8554400b785ba52431
:10c9c000009d053c8554400b6c5ba524009d053cf7
:10c9d0008554400b885ca5240800e003000000009b
:020000040000fa
:020000041d00dd
:10c9e000c0ffbd273c00bfaf3800b7af3400b6afc3
:10c9f0003000b5af2c00b4af2800b3af2400b2af05
:10ca00002000b1af1c00b0af21a0e0002188800061
:10ca100021b8a0002128e00021b0c0003537400f28
:10ca2000480892242000e526212040020058400fab
:10ca3000ff00a530212040020058400f2128c002ed
:10ca40002180000021983702212040020058400f29
:10ca50002128000021307002010010262a18d0027f
:10ca6000f9ff60109308c2a021202002a23a400fd3
:10ca700021288002240022923a004010219037029f
:10ca80009308522621a80000009d133c2c5d7326bc
:10ca9000ffff14242180f502ff0010322120200224
:10caa0000c32400f2128000221202002b14e400ffd
:10cab00021280002212020028554400f21286002f5
:10cac0002120200200004592b14e400f06001024a4
:10cad000212020028554400f21286002000044924a
:10cae0000a0006241000a527954c400fc22104001f
:10caf000212020028554400f2128400021202002bf
:10cb00008554400f21286002000044920a00062448
:10cb10001000a52707200402954c400f0100843027
:10cb200021202002212840008554400fffff1026bd
:10cb3000f3ff1416212020021954400f2120200257
:10cb40008c082292040040540100b5264554400f41
:10cb50001e0004240100b5262a10d502cdff401086
:10cb6000010052263c00bf8f3800b78f3400b68fcb
:10cb70003000b58f2c00b48f2800b38f2400b28f03
:10cb80002000b18f1c00b08f0800e0034000bd27db
:020000040000fa
:020000041d00dd
:10cb9000d0ffbd272c00bfaf2800b6af2400b5af33
:10cba0002000b4af1c00b3af1800b2af1400b1af97
:10cbb0001000b0af2180800007001124009d153cbb
:10cbc000b45fb526009d143cb85f9426100016246f
:10cbd000ff003232212000027b50400f212840020a
:10cbe00021984000212000028554400f2128a002f6
:10cbf00021200002b14e400f2128400221200002d6
:10cc00008554400f2128800221200002b14e400fa0
:10cc1000212860021954400f212000020100312612
:10cc20004554400f14000424eaff3616ff00323248
:10cc30001954400f212000021f0011243400162433
:10cc4000ff003232212000027b50400f2128400299
:10cc500021984000212000028554400f2128a00285
:10cc600021200002b14e400f212840022120000265
:10cc70008554400f2128800221200002b14e400f30
:10cc8000212860021954400f2120000201003126a2
:10cc90004554400f14000424eaff3616ff003232d8
:10cca0001954400f21200002380011243e001624a0
:10ccb000ff003232212000027b50400f2128400229
:10ccc00021984000212000028554400f2128a00215
:10ccd00021200002b14e400f2128400221200002f5
:10cce0008554400f2128800221200002b14e400fc0
:10ccf000212860021954400f212000020100312632
:10cd00004554400f14000424eaff3616ff00323267
:10cd10002c00bf8f2800b68f2400b58f2000b48f61
:10cd20001c00b38f1800b28f1400b18f1000b08fa9
:08cd30000800e0033000bd27fc
:020000040000fa
:020000041d00dd
:10cd380000a0023c54214b8c2110a0000100432488
:10cd4800ffff6890214868010100299108002931f6
:10cd580003002051f8ffbd275133400b211060001c
:10cd68002d000924050009150400b0af0200432472
:10cd7800010048906633400b01000a242b00092467
:10cd880003000915215000000200432401004890c7
:10cd9800efff09242410e9000e00401400000000f1
:10cda800300002240a0002150a00022400006990db
:10cdb800df0029315800022405002255080002240a
:10cdc80001006890020063247733400b10000724a9
:10cdd8000a384700030040150080023cff7f023cf0
:10cde800ffff42341b004700f401e0001070000010
:10cdf80012680000214800002110000057000f248d
:10ce080037001824ffff19242160680101008c9164
:10ce1800040090310300001203008c319033400b62
:10ce2800d0ff08251600801101008c3921800003ed
:10ce38000b80ec01234010012a600701110080518a
:10ce4800ffff07240b0039112b60a2010900801590
:10ce5800ffff092405004d54024847702a60c801a5
:10ce680005008055010063240248477021102801fd
:10ce780001000924010063248433400bffff6890fc
:10ce8800ffff07240a00275523200200030040154e
:10ce98000080023cff7f023cffff42342200052451
:10cea8000700c014000085acb633400b0400b08ff7
:10ceb8000600c0100b108a00040020510000c5ac09
:10cec800ffff6524b533400b0000c5ac0400b08fec
:08ced8000800e0030800bd277b
:020000040000fa
:020000041d00dd
:10cee000c0ffbd273c00bfaf3800beaf3400b7afb6
:10cef0003000b6af2c00b5af2800b4af2400b3affc
:10cf00002000b2af1c00b1af1800b0af2198800074
:10cf10001000a0af08001524080014242190000080
:10cf2000212880029e55400f212060024554400f69
:10cf300001000424212060020f000524aa39400fbb
:10cf40002130800221b04000212060021000052421
:10cf5000aa39400f213080022188400074005026f9
:10cf600040801000218070020300102621b80000cc
:10cf7000f333400b01001e24ff00963001000292a3
:10cf8000272003001f005e1024202402ff009130a0
:10cf90000f0005242130c002213880025641400f85
:10cfa000212060022120600210000524213020028f
:10cfb000213880025641400f010052262a105502a6
:10cfc0000100f72612004010020010260418fe028d
:10cfd00000000292ff00633027200300e6ff5e148a
:10cfe0002420c4020418fe02ff00633025487600a6
:10cff000ff0036310100029227200300e3ff5e1498
:10d000002420240225887100e433400bff003132d4
:10d010001000a38f01006324020002240a006210a2
:10d020001000a3af1000a38f130060100800152498
:10d030000100629204004010100015240300142423
:10d04000c833400b080012243c00bf8f3800be8f4d
:10d050003400b78f3000b68f2c00b58f2800b48f06
:10d060002400b38f2000b28f1c00b18f1800b08f46
:10d070000800e0034000bd2708001424c833400b1b
:04d0800021900000fb
:020000040000fa
:020000041d00dd
:10d08400c0ffbd273c00bfaf3800beaf3400b7af10
:10d094003000b6af2c00b5af2800b4af2400b3af56
:10d0a4002000b2af1c00b1af1800b0af21a8c0007f
:10d0b4000000d08c21b880002f00001221a0a00015
:10d0c4000100102621b000000c00e28e1d0040106b
:10d0d4000100532421880002219000003f34400bba
:10d0e40002001e240c00e28e010052262b10420284
:10d0f40014004010218860002b1070020b80c203c2
:10d10400212800022120e0021000a627d044400f6d
:10d114000b88c203010003260a004010232071007b
:10d124001000a28fefff405421806000160094107d
:10d13400010052260c00e28e2b104202eeff401436
:10d1440021806000211000003c00bf8f3800be8f9a
:10d154003400b78f3000b68f2c00b58f2800b48f01
:10d164002400b38f2000b28f1c00b18f1800b08f41
:10d174000800e0034000bd270000908c0100b63891
:10d184003334400b0100d62e2120e0022128000276
:10d19400ff0f063c103d400fffffc634e9ff40106f
:10d1a4002b10300206004014ffff12267a34400b85
:10d1b4000000a58e0a00601021804002ffff1226a5
:10d1c400213000022120e002103d400f21284002be
:10d1d400f8ff40142b1832025334400b2110000086
:10d1e4000000a58e0700a0142120e0020300c01255
:10d1f4000000b1ae010031260000f1ae5334400b03
:10d2040001000224103d400f21302002f7ff40149a
:0cd21400211000005434400b3c00bf8f80
:020000040000fa
:020000041d00dd
:10d22000d8ffbd272400bfaf2000b4af1c00b3afb0
:10d230001800b2af1400b1af1000b0af0900a22cbb
:10d240003a0040142180800001008290510040107b
:10d250000300112408001224100003242a104502a0
:10d260003800401401001324212820029e55400f4d
:10d27000212000024554400f010004242120000217
:10d280000f000524aa39400f2130200221a04000c0
:10d290002120000210000524aa39400f213020026d
:10d2a0007400432640180300211803020300649011
:10d2b000010003242f00835025a07402273013009f
:10d2c00024a08602ff0086324090120021901202b4
:10d2d000ec0044920100032424008350259862024c
:10d2e0002798130024985300ff0073320f00052481
:10d2f000213820025641400f212000022120000247
:10d300001000052421306002213820022400bf8f44
:10d310002000b48f1c00b38f1800b28f1400b18f9f
:10d320001000b08f5641400b2800bd270800112483
:10d3300021900000080003242a104502caff401073
:10d34000010013242a1065000c004010ffffa524e3
:10d35000ffff6324ff0063302390720004985302a0
:10d36000ff0073329a34400b21906000bb34400bb5
:10d37000ff007332b234400bff008632ff00a5304d
:10d380002390b20004985302ff0073329a34400b8a
:10d390002190a0002400bf8f2000b48f1c00b38f09
:10d3a0001800b28f1400b18f1000b08f0800e00396
:04d3b0002800bd276d
:020000040000fa
:020000041d00dd
:10d3b400e0ffbd271c00bfaf1800b2af1400b1af2f
:10d3c4001000b0afb84d400f00a0103c21884000c1
:10d3d400c40f04263537400f020005244882858f88
:10d3e4009d4f400f9c82842706004054c40f04269e
:10d3f400c40f12260300429249004010888a8427f1
:10d40400c40f0426a23a400f02000524b84d400f71
:10d4140000000000231051009081838f2b186200bc
:10d4240001006054908182af8c81838f2b1843005c
:10d43400010060548c8182af9c80838f2b18620022
:10d444000f0060149481838fe082848fdc82838f49
:10d45400010082243c8280afffff64241a00441040
:10d46400e08282af220043101c00bf8f1800b28fed
:10d474001400b18f1000b08f0800e0032000bd2716
:10d484001400642c23008010e082848fc0280300e1
:10d49400988186272130c5009c8187272128e500b3
:10d4a4000000c4ac0000a2ac01006324948183afeb
:10d4b400dc82838f010082243c8280afffff6424de
:10d4c400e8ff4414e08282af8b5a400f0000000052
:10d4d4008881838f23104300a729400f888182af5e
:10d4e400e082828fdc82838fe0ff43141c00bf8fb5
:10d4f4008028400f00000000e48282a31c00bf8f3c
:10d504001800b28f1400b18f1000b08f0800e00330
:10d514002000bd27010063242d35400b948183af87
:10d52400019d053cd74c400fa4bba5245459400f82
:0cd53400212040020235400bc40f0426e9
:020000040000fa
:020000041d00dd
:10d540001300822c3e004010019d023c9069422451
:10d550002110440000004290390040108010020069
:10d56000e0ffbd271c00bfaf1800b1af1400b0af83
:10d57000019d033c9865632421104300019d033cf9
:10d580007c696324211864000000508c00006290c4
:10d5900040200400019d033c94646324211864002e
:10d5a00000007194ff00032406004310f0ff1026d2
:10d5b0008010020081bf033c00fb63242110620045
:10d5c000000040ac040011ae020002242900a210a9
:10d5d0000300a22c1c0040100600a22c1c00a0146a
:10d5e000030002243100a210000000000400022405
:10d5f0003200a21000000000050002242700a21043
:10d6000000000000540011ae640011ae019d023c08
:10d610006c64422421204400000084900f00843078
:10d620001800801400000000340011ae180011ae84
:10d630001c00bf8f1800b18f1400b08f2000bd27d1
:10d640000800e00300000000e6ff4014030002248d
:10d65000540011ae640011ae140011ae440011aebe
:10d660001c00bf8f1800b18f1400b08f0800e003ba
:10d670002000bd27140011ae480011ae9935400bb3
:10d680001c00bf8fbf53400f00000000340011aedc
:10d69000180011ae8d35400b1c00bf8f580011ae25
:10d6a000680011ae8435400b019d023c580011ae5c
:10d6b000640011ae8435400b019d023c540011ae54
:0cd6c000680011ae8435400b019d023c57
:020000040000fa
:020000041d00dd
:10d6cc00e8ffbd271400bfaf1000b0afa403828cdd
:10d6dc0058004510218080000600a22c110040103b
:10d6ec00a40385ac80280500019d023c0cd7422484
:10d6fc00212845000000a28c08004000000000001a
:10d70c00a0d7009de4d7009d24d7009d18d8009d7c
:10d71c004cd7009d70d7009d010002249b56400ff2
:10d72c00a00382ac4554400f0a00042421200002bf
:10d73c001400bf8f1000b08f7054400b1800bd2721
:10d74c0001000224a00382ac4554400f0a000424bb
:10d75c00212000021400bf8f1000b08f7054400bba
:10d76c001800bd271157400f0000000021200002b7
:10d77c004952400f802505244554400f0a000424cb
:10d78c00212000021400bf8f1000b08f7054400b8a
:10d79c001800bd276555400fa00380ac1a58400fe8
:10d7ac00212000021157400f2120000221200002ed
:10d7bc000100053c4952400f00c2a5344554400fae
:10d7cc000a000424212000021400bf8f1000b08f27
:10d7dc007054400b1800bd27e958400fa80380accb
:10d7ec00212000020100053c6152400f00c2a5340b
:10d7fc004554400f0a000424212000021400bf8f5e
:10d80c001000b08f7054400b1800bd27010002248b
:10d81c001b51400fa00382ac4554400f0a00042456
:10d82c00212000021400bf8f1000b08f7054400be9
:10d83c001800bd271400bf8f1000b08f0800e00344
:04d84c001800bd27dc
:020000040000fa
:020000041d00dd
:10d85000e0ffbd271c00bfaf1800b1af1400b0af90
:10d86000218080009c0380a08b5a400f010011246e
:10d870003d08039205006014980302ae4008028e32
:10d880000300113c410d31262b885100212000025c
:10d89000582b400f21282002010002921900401449
:10d8a00003000324a403028e1d004310040003247c
:10d8b0003300431002000324060043100000000060
:10d8c0001c00bf8f1800b18f1400b08f0800e00358
:10d8d0002000bd275257400f0b0004248c0302a6e2
:10d8e0005257400f0c00042481878393f4ff601487
:10d8f0008e0302a65257400f0d0004243036400b11
:10d90000900302a621200002e62b400f21282002ce
:10d91000a403028e03000324e5ff43140400032440
:10d920004f51400f0b000424218840004f51400ffd
:10d930000c00042481878393008a110025102202a1
:10d940008c0302a61e006010218800004f51400f7a
:10d950001100042481878393251022028e0302a6de
:10d960001200601021100000900302a61c00bf8f5f
:10d970001800b18f1400b08f0800e0032000bd270d
:10d9800092080292cfff40101c00bf8fac080282a9
:10d99000920800a28c0302a61c00bf8f1800b18f52
:10d9a0001400b08f0800e0032000bd274f51400f46
:10d9b000120004242016027c5b36400b900302a662
:10d9c0004f51400f0d000424001202005336400b4b
:04d9d000208e027c27
:020000040000fa
:020000041d00dd
:10d9d400e0ffbd271c00bfaf1800b1af1400b0af0b
:10d9e400218080002188a000b651400f4100052409
:10d9f40021200002b651400f3b010592d441400f53
:10da040021200002c54b400f212000020700222ed6
:10da1400450040102120000280101100019d033cac
:10da240038da6324211062000000428c08004000b0
:10da3400000000007cda009d2cdb009d2cdb009da7
:10da4400a4da009dd4da009dfcda009d54da009d2e
:10da5400294f400f000000003f0025322120000222
:10da6400c000a5341c00bf8f1800b18f1400b08f04
:10da7400b651400b2000bd277a53400f0000000030
:10da84003f00253221200002c000a5341c00bf8fb6
:10da94001800b18f1400b08fb651400b2000bd2781
:10daa4002844400f0000000004000224ac0302ae2e
:10dab4003f00253221200002c000a5341c00bf8f86
:10dac4001800b18f1400b08fb651400b2000bd2751
:10dad4002844400f000000003f00253221200002ae
:10dae400c000a5341c00bf8f1800b18f1400b08f84
:10daf400b651400b2000bd27294f400f0000000005
:10db040006000224ac0302ae3f00253221200002ad
:10db1400c000a5341c00bf8f1800b18f1400b08f53
:10db2400b651400b2000bd276353400f0000000096
:10db34003f00253221200002c000a5341c00bf8f05
:10db44001800b18f1400b08fb651400b2000bd27d0
:020000040000fa
:020000041d00dd
:10db540000000000000000000000000000000000c1
:10db640000000000000000000000000000000000b1
:10db740000000000000000000000000000000000a1
:10db84000000000000000000000000000000000091
:10db94000000000000000000000000000000000081
:10dba4000000000000000000000000000000000071
:10dbb4000000000000000000000000000000000061
:10dbc4000000000000000000000000000000000051
:10dbd4002020202020202020202828282828202019
:10dbe4002020202020202020202020202020202031
:10dbf40088101010101010101010101010101010a9
:10dc04000404040404040404040410101010101088
:10dc14001041414141414101010101010101010161
:10dc24000101010101010101010101101010101095
:10dc34001042424242424202020202020202020232
:10dc4400020202020202020202020210101010205a
:10dc540000000000000000000000000000000000c0
:10dc640000000000000000000000000000000000b0
:10dc740000000000000000000000000000000000a0
:10dc84000000000000000000000000000000000090
:10dc94000000000000000000000000000000000080
:10dca4000000000000000000000000000000000070
:10dcb4000000000000000000000000000000000060
:10dcc4000000000000000000000000000000000050
:020000040000fa
:020000041d00dd
:10dcd400e8ffbd271400bfaf0900a22c5600401076
:10dce4001000b0af80280500019d023c04dd4224f1
:10dcf400212845000000a28c08004000000000001c
:10dd04003cde009d60dd009d98dd009dd0dd009d22
:10dd14003cde009d08de009d3cde009d3cde009d57
:10dd240028dd009d48089024212800007956400fe2
:10dd340021200002212000023d00053c534c400fed
:10dd44000009a52408000424212800001400bf8f22
:10dd54001000b08fb543400b1800bd27480890242d
:10dd6400400005247956400f2120000221200002a2
:10dd74003d00053c534c400f0009a5240100042438
:10dd8400212800001400bf8f1000b08fb543400b52
:10dd94001800bd2748089024000105247956400f37
:10dda40021200002212000023101053c534c400f88
:10ddb400002da52402000424212800001400bf8f94
:10ddc4001000b08fb543400b1800bd2748089024bd
:10ddd400212800007956400f212000022120000252
:10dde4003d00053c534c400f0009a52403000424c6
:10ddf400212800001400bf8f1000b08fb543400be2
:10de04001800bd2748089024212800007956400fa7
:10de140021200002212000023d00053c534c400f0c
:10de24000009a52408000424b543400f212800005c
:10de34007d37400b030004241400bf8f1000b08f03
:08de44000800e0031800bd27ef
:020000040000fa
:020000041d00dd
:10de4c00e0ffbd271c00bfaf1800b2af1400b1af8c
:10de5c001000b0af2188a0003f00a53021808000c9
:10de6c00c000a534808784277c58400f2190c000c7
:10de7c003b0105927c58400f8087842721200002ab
:10de8c00c64a400f212840020700222e40004010b5
:10de9c002120000280881100019d023cbcde42243e
:10deac00218851000000228e080040000000000074
:10debc00fcde009d9cdf009d9cdf009d20df009d13
:10decc004cdf009d70df009dd8de009df14f400fb0
:10dedc0000000000808784271c00bf8f1800b28fc1
:10deec001400b18f1000b08f4d58400b2000bd278f
:10defc009152400f00000000808784271c00bf8fc8
:10df0c001800b28f1400b18f1000b08f4d58400b19
:10df1c002000bd274143400f0000000004000224f4
:10df2c00ac0302ae808784271c00bf8f1800b28f11
:10df3c001400b18f1000b08f4d58400b2000bd273e
:10df4c004143400f00000000808784271c00bf8fd6
:10df5c001800b28f1400b18f1000b08f4d58400bc9
:10df6c002000bd27f14f400f0000000006000224e6
:10df7c00ac0302ae808784271c00bf8f1800b28fc1
:10df8c001400b18f1000b08f4d58400b2000bd27ee
:10df9c007952400f00000000808784271c00bf8f3f
:10dfac001800b28f1400b18f1000b08f4d58400b79
:04dfbc002000bd275d
:020000040000fa
:020000041d00dd
:10dfc000c0ffbd273c00bfaf3800b7af3400b6afcd
:10dfd0003000b5af2c00b4af2800b3af2400b2af0f
:10dfe0002000b1af1c00b0af219080002188a000bc
:10dff0002180c0002198000008000724ff0015249c
:10e00000d0ff1624009d173c340035125c5ff726c4
:10e010003c0015522120400204003132ff00313211
:10e020000300103225a0360225a01402ff0094320e
:10e0300021204002020005245641400f2130800279
:10e040004554400f01000424a403438e0100022420
:10e050000500625040888427a803428e090040547e
:10e0600001007326408884271555400f2128e002bf
:10e070004088842721288002a05a400f02000624ed
:10e0800001007326020002240a0062123c00bf8fc6
:10e090002300601200000000010042920600405080
:10e0a0003800b78fdaff3516030007243838400be5
:10e0b000212040023800b78f3400b68f3000b58f72
:10e0c0002c00b48f2800b38f2400b28f2000b18fb2
:10e0d0001c00b08f0800e0034000bd272120400253
:10e0e000020005242130e000aa39400f1000a7af3c
:10e0f00004004230ff005130c7ff15161000a78ff3
:10e1000021204002020005242130e000aa39400ffe
:10e110001000a7af030050300638400b1000a78f47
:10e12000bbff3516080007243838400b2120400279
:020000040000fa
:020000041d00dd
:10e13000e8ffbd271400bfaf4158400f2120000069
:10e14000010004244158400f858182a3ff00433819
:10e150000400601085818593ff00a33812006014cd
:10e160000100422430000224858182a3300005246e
:10e1700031000224848182a3965a400f212000009e
:10e1800084818593965a400f0100042485818293ef
:10e19000918082a384818293928082a31400bf8f96
:10e1a0000800e0031800bd27ff0042303a000324b6
:10e1b0000f0043144700442c41000224848182a3b1
:10e1c000965a400f2120000084818593965a400f73
:10e1d0000100042485818293918082a384818293ab
:10e1e000928082a31400bf8f0800e0031800bd27af
:10e1f000e1ff8054848182a30100a5243000022421
:10e20000ff00a5301400a310848182a34700a32c33
:10e21000ebff6054858185a3858182a331000224b0
:10e22000848182a330000524965a400f21200000eb
:10e2300084818593965a400f01000424858182933e
:10e24000918082a384818293928082a31400bf8fe5
:10e250000800e0031800bd2741000224858182a345
:10e2600041000524965a400f2120000084818593a7
:10e27000965a400f0100042485818293918082a3e5
:10e2800084818293928082a31400bf8f0800e003f0
:04e290001800bd278e
:020000040000fa
:020000041d00dd
:10e29400d8ffbd272400bfaf2000b2af1c00b1af30
:10e2a4001800b0af2180800009008690010003248b
:10e2b4000700c310211000002400bf8f2000b28f7c
:10e2c4001c00b18f1800b08f0800e0032800bd27a0
:10e2d4000800839002006330f8ff60102400bf8fb1
:10e2e4001c00838c2b306500f3ffc0142188a00030
:10e2f400f1ff601001000224763e400f1000128ee0
:10e304001500401021100000190020162400048e6e
:10e314000b47400f2000058e0f0040102110000015
:10e32400eb38400b200000ae0b47400f000000000c
:10e3340009004010211000002400048e0c00058efa
:10e34400ff0f063c103d400fffffc634170040543a
:10e3540008000492211000002400bf8f2000b28f17
:10e364001c00b18f1800b08f0800e0032800bd27ff
:10e374000c00058ed044400f1000a627f5ff401076
:10e38400100002242400048e2000839017006210e1
:10e394001000a58fff0f023cf8ff42342b10a2009f
:10e3a400e1ff4014000000000800049209000292fa
:10e3b40080ff0324251883001c0011aee5ff4010e4
:10e3c400080003a2ca42400f21200002e1ff4010ce
:10e3d4002b285102212000020a902502763e400f8c
:10e3e40021284002b038400b2400bf8fe838400b8e
:04e3f400f8ff0234f8
:020000040000fa
:020000041d00dd
:10e3f80000e85d4100701b4002601a4090ffbd2795
:10e408006c00bbaf00601b406800baaf00681a40e0
:10e418006400bbaf82d21a00847a5b7f44201b7ce5
:10e4280000609b401800a3af1400a2af6800a38f40
:10e438000f00633011006014000000005400bfafeb
:10e448005000b9af4c00b8af4800afaf4400aeaf12
:10e458004000adaf3c00acaf3800abaf3400aaaf62
:10e468003000a9af2c00a8af2800a7af2400a6afa2
:10e478002000a5af1c00a4af1000a1af121000002f
:10e488005c00a2af101800005800a3af2758400f37
:10e498001700042488bf023c2060428c01004230ef
:10e4a800040040140100032400a0023cc40f4224cd
:10e4b8009c0343a05c00a28f130040005800a38f68
:10e4c800110060006800a28f0f0042301300401452
:10e4d800000000005400bf8f5000b98f4c00b88f67
:10e4e8004800af8f4400ae8f4000ad8f3c00ac8f2a
:10e4f8003800ab8f3400aa8f3000a98f2c00a88f6a
:10e508002800a78f2400a68f2000a58f1c00a48fa9
:10e518001800a38f1400a28f1000a18f0060604123
:10e52800c00000006c00ba8f6400bb8f00709a4076
:10e538006800ba8f7000bd2702609a4000e8dd418c
:08e5480000609b401800004236
:020000040000fa
:020000041d00dd
:10e5500000a0023c6021438c5100601400000000c8
:10e56000d8ffbd272400bfaf2000b4af1c00b3af5d
:10e570001800b2af1400b1af1000b0af00a0123c51
:10e580005821438e0300601421a0400000a0033cea
:10e590006821632400a0133c5c21628e06004014b5
:10e5a000828703000000043c0008842400a0023c91
:10e5b000682142242110440000e0647c0200103aeb
:10e5c0000a18900021806000828f020000e0437ce6
:10e5d0000200313a0a107100d458400f21884000df
:10e5e0000000438c0400428c2b20030204008014a2
:10e5f000211062002b200202080080542b183002e8
:10e6000000a0043cc40f842400e0847c2b20640020
:10e610001c008014218060002b183002050060145b
:10e620002b1802022b1822020500605400a0023ca5
:10e630002b180202130060102188400000a0023c49
:10e64000c40f4224421702000500032403004314b0
:10e65000040003249939400b00a0023c0600431437
:10e660000080023c25800202582150ae25882202fb
:10e670009f39400b5c2171ae582151ae5821428e1a
:10e68000602182ae2400bf8f2000b48f1c00b38fa6
:10e690001800b28f1400b18f1000b08f2800bd2772
:08e6a0000800e0030000000087
:020000040000fa
:020000041d00dd
:10e6a800d0ffbd272c00bfaf2800b4af2400b3af04
:10e6b8002000b2af1c00b1af1800b0af21a0c0005d
:10e6c800218080002198a0003537400f2128c00004
:10e6d8004808112620006526ff00a5300058400f85
:10e6e80021202002212020020058400f212800006c
:10e6f800212020020058400f2128000021901302f9
:10e70800930842a221200002a23a400f2128800249
:10e71800240002920a004014212000029308429229
:10e728002c00bf8f2800b48f2400b38f2000b28f35
:10e738001c00b18f1800b08f0800e0033000bd271f
:10e748000c32400f2128600221200002212860029b
:10e75800b14e400f009d143c212000028554400f0b
:10e768002c5d85262120000293084592b14e400f6a
:10e7780006001124212000028554400f2c5d8526b7
:10e78800930844920a0006241000a527954c400fd0
:10e79800c2210400212000028554400f2128400096
:10e7a8002c5d9426ffff1324212000028554400f7e
:10e7b80021288002930844920a0006241000a52705
:10e7c80007202402954c400f0100843021200002cc
:10e7d800212840008554400fffff3126f3ff3316f0
:10e7e800212000021954400f21200002ca39400b91
:04e7f80093084292ae
:020000040000fa
:020000041d00dd
:10e7fc00d8ffbd272400bfaf2000b1af1c00b0afc5
:10e80c0021808000240084902188a0005035400f86
:10e81c002128000024000492f33a400f2800058eb2
:10e82c00250004925035400f010005242500049268
:10e83c00f33a400f2c00058e400004929d58400f77
:10e84c003c00058e212000026257400f2128200237
:10e85c001000068e0c00048e1400058e0800038e2a
:10e86c003800028e2120c40021208500040064acf5
:10e87c00000040ac3800028e1b43053c83dea534ff
:10e88c00bc8d838f19006500102800001000088ec5
:10e89c002000478c0c00048e1400068e0400038e9e
:10e8ac00ff00e730212004011000a7a321208600df
:10e8bc001000a693040064ac400004928230040063
:10e8cc0003008430c02004000031060088bf033ce4
:10e8dc0090106324211866001f0006240430860063
:10e8ec00040066ac41000692c22c0500ffffa52473
:10e8fc0004208600ffffa530080064ac300045ac56
:10e90c0040000324140043ac3800028e230000a204
:10e91c00000040ac3800038e010002242081043436
:10e92c00080064ac2400bf8f2000b18f1c00b08f96
:08e93c000800e0032800bd27dc
:020000040000fa
:020000041d00dd
:10e9440000e85d4100701b4002601a4090ffbd2743
:10e954006c00bbaf00601b406800baaf00681a408f
:10e964006400bbaf82d21a00847a5b7f44201b7c94
:10e9740000609b401800a3af1400a2af6800a38fef
:10e984000f00633011006014000000005400bfaf9a
:10e994005000b9af4c00b8af4800afaf4400aeafc1
:10e9a4004000adaf3c00acaf3800abaf3400aaaf11
:10e9b4003000a9af2c00a8af2800a7af2400a6af51
:10e9c4002000a5af1c00a4af1000a1af12100000de
:10e9d4005c00a2af101800005800a3afec82848f33
:10e9e40003008010000000003c45400f00000000c0
:10e9f4005c00a28f130040005800a38f1100600038
:10ea04006800a28f0f004230130040140000000081
:10ea14005400bf8f5000b98f4c00b88f4800af8f9f
:10ea24004400ae8f4000ad8f3c00ac8f3800ab8ffc
:10ea34003400aa8f3000a98f2c00a88f2800a78f3c
:10ea44002400a68f2000a58f1c00a48f1800a38f7c
:10ea54001400a28f1000a18f00606041c00000006c
:10ea64006c00ba8f6400bb8f00709a406800ba8f44
:10ea74007000bd2702609a4000e8dd4100609b40c1
:04ea84001800004234
:020000040000fa
:020000041d00dd
:10ea8800e8ffbd271400bfaf1000b0af0900a22ceb
:10ea9800140040102180800080280500019d023c60
:10eaa800bcea4224212845000000a28c080040004e
:10eab80000000000ecea009d94eb009d5ceb009ddb
:10eac80024eb009decea009d18eb009decea009d0c
:10ead800ecea009de0ea009d08000424b543400fdd
:10eae80001000524480810263101053c002da52405
:10eaf800534c400f21200002212000020001052470
:10eb08001400bf8f1000b08f7956400b1800bd2736
:10eb180008000424b543400f010005240300042421
:10eb2800b543400f01000524480810263101053c73
:10eb3800002da524534c400f212000022120000263
:10eb4800000105241400bf8f1000b08f7956400bc8
:10eb58001800bd2702000424b543400f0100052416
:10eb6800480810263101053c002da524534c400fc0
:10eb78002120000221200002000105241400bf8f7b
:10eb88001000b08f7956400b1800bd2701000424ef
:10eb9800b543400f01000524480810263101053c03
:10eba800002da524534c400f2120000221200002f3
:10ebb800000105241400bf8f1000b08f7956400b58
:04ebc8001800bd274d
:020000040000fa
:020000041d00dd
:10ebcc00e8ffbd271400bfaf948d82933100401431
:10ebdc00019d023c7c69422421108200000042907d
:10ebec00ff00032440004310ff00a3302e00662cce
:10ebfc000400c0140f00a6300080a6301d00c01405
:10ec0c000f00a6300800c72c1800e0100080a730b9
:10ec1c00019d073c6869e7242120e40000008490f2
:10ec2c00001aa87c02390400243807012800e010df
:10ec3c000080a5301f00a014801803008010020073
:10ec4c0081bf033c00fb632421106200000046ac32
:10ec5c00915a400f00000000000040ac010002245b
:10ec6c001400bf8f0800e0031800bd27e9ffe01473
:10ec7c00019d073c915a400f000000001300032433
:10ec8c00000043ac211000001400bf8f0800e0030b
:10ec9c001800bd27915a400f00000000010003240a
:10ecac00000043ac211000001400bf8f0800e003eb
:10ecbc001800bd2781bf023c04fa422421184300ee
:10eccc000f008430000064ac173b400b00000000c8
:10ecdc00915a400f0000000006000324000043acd2
:10ecec00253b400b21100000915a400f0000000002
:10ecfc0002000324000043ac253b400b2110000014
:020000040000fa
:020000041d00dd
:10ed0c00d0ffbd272c00bfaf2800b5af2400b4af97
:10ed1c002000b3af1c00b2af1800b1af1400b0affd
:10ed2c002180a0002190c0001800a0043c82878f95
:10ed3c00219880003c82878f808805000002152472
:10ed4c00ffff1424071833020f0063300a00652cf0
:10ed5c0037006224300063244882868f2138c70034
:10ed6c000b1065000000e2a0ffff1026fcff31260f
:10ed7c003c82828f0100422421384000170055103c
:10ed8c003c8282aff0ff14160718330201000224f4
:10ed9c00180042124882828f213847000a00022450
:10edac000000e2a03c82828f010042240002032476
:10edbc00180043103c8282af2c00bf8f2800b58f07
:10edcc002400b48f2000b38f1c00b28f1800b18fb9
:10eddc001400b08f0800e0033000bd273959400ff4
:10edec0000000000d7ff14163c82878f673b400b56
:10edfc0001000224213847002c0002240000e2a06c
:10ee0c003c82828f0100422400020324eaff431457
:10ee1c003c8282af2c00bf8f2800b58f2400b48faa
:10ee2c002000b38f1c00b28f1800b18f1400b08f6c
:08ee3c003959400b3000bd27dd
:020000040000fa
:020000041d00dd
:10ee4400e0ffbd271c00bfaf1800b1af1400b0af86
:10ee5400218080000000828c1c00428c09f8400054
:10ee64002188a0001c0004925035400f2128000086
:10ee74001d0004925035400f212800001c0004920c
:10ee8400f33a400f2000058e1d000492f33a400f20
:10ee94002400058e190004929d58400f1400058e1d
:10eea400190004921a000592a853400f1b00069201
:10eeb4003400038e3800048e3000058e2800078e3f
:10eec4002c00028e1000068e212064002120850073
:10eed4000300053c400da5242b2825020400e4acc6
:10eee400040044ac080043ac1000c0ac1000028e17
:10eef4001100a014bc8d838f821803001b007100c5
:10ef0400f401200212180000ffff6324400043ac08
:10ef140008800334000043ac1000028e0014032464
:10ef2400100043ac1c00bf8f1800b18f1400b08fc9
:10ef34000800e0032000bd27021903001b00710034
:10ef4400f401200212180000ffff6324400043acc8
:10ef540000800334000043ac1000028e001403242c
:10ef6400100043ac1c00bf8f1800b18f1400b08f89
:08ef74000800e0032000bd27a6
:020000040000fa
:020000041d00dd
:10ef7c0000e85d4100701b4002601a4090ffbd2705
:10ef8c006c00bbaf00601b406800baaf00681a4051
:10ef9c006400bbaf82d21a00847a5b7f44201b7c56
:10efac0000609b401800a3af1400a2af6800a38fb1
:10efbc000f00633011006014000000005400bfaf5c
:10efcc005000b9af4c00b8af4800afaf4400aeaf83
:10efdc004000adaf3c00acaf3800abaf3400aaafd3
:10efec003000a9af2c00a8af2800a7af2400a6af13
:10effc002000a5af1c00a4af1000a1af12100000a0
:10f00c005c00a2af101800005800a3af6149400f7c
:10f01c00888a84275c00a28f130040005800a38fbd
:10f02c00110060006800a28f0f00423013004014e2
:10f03c00000000005400bf8f5000b98f4c00b88ff7
:10f04c004800af8f4400ae8f4000ad8f3c00ac8fba
:10f05c003800ab8f3400aa8f3000a98f2c00a88ffa
:10f06c002800a78f2400a68f2000a58f1c00a48f3a
:10f07c001800a38f1400a28f1000a18f00606041b4
:10f08c00c00000006c00ba8f6400bb8f00709a4007
:10f09c006800ba8f7000bd2702609a4000e8dd411d
:08f0ac0000609b4018000042c7
:020000040000fa
:020000041d00dd
:10f0b40000e85d4100701b4002601a4090ffbd27cc
:10f0c4006c00bbaf00601b406800baaf00681a4018
:10f0d4006400bbaf82d21a00847a5b7f44201b7c1d
:10f0e40000609b401800a3af1400a2af6800a38f78
:10f0f4000f00633011006014000000005400bfaf23
:10f104005000b9af4c00b8af4800afaf4400aeaf49
:10f114004000adaf3c00acaf3800abaf3400aaaf99
:10f124003000a9af2c00a8af2800a7af2400a6afd9
:10f134002000a5af1c00a4af1000a1af1210000066
:10f144005c00a2af101800005800a3af6149400f43
:10f15400408884275c00a28f130040005800a38fce
:10f16400110060006800a28f0f00423013004014a9
:10f17400000000005400bf8f5000b98f4c00b88fbe
:10f184004800af8f4400ae8f4000ad8f3c00ac8f81
:10f194003800ab8f3400aa8f3000a98f2c00a88fc1
:10f1a4002800a78f2400a68f2000a58f1c00a48f01
:10f1b4001800a38f1400a28f1000a18f006060417b
:10f1c400c00000006c00ba8f6400bb8f00709a40ce
:10f1d4006800ba8f7000bd2702609a4000e8dd41e4
:08f1e40000609b40180000428e
:020000040000fa
:020000041d00dd
:10f1ec00d8ffbd272400bfaf2000b3af1c00b2afc7
:10f1fc001800b1af1400b0af8b5a400f21808000c3
:10f20c00230000122198400008809027128092273a
:10f21c008c3c400b0002112401001026130012122a
:10f22c0021206002000005923c82838f4882868fe9
:10f23c002118c300000065a03c82838f0100632469
:10f24c00f5ff71143c8283afdc82838fe082858f63
:10f25c002b1865002500601000000000010010262e
:10f26c00f0ff1216e08280af212060020700052417
:10f27c00213000002400bf8f2000b38f1c00b28f00
:10f28c001800b18f1400b08f433b400b2800bd27f2
:10f29c00148090271d809227ae3c400b0002112455
:10f2ac0001001026f1ff12122120600200000592cd
:10f2bc003c82838f4882868f2118c300000065a092
:10f2cc003c82838f01006324f5ff71143c8283af71
:10f2dc00dc82838fe082858f2b186500070060101d
:10f2ec0000000000ab3c400be08280afed34400fdf
:10f2fc00010010268a3c400b00000000ed34400f4a
:0cf30c0001001026ac3c400b000000008b
:020000040000fa
:020000041d00dd
:10f31800b8ffbd274400bfaf4000beaf3c00b7af49
:10f328003800b6af3400b5af3000b4af2c00b3af7f
:10f338002800b2af2400b1af2000b0af21b08000e8
:10f348002190a00021a0c00021b8e0005800b18f92
:10f358005c00b58f6000b38f6400b08f04009e8c92
:10f368002120c0034356400f0400e58c11004010d3
:10f3780000000000000011ae08004006040014aeb2
:10f388002188320206000224269871020100032413
:10f398000b107300033d400b0c0002aefeff03246c
:10f3a800190043162110000001000324043d400bfe
:10f3b8000c0003ae070033560800c48e2120c0039a
:10f3c8004356400f0400a58e0e004054080014aeaa
:10f3d8000800c48e0000828c1000b1af1400b5afd5
:10f3e8001800b3af1c00b0af1c00428c21284002ab
:10f3f8002130800209f840002138e002053d400b29
:10f408004400bf8f211000004400bf8f4000be8f12
:10f418003c00b78f3800b68f3400b58f3000b48ffa
:10f428002c00b38f2800b28f2400b18f2000b08f3a
:08f438000800e0034800bd27b5
:020000040000fa
:020000041d00dd
:10f44000d0ffbd272c00bfaf2800b3af2400b2af60
:10f450002000b1af1c00b0af0200a22c300040145d
:10f460002180a000218880000c00828c01004224b1
:10f470002b104500220040142190000020008390b2
:10f480001c00938c02120500c22105001000653893
:10f490000b10850021985300a480828f0700621210
:10f4a0002120600221280000744c400f1000a6affc
:10f4b000130040101000a68f200023921000022499
:10f4c00020006210808382277f001032808010002d
:10f4d00021805000000006ae7883839318002292aa
:10f4e000010063340200422c1b004014788383a384
:10f4f0000800228e0100122421986202748393afc7
:10f50000211040022c00bf8f2800b38f2400b28f3f
:10f510002000b18f1c00b08f0800e0033000bd2731
:10f5200021900000211040022c00bf8f2800b38fd3
:10f530002400b28f2000b18f1c00b08f0800e003c0
:10f540003000bd27ff0010324080100021805000a5
:10f55000363d400b000006a6403d400b0100122442
:020000040000fa
:020000041d00dd
:10f56000c8ffbd273400bfaf3000b7af2c00b6af27
:10f570002800b5af2400b4af2000b3af1c00b2af79
:10f580001800b1af1400b0af21a080006800912432
:10f5900021b0c0008a56400f21a8a0000200052417
:10f5a0000058400f21202002212020020058400f47
:10f5b000212800001100c01201001024ffffd626f0
:10f5c00021800000200013242110b002000045908b
:10f5d000ff00123201004226212020020058400f75
:10f5e000ff00573018001656010010260200502662
:10f5f0002000f72e0800e012ff0010322120200228
:10f600000058400f21280000010003262000022e90
:10f61000faff4014ff007030212080023400bf8fb9
:10f620003000b78f2c00b68f2800b58f2400b48f20
:10f630002000b38f1c00b28f1800b18f1400b08f60
:10f640000d58400b3800bd27e0ff13162110b00203
:10f65000212080023400bf8f3000b78f2c00b68f7e
:10f660002800b58f2400b48f2000b38f1c00b28f08
:10f670001800b18f1400b08f0d58400b3800bd2713
:020000040000fa
:020000041d00dd
:10f6800080bf073ce8030624009d053cd013a52459
:10f690000200042488bf033c4010632488bf023c5e
:10f6a000701042240060e8240062e7248c8a80af56
:10f6b000908a86af888a85af988a88af2700082409
:10f6c000a08a88a320000824a18a88a3a28a84a3f0
:10f6d000a38a80a3019d083c7cef08259c8a88af03
:10f6e000cc8c80af0e000824a48a88a306000824ce
:10f6f000a58a88a301010824a88a88af1384083446
:10f70000ac8a88afb08a83afb48a82af8000082405
:10f71000b88a88af00010824bc8a88af0002082498
:10f72000c08a88af448880af488886af408885af5c
:10f73000508887af35000524588885a32500052407
:10f74000598885a35a8884a35b8880a3019d043cc3
:10f75000b4f08424548884af848a80af0b000424de
:10f760005c8884a30c0004245d8884a3020804241c
:10f77000608884af15820434648884af688883af5e
:10f780006c8882af2000023c708882af4000023c4f
:10f79000748882af8000023c0800e003788882af62
:020000040000fa
:020000041d00dd
:10f7a000e8ffbd271400bfaf1000b0af3b47400fcc
:10f7b000218080004554400ff401042421200002e0
:10f7c00002000624f847400f2128000021200002f3
:10f7d000009d053ceb4a400ff85fa5242120000264
:10f7e000009d053c8554400f1060a5242120000297
:10f7f000384d400f0800052421200002b14e400f73
:10f80000212840001954400f2120000201000292db
:10f810000e004050009d053c009d053c3060a52435
:10f820008554400f2120000221200002384d400f56
:10f830000300052421200002b14e400f2128400082
:10f840001954400f21200002009d053c5060a52462
:10f850008554400f21200002212000027b50400fe0
:10f860000f00052421200002b14e400f2128400046
:10f870001954400f2120000221200002009d053c68
:10f88000eb4a400f6860a52421200002009d053c42
:10f890003551400f0c5ba5247c5a400f808784278c
:10f8a0004554400f05000424808784271400bf8f2f
:0cf8b0001000b08f0354400b1800bd275f
:020000040000fa
:020000041d00dd
:10f8bc000098a27c0055a97cc22f05000098e37c1f
:10f8cc000055e87cff070a2404002a15c23f0700f4
:10f8dc00255044003a004015ff070a2403000a157e
:10f8ec00255066002f004055feff0224060020150f
:10f8fc002550440001004a2d1200001521584001ea
:10f90c00483e400b255066001000001521580000a1
:10f91c00255066000700601101004a2d210040159a
:10f92c0021100000ffff0224010003240800e00363
:10f93c000b1067000500401100000000673e400bf3
:10f94c0001000224f8ff4055ffff02241000a754c9
:10f95c00010002242a3809010d00e05401000224a0
:10f96c002a40280114000055ffff02242b386200a6
:10f97c000700e05401000224080043142b1043003c
:10f98c002b10c400090040502b20860001000224db
:10f99c00ffff03240800e0030b1065000600405431
:10f9ac00ffff02240800e00300000000fdff8010b0
:10f9bc0021100000ffff0224683e400b01000324cd
:0cf9cc00feff02240800e0030000000021
:020000040000fa
:020000041d00dd
:10f9d800d8ffbd272400bfaf2000b3af1c00b2afd3
:10f9e8001800b1af1400b0af2180800009008390e7
:10f9f80023006010211000001c00848c2b2085003f
:10fa08001f0080142198a000020002241b006250ed
:10fa1800100013ae23006012ffff64262400038e3b
:10fa28001000028e10007190ffff43240900312658
:10fa380006182302068824022b202302170080546c
:10fa48002000028e150040502000028e23882302d9
:10fa58009e3e400b0c0012262400048e0c00058ede
:10fa6800d044400fffff312618004010211000003d
:10fa7800f9ff201621304002100013ae01000224c5
:10fa88002400bf8f2000b38f1c00b28f1800b18fe5
:10fa98001400b08f0800e0032800bd27963e400bf5
:10faa8000c0002ae0c0000ae100000ae01000224f3
:10fab8002400bf8f2000b38f1c00b28f1800b18fb5
:10fac8001400b08f0800e0032800bd272400bf8f72
:10fad8002000b38f1c00b28f1800b18f1400b08fb4
:08fae8000800e0032800bd271f
:020000040000fa
:020000041d00dd
:10faf000d0ffbd272c00bfaf2800b5af2400b4afa6
:10fb00002000b3af1c00b2af1800b1af1400b0af0b
:10fb1000a880828f2b10440026004014218880008a
:10fb20002190a000029d153c00e0b4260010932611
:10fb3000218080022120000221282002d640400f8f
:10fb4000213040022500401400041026faff13560d
:10fb500021200002594b400f808584272d5a400fe9
:10fb600000e0a426029d043c2d5a400f00e48424aa
:10fb7000029d043c2d5a400f00e88424029d043c61
:10fb80002d5a400f00ec8424174e400f80858427a7
:10fb9000218080022120000221282002d640400f2f
:10fba000213040020d00401400041026faff131605
:10fbb00021200002211000002c00bf8f2800b58feb
:10fbc0002400b48f2000b38f1c00b28f1800b18fb7
:10fbd0001400b08f0800e0033000bd2701000224ac
:10fbe0002c00bf8f2800b58f2400b48f2000b38f66
:10fbf0001c00b28f1800b18f1400b08f0800e00312
:04fc00003000bd27ec
:020000040000fa
:020000041d00dd
:10fc0400e0ffbd271c00bfaf1800b0af0100829019
:10fc140034004010218080000300829032004010a4
:10fc24001c00bf8f3100a0501800b08f2120a0000d
:10fc34003f5a400f1000a5af200043282900601050
:10fc44001000a58f21180000200007242130030292
:10fc540001006324fdff67144500c0a002000324d3
:10fc6400450003a20100032427004018650003a2f5
:10fc74000100062421180000010004240100c72407
:10fc8400ff00e7302140a30021480602000008815c
:10fc940005008010010063242130e000450028a104
:10fca4002000e42c650007a2f5ff43140100c724db
:10fcb400100080140100c224212000024500052602
:10fcc400583d400f20000624650000a221100000ca
:10fcd400200004242118020201004224fdff4414e0
:10fce400450060a01c00bf8f1800b08f0800e0031f
:10fcf4002000bd27ff004230213006024500c0a08d
:10fd04002f3f400b650002a2020002243f3f400b3c
:04fd140001000624c0
:020000040000fa
:020000041d00dd
:10fd1800d8ffbd272400bfaf2000b3af1c00b2af8f
:10fd28001800b1af1400b0af21808000ae5a400f68
:10fd38002188a00000a0123cd01c52260800428e48
:10fd48000400538c0408137c238871026f00312649
:10fd58000430117c80ff31268000222a05004050a3
:10fd680021200002b05a400f21200002843f400b9e
:10fd7800211000003d55400f212800000800438e47
:10fd880021187300f7ff431400000000212000022f
:10fd98003d55400f23281100ffff03241000435452
:10fda8000800428e212000023d55400f2128000006
:10fdb8000800438e2320430010008528e9ffa01483
:10fdc80000a0053c4421a58c2310450000a0053c5b
:10fdd800d820a2ac010084345b3f400b040064ac23
:10fde8002398710201007336040053ac00a0023c52
:10fdf800d820438c23887100d82051acb05a400fca
:10fe080021200002010002242400bf8f2000b38fac
:10fe18001c00b28f1800b18f1400b08f0800e003e7
:04fe28002800bd27ca
:020000040000fa
:020000041d00dd
:10fe2c00e0ffbd271c00bfaf1800b0af01008290ef
:10fe3c00330040102180800003008290310040107c
:10fe4c001c00bf8f3000a0501800b08f2120a000e4
:10fe5c003f5a400f1000a5af200043282800601027
:10fe6c001000a58f21180000200007242130030268
:10fe7c0001006324fdff67144500c0a001000324aa
:10fe8c00450003a227004018650003a201000624c8
:10fe9c0021180000010004240100c724ff00e730f2
:10feac002140a300214806020000088105008010b3
:10febc00010063242130e000450028a12000e42c3f
:10fecc00650007a2f5ff43140100c724100080143d
:10fedc000100c2242120000245000526583d400f98
:10feec0020000624650000a221100000200004243c
:10fefc002118020201004224fdff4414450060a0b9
:10ff0c001c00bf8f1800b08f0800e0032000bd2735
:10ff1c00ff004230213006024500c0a0b83f400b24
:10ff2c00650002a202000224c83f400b0100062417
:020000040000fa
:020000041d00dd
:10ff3c000098a37c0055a97cc22f05000098e87c92
:10ff4c000055ea7cff07022405002215c23f07007a
:10ff5c00255864003700601502000224ff070224b4
:10ff6c0003004215255806013200601502000224d8
:10ff7c000300201521100000251064000100422c04
:10ff8c000d004015255806010700401001006b2d8f
:10ff9c002800601521100000ffff0224010003243b
:10ffac000800e0030b10670005006011010002243b
:10ffbc000540400bffff0324f8ff4014ffff022411
:10ffcc001000a714010002242a1049010d0040540e
:10ffdc00010002242a482a0114002015ffff0224e4
:10ffec002b10030107004014010002240800685480
:10fffc002b1868002b10c400090040502b208600e1
:020000041d01dc
:10000c0001000224ffff03240800e0030b1065002d
:10001c0006006054ffff02240800e00321100000da
:10002c000400801021100000ffff02240540400b4b
:0c003c00010003240800e00300000000a5
:020000040000fa
:020000041d01dc
:10004800e0ffbd271c00bfaf1800b1af1400b0af70
:100058004011050080838327211062000b00439024
:100068002180800011006330040060102188c000e6
:100078004200c3302900605421100000180005a276
:10008800a480838f140003ae15004390140046909b
:100098001b0045901a004490001a030025186600ba
:1000a800002a0500001c03002528a4002528650057
:1000b800200005ae0b004390180063301400605414
:1000c800100002241f0043881c00439801000224ea
:1000d800090002a21c0003ae0f0022324000313298
:1000e800080002a20c0000ae100000ae0b002012a7
:1000f8000100022421200002212800001c00bf8fdb
:100108001800b18f1400b08fa538400b2000bd2710
:10011800070062502400048e211000001c00bf8fcd
:100128001800b18f1400b08f0800e0032000bd272d
:10013800db45400f1c000626f7ff40100400022490
:080148003840400b090002a23f
:020000040000fa
:020000041d01dc
:10015000d0ffbd272c00bfaf2800b2af2400b1af45
:100160002000b0af2188a0002190c0000900052424
:100170001000a6274346400f218080001300401046
:100180000b0002241800a28f8005427c0e00401054
:10019000030002240c0003920300621021200002dd
:1001a000408a110040921200200005245142400f65
:1001b0002130200210004010212000020a000224f9
:1001c0007440400b050002a20b000224050002a2ad
:1001d00010000492b543400f0100052421100000d7
:1001e0002c00bf8f2800b28f2400b18f2000b08f69
:1001f0000800e0033000bd27210005245142400fd4
:1002000021304002eeff40140a00022421200002a7
:10021000260005245142400f21300000e8ff401421
:100220000a000224212000027c4a400f10270524e6
:1002300004004054100004920c0002247440400b4f
:10024000050002a2b543400f010005247840400b91
:040250000100022483
:020000040000fa
:020000041d01dc
:10025400d0ffbd272c00bfaf2800b3af2400b2af3e
:100264002000b1af1c00b0af218880002000908c2a
:100274002198a0002190c000070000162110000062
:10028400af40400b2c00bf8f1000a28f10006254af
:100294002400238e218060002400248e2128000263
:1002a400d044400f1000a627f7ff40140100032696
:1002b400211000002c00bf8f2800b38f2400b28fc0
:1002c4002000b18f1c00b08f0800e0033000bd2770
:1002d40020006590100004240300a410f8ff0434e7
:1002e400ff0f043cf8ff84342b204400f1ff8014fa
:1002f400211000002000228e100065901400648cf0
:10030400feff42240410a20021104400000062ae4b
:10031400040064901400628c10006390feff1026a9
:1003240021108200ffff422404807000211050003d
:10033400000042ae010002242c00bf8f2800b38fbe
:100344002400b28f2000b18f1c00b08f0800e0039e
:040354003000bd2791
:020000040000fa
:020000041d01dc
:10035800d0ffbd272c00bfaf2800b6af2400b5af33
:100368002000b4af1c00b3af1800b2af1400b1af97
:100378001000b0af21a0800021a8a00021b0c000cb
:100388002180800021880000ff001324000112242e
:100398000000058e0100a330260060104000a77cf5
:1003a8001700e01080a8a37cff0002240900c212f5
:1003b800000103240800231221100000fdff05247a
:1003c80084b8a57e04fec57e80201100ee59400f3a
:1003d80021208402010002242c00bf8f2800b68f40
:1003e8002400b58f2000b48f1c00b38f1800b28f83
:1003f8001400b18f1000b08f0800e0033000bd2753
:10040800a880848f2b3883000b1887000a00755446
:10041800010031260300039221200002edff76102f
:100428000400057cee59400f00000000eaffd312db
:100438000100022401003126d5ff321604001026df
:10044800ff000224e3ffc21221100000f940400b14
:040458002c00bf8f26
:020000040000fa
:020000041d01dc
:10045c00e8ffbd271400bfaf1000b0af2f0002247f
:10046c000c00a21021808000d0ffa5240a00a22c31
:10047c002d004050009d053cff00a5300600a22c2d
:10048c001f004050009d053cb335400f000000009c
:10049c0021200002009d053c8554400fa45ca5243e
:1004ac00a403028effff42240500432c240060109d
:1004bc0080100200019d033c2c6963242110430031
:1004cc000000458c212000028554400f00000000e4
:1004dc0021200002009d053c3551400f0c5ba524ea
:1004ec007c5a400f808784278e0800a2ad0800a29a
:1004fc001400bf8f1000b08f0800e0031800bd2758
:10050c008554400f985ca52421200002009d053cd9
:10051c008554400fb05ca52421200002009d053cb1
:10052c003541400bc45ca5248554400f985ca52430
:10053c0021200002009d053c3541400bd45ca524d4
:0c054c00009d053c3441400bf45aa524ee
:020000040000fa
:020000041d01dc
:10055800d8ffbd272400bfaf2000b4af1c00b3af45
:100568001800b2af1400b1af1000b0af21a0e00086
:10057800218080002190a0002128e0002198c0005f
:100588003537400f4808912440004526ff00a53024
:100598000058400f21202002212020020058400f3f
:1005a80021280000212020020058400f2128600245
:1005b80021200002a23a400f212880022400029242
:1005c8002118120209004014930873a02400bf8f59
:1005d8002000b48f1c00b38f1800b28f1400b18fa5
:1005e8001000b08f0800e0032800bd27212000027a
:1005f800009d053c8554400f505da5242120000234
:10060800b14e400f2128400221200002009d053ce8
:10061800eb4a400f5c5da52421200002009d053cab
:100628003551400f0c5ba524808784272400bf8f99
:100638002000b48f1c00b38f1800b28f1400b18f44
:0c0648001000b08f7c5a400b2800bd272a
:020000040000fa
:020000041d01dc
:10065400d8ffbd272400bfaf2000b2af1c00b1af4c
:100664001800b0af21888000030092902180a00080
:10067400300040162128c00021202002f037400f0e
:100684002130e0008803228e09004018401802003f
:10069400c010020023184300211020022118230255
:1006a4003f0050a006004224feff43543f0050a0e8
:1006b400f620400f2120200218004016212020029d
:1006c400009d053ca45ca5248554400f21202002f4
:1006d40021202002009d053c8554400f705fa52415
:1006e40021202002009d053c8554400f845fa524f1
:1006f40021202002009d053c3551400f0c5ba524b0
:10070400808784272400bf8f2000b28f1c00b18f04
:100714001800b08f7c5a400b2800bd272400bf8fdf
:100724002000b28f1c00b18f1800b08f1342400b11
:100734002800bd271000a6af2f54400f1400a7af08
:0c0744001400a78f9f41400b1000a58ff0
:020000040000fa
:020000041d01dc
:10075000e0ffbd271c00bfaf1800b2af1400b1af5f
:100760001000b0af3d08829009004014218880003d
:1007700045088290110040100300023c4008838c21
:10078000410d42242b1062000d0040101c00bf8f51
:10079000010022920f0040543b012292218020024e
:1007a000180032262500059221202002b651400f64
:1007b00001001026fcff1256250005921c00bf8f79
:1007c0001800b28f1400b18f1000b08f0800e00342
:1007d0002000bd2701004230218020020e00401081
:1007e000180032260b01059221202002b651400f3d
:1007f00001001026f1ff1212212020020b010592a8
:10080000b651400f01001026f7ff12560b0105925a
:10081000f041400b1c00bf8f2301059221202002d4
:10082000b651400f01001026e4ff121221202002d1
:1008300023010592b651400f01001026f7ff125612
:0c08400023010592f041400b1c00bf8f0b
:020000040000fa
:020000041d01dc
:10084c00e0ffbd271c00bfaf1800beaf1400b0af57
:10085c0021f0a00381878293040040102180800046
:10086c0083878293190040548803848c01000224ee
:10087c00030002a2a952400f21200002a403038e00
:10088c00010002240400621040888427a803028e11
:10089c000900405421e8c003009d053cf05ca524f0
:1008ac0021e8c0031c00bf8f1800be8f1400b08f4e
:1008bc00d74c400b2000bd271c00bf8f1800be8feb
:1008cc001400b08f0800e0032000bd272140a003d6
:1008dc0021180000070082240410027c23e8a203e4
:1008ec00ff0085301000a6270e0080182110000094
:1008fc0040200200c03802002320e4002120040222
:10090c003e0084902110c20001006324000044a02a
:10091c008803048eff0063302a206400f4ff8014e7
:10092c0021106000808784270f46400f21e80001ca
:08093c001f42400b01000224e0
:020000040000fa
:020000041d01dc
:10094400d8ffbd272400bfaf2000b4af1c00b3af55
:100954001800b2af1400b1af1000b0af2180800016
:100964000600829021a0a0002e0040142198c0000f
:100974001000049221280000b543400f18001124f0
:10098400212000027c4a400f2c0105242120000272
:100994004550400f40008536f8ff122406283302e4
:1009a40021200002ff00a5304550400ff8ff3126fa
:1009b400fbff3256062833020500801295000524f9
:1009c400ff0005240800943a870002240a285400f2
:1009d4004550400f2120000221880000ff0012240e
:1009e400e750400f21200002201c027c0900600413
:1009f4000b0002a22400bf8f2000b48f1c00b38f11
:100a04001800b28f1400b18f1000b08f0800e003fb
:100a14002800bd27f7ff3212010023267942400b3c
:100a2400ff007130d954400f000000005e42400bbb
:040a34001000049218
:020000040000fa
:020000041d01dc
:100a3800e0ffbd271c00bfaf1800b1af1400b0af76
:100a48002110a0000c00a0142180800012000224b4
:100a5800050082a010000492b543400f0100052450
:100a6800211000001c00bf8f1800b18f1400b08f38
:100a78000800e0032000bd272188c0000c008690f4
:100a8800401a0500180005240300c6380b1066003c
:100a98005142400f2130400003004010040002245e
:100aa8009742400b050002a221200002fe00052407
:100ab8007145400f21302002e7ff4050100004929a
:100ac800212000027c4a400f5802052403004014ec
:100ad800150002249742400b050002a221200002c3
:100ae8000d0005245142400f213000000300401042
:100af800140002249742400b050002a2e750400f61
:100b080021200002fbff405414000224100004922c
:100b1800b543400f010005249b42400b010002240d
:020000040000fa
:020000041d01dc
:100b2800e0ffbd271c00bfaf1800b1af1400b0af85
:100b38000800828006004004218080001c00bf8fce
:100b48001800b18f1400b08f0d4c400b2000bd274a
:100b58001400848c744c400f0100052428004010b8
:100b68001c00bf8f180011920900029240891100e1
:100b78000200422c808383270400401021887100e2
:100b88001c00028e1f0022aa1c0022ba2000028e1e
:100b98007083868fffff433002140200022a03008d
:100ba800022202001a0023a21b0025a2140022a27e
:100bb8000b00c010150024a21800242609f8c00054
:100bc800160025261900229218002392001202000e
:100bd80025104300021a0200120022a2130023a2c9
:100be800080002927f004230080002a21c00bf8f5a
:100bf8001800b18f1400b08f0d4c400b2000bd279a
:100c08001800b18f1400b08f0800e0032000bd2742
:020000040000fa
:020000041d01dc
:100c1800e8ffbd271400bfaf1000b0af21808000ef
:100c28008803848c120080182120040221480002c5
:100c3800213800000600082401000a2421100002bf
:100c480021180000b50046902128470001006324c0
:100c58003d00a6a0fbff68140100422404002aa15d
:100c680014002aa101002925f4ff24150600e72411
:100c7800020000a2000000a2f620400f212000027e
:100c88008803028e0900401840100200eb0043243c
:100c9800eb00022621180302000040a0010040a03a
:100ca80002004224fdff4354000040a0b833400f27
:100cb8002120000221200002150005242130000017
:100cc8005641400f08000724010002920400401416
:100cd8001400bf8f1000b08f0800e0031800bd2774
:100ce80021200002150005242130000003000724fc
:0c0cf8001000b08f5641400b1800bd27c3
:020000040000fa
:020000041d01dc
:100d0400e0ffbd271c00bfaf1800b2af1400b1afa5
:100d14001000b0af3b018390cccc053ccdcca534c6
:100d24001900650010280000c228050040100500c5
:100d3400c02805002110450023106200ff00423046
:100d440008000324240043102180800009000324a8
:100d54001d00431007000324170043100000000087
:100d6400808784277c58400f2128000080878427af
:100d74007c58400f212800009803128e180010247c
:100d8400f8ff11240628120280878427ff00a5306b
:100d94007c58400ff8ff1026fbff1116062812029c
:100da4001c00bf8f1800b28f1400b18f1000b08fd9
:100db4000800e0032000bd272157400f2128000030
:100dc4006043400b9803128e2157400f0200052404
:100dd4006043400b9803128e2157400f01000524f5
:080de4006043400b9803128ede
:020000040000fa
:020000041d01dc
:100dec001300832c3600601021100000019d033c81
:100dfc00546963242118830000006390ff000524cc
:100e0c002f00651000000000e0ffbd271c00bfafe5
:100e1c001800b1af1400b0af019d023c90694224a0
:100e2c00211082000000459080280500019d023ca5
:100e3c00986542242110a200402004000000458c3b
:100e4c00019d023c386a422421186200019d023c3b
:100e5c00946442242120820000006290000084945b
:100e6c00f8ffa4ac81bf103c001c0200020011244e
:100e7c0002000424409003aec08d82a3009000ae0b
:100e8c00509000ae0b000224209002aeb88d828fe1
:100e9c00109002ae00800234089002ae089011aea1
:100eac00f056400f00000000049011ae0100022427
:100ebc001c00bf8f1800b18f1400b08f2000bd270d
:080ecc000800e0030000000033
:020000040000fa
:020000041d01dc
:100ed4001300822c20004010019d023c90694224a2
:100ee40021108200000042901b004010801002007c
:100ef400d8ffbd272400bfaf2000b1af1c00b0afa6
:100f0400019d033c98656324211043000000508c2c
:100f140040200400f0ff1026019d033c94646324e8
:100f2400211883001000028e000071942410220204
:100f34000b004050019d023c1800a014000000006a
:100f4400540011ae640011ae2400bf8f2000b18f95
:100f54001c00b08f2800bd270800e003000000003b
:100f64006c64422421208200000084900f008430ad
:100f740006008014000000000c00a0100000000017
:100f8400380011aed443400b2400bf8fbf53400f31
:100f94001000a5afdf43400b1000a58f580011ae21
:100fa400640011aed443400b2400bf8f340011ae53
:080fb400d443400b2400bf8f61
:020000040000fa
:020000041d01dc
:100fbc00e8ffbd271400bfaf211080000055a87cae
:100fcc0001fc032514006928140020112138a0000d
:100fdc00080063040f00083c212000000080053c41
:100fec002418e5000000c4ac0400c3ac2544400b3d
:100ffc002118e000ffff0835071868002440650041
:10100c0025400401140000510000c2ac2718030055
:10101c00214800002044400b244065003400632824
:10102c0007006054edfb08250000c4ac0400c5acff
:10103c00211000000080053c2544400b2418e500dd
:10104c00ffff032406180301244064000700005529
:10105c00271803000000c2ac0400c7ac211000002c
:10106c000080043c2544400b2418e4002448640010
:10107c002140a0000000c9ac0400c8ac2130200104
:10108c00cc12400f213800011400bf8f0800e00380
:04109c001800bd2754
:020000040000fa
:020000041d01dc
:1010a000d8ffbd272400bfaf2000b3af1c00b2aff4
:1010b0001800b1af1400b0af3b018390cccc053c1d
:1010c000cdcca5341900650010280000c228050009
:1010d00040100500c02805002110450023106200c3
:1010e000ff004230080003240d00431021888000d7
:1010f000090003241e0043100700032409004310c5
:1011000021280000b651400f0000000021202002dd
:10111000b651400f212800004c44400b9803338ef9
:10112000010005240d56400f000000009803338e87
:1011300018001024f8ff1224062813022120200290
:10114000ff00a530b651400ff8ff1026fbff121626
:10115000062813022400bf8f2000b38f1c00b28f1b
:101160001800b18f1400b08f0800e0032800bd27dd
:101170000d56400f020005244c44400b9803338e5b
:020000040000fa
:020000041d01dc
:10118000e8ffbd271400bfaf1000b0af6202043cff
:10119000a858400f005a84241159400f0000000045
:1011a000715a400f204e0424464f400f00000000ab
:1011b0002130000021200000a853400f0700052423
:1011c000019d053c24aba5249d58400f2120000023
:1011d000c957400f21200000185a400f000000009e
:1011e000bc8d82af00b8024044ce027c00b8824081
:1011f000c0000000b08d908fb08d828f2310500002
:101200003200422c0800401081bf023cc430400f25
:1012100000000000b08d828f231050003200422c5d
:10122000faff401481bf023c00f24394c418037ccf
:1012300000f243a4a65a400f000000005d59400f81
:10124000000000000080033480bf023c046043ac17
:101250001400bf8f1000b08f0800e0031800bd27f6
:020000040000fa
:020000041d01dc
:10126000d0ffbd272c00bfaf2800b6af2400b5af1c
:101270002000b4af1c00b3af1800b2af1400b1af80
:101280001000b0af219880002190a00021a8c000dc
:10129000070010242188000007001624b544400be5
:1012a000ffff14244f51400f000000002318d0020c
:1012b0000410620025885100ff00313221204002d5
:1012c00021280000b543400fffff10261200141222
:1012d0002110200201000524b543400f21204002c7
:1012e000f0ffa012212060024f51400f2120600228
:1012f0000410020225885100ff00313221204002f3
:1013000021280000b543400fffff1026f2ff1416fe
:1013100001000524211020022c00bf8f2800b68f69
:101320002400b58f2000b48f1c00b38f1800b28f3b
:101330001400b18f1000b08f0800e0033000bd270b
:020000040000fa
:020000041d01dc
:10134000d8ffbd272400bfaf2000b1af1c00b0af55
:10135000218880000c00828c010042242b10450063
:10136000200040142180a000200083901c00848c69
:1013700002120500c2290500100067380b10a700f3
:1013800021204400a480828f0600821021280000c2
:10139000744c400f1000a6af120040101000a68f32
:1013a000200023921000022414006250ff0010322b
:1013b0007f001032808010008083822721805000bf
:1013c0000000038e0100022400d8637c0000c3ac3f
:1013d0002400bf8f2000b18f1c00b08f0800e003f5
:1013e0002800bd27211000002400bf8f2000b18fee
:1013f0001c00b08f0800e0032800bd2740801000cb
:10140000808382272180500000000396010002247f
:08141000fa44400b0000c3acdc
:020000040000fa
:020000041d01dc
:10141800e8ffbd271400bfaf1000b0af21808000e7
:10142800b003868c08000724010005244f00c6304d
:101438005641400fb000c6344554400f28000424dc
:1014480021200002304c400f030005244554400f72
:101458000a000424084a400f21200002100040100e
:10146800010002a28f080292100003240500401018
:10147800880303ae1400bf8f1000b08f0800e0038c
:101488001800bd2721200002009d053c4c5fa524c3
:101498001400bf8f1000b08f8554400b1800bd2773
:1014a800b003068e21200002010005246f00c6301b
:1014b8009000c6345641400f080007248f08029256
:1014c80008000324ebff4014880303ae2120000228
:1014d800009d053c385fa5241400bf8f1000b08f15
:0814e8008554400b1800bd27dc
:020000040000fa
:020000041d01dc
:1014f0000400828c0c00858c0000438c242865003d
:101500000a00a0501000858c3800828c0100052450
:10151000230085a040000524140045ac0400828c03
:101520000c00858c040045ac1000858c2418a300a9
:101530001d006010000000003800868c1c00838ca9
:101540002000c78c20008694ff00e730ffffc624f0
:10155000ffffc630200086a40600601000000000d7
:10156000010062241c0082ac000067a01000858c82
:101570000400828c20008394ffff63300900601018
:10158000000000001800838c090060100100662430
:10159000180086ac00006690ff00c6303800838ccf
:1015a000200066ac040045ac0800e0030000000029
:1015b000220086903800838c200066ac6945400b81
:0415c0000000000027
:020000040000fa
:020000041d01dc
:1015c400d8ffbd272400bfaf2000b3af1c00b2afcb
:1015d4001800b1af1400b0af218880004550400f0f
:1015e4002190c0001400248e1f00801000020524e6
:1015f4000000828c1c00428c09f84000213040021b
:10160400ff0005244550400f212020022120200204
:101614004550400fff000524e750400f21202002d1
:101624001f0044300b0022a205000324070083108e
:10163400010002241000249211000224050022a2b9
:10164400b543400f01000524211000002400bf8f82
:101654002000b38f1c00b28f1800b18f1400b08f1c
:101664000800e0032800bd272180000000021324a5
:101674002110500200004590212020024550400fc7
:1016840001001026fbff1356211050028245400b27
:04169400ff0005242a
:020000040000fa
:020000041d01dc
:1016980021100000200007240b0006242118a200b6
:1016a80001004224fdff4614000067a02138000015
:1016b800070009242e0008240a000b24019d0a3c77
:1016c800000086902400c0500000a2901d00c810a1
:1016d800a4694225bc45400b01004224170066104e
:1016e8000000000001004224ffff4390fbff60144c
:1016f800000000002b10270110004014000000001b
:10170800dfffc2245e00422c0c0040109fffc32460
:101718000100e2241a00632cff004230030060102d
:101728002138a700e0ffc624ff00c6300000e6a06d
:1017380021384000b245400b010084240800e00332
:1017480021100000fdff2b11080007240a000924be
:10175800b245400b01008424200042380800e00311
:041768002b10020040
:020000040000fa
:020000041d01dc
:10176c00d0ffbd272c00bfaf2800b5af2400b4af0d
:10177c002000b3af1c00b2af1800b1af1400b0af73
:10178c00218080003400a5af21a8c0002188000072
:10179c000002142410001324ff0f123cf545400bdb
:1017ac00f8ff5236200004923400a58f10000292ec
:1017bc00262093000b184402041054002b18a3008d
:1017cc00100060102188220221200002d044400f1a
:1017dc003400a627f3ff4014f8ff03342110000057
:1017ec002c00bf8f2800b58f2400b48f2000b38f3e
:1017fc001c00b28f1800b18f1400b08f0800e003ea
:10180c003000bd270000b1ae010002242c00bf8fb8
:10181c002800b58f2400b48f2000b38f1c00b28f2a
:10182c001800b18f1400b08f0800e0033000bd2702
:020000040000fa
:020000041d01dc
:10183c00e8ffbd271400bfaf1000b0af01008290cd
:10184c002900401021808000030082902700405026
:10185c001400bf8f04008290270040100100022466
:10186c00211000002000042421180202010042244f
:10187c00fdff4414450060a003000224450002a2b1
:10188c00460002a2470005a21200a010650002a2a9
:10189c00ffffa5240100c724ff00a5302138e50077
:1018ac00030002242000432c2120020201004224c8
:1018bc000000c590030060100100c624450085a0ff
:1018cc00650002a20400c710212000022c46400b28
:1018dc00650002922120000245000526583d400f6c
:1018ec0020000624650000a21400bf8f1000b08fea
:1018fc000800e0031800bd271b46400b040082a023
:020000040000fa
:020000041d01dc
:10190c00d8ffbd272400bfaf2000b3af1c00b2af7f
:10191c001800b1af1400b0af2190c000213000000e
:10192c005142400f218880000d0040100e0002240f
:10193c00050022a210002492b543400f010005249b
:10194c00211000002400bf8f2000b38f1c00b28f29
:10195c001800b18f1400b08f0800e0032800bd27d9
:10196c00b148400f21202002f3ff40501000249278
:10197c002180000010001324e750400f212020028a
:10198c002118500201001026fbff1316000062a064
:10199c00e750400f21202002e750400f2120200269
:1019ac0010002492b543400f0100052401000224cd
:1019bc002400bf8f2000b38f1c00b28f1800b18f92
:0c19cc001400b08f0800e0032800bd27c5
:020000040000fa
:020000041d01dc
:1019d800e8ffbd271400bfaf1000b0af8f0882909a
:1019e80005004010218080001400bf8f1000b08fc8
:1019f8000800e0031800bd271954400f000000003c
:101a080021200002009d053ceb4a400fbc5fa52445
:101a1800212000022950400f0800052401000292ed
:101a280012004014000000001954400f2120000249
:101a380021200002009d053ceb4a400fe45fa524ed
:101a4800e432400f2120000221200002009d053cc5
:101a58003551400f0c5ba524808784271400bf8f65
:101a68001000b08f7c5a400b1800bd271954400f46
:101a78002120000221200002009d053ceb4a400f76
:101a8800d05fa524212000022950400f030005241f
:081a98008c46400b0000000029
:020000040000fa
:020000041d01dc
:101aa000e0ffbd271c00bfaf1800b1af1400b0affe
:101ab000218080002188a000212000005035400fa7
:101ac00021280000212000021f0005249650400f0d
:101ad0002130000021200002200005249650400ff4
:101ae0000800062421200002210005249650400f02
:101af0002130000021200002220005249650400fd2
:101b00002130000021200002230005249650400fc0
:101b10000800263621200002240005249650400f9c
:101b20002130000021200002250005249650400f9e
:101b30002130000021200002260005249650400f8d
:101b4000213000004f51400f21200000d00802ae8c
:101b5000cc0802ae1c00bf8f1800b18f1400b08fec
:081b60000800e0032000bd278e
:020000040000fa
:020000041d01dc
:101b6800e0ffbd271c00bfaf1800b1af1400b0af35
:101b78000900829008004014218080002000a29073
:101b8800100003240a0043102188a0002000032429
:101b98001a00431003000224211000001c00bf8f0c
:101ba8001800b18f1400b08f0800e0032000bd2793
:101bb80002000224090082a0200080ac2200a29426
:101bc800401102001c0082ac240011ae0100022466
:101bd800080002a20c0000ae100000ae140000ae17
:101be800180000a2010002241c00bf8f1800b18f4a
:101bf8001400b08f0800e0032000bd27090082a070
:101c08002400a58c212020021c000626db45400f5d
:101c1800200005aeedff4054240011aee946400b0c
:041c28002110000087
:020000040000fa
:020000041d01dc
:101c2c00d0ffbd272c00bfaf2800b3af2400b2af4c
:101c3c002000b1af1c00b0af218880002180a00033
:101c4c0002000224000082ac10001324ff0f123c8f
:101c5c002447400bf8ff5236103d400f00000000a7
:101c6c0010004010f8ff0334200022921000b08fb7
:101c7c00261053000b1842022b180302110060109f
:101c8c00010002242128000221202002d044400f10
:101c9c001000a6272128000221202002eeff40146c
:101cac0021300000211000002c00bf8f2800b38fc2
:101cbc002400b28f2000b18f1c00b08f0800e0030d
:101ccc003000bd272c00bf8f2800b38f2400b28fab
:101cdc002000b18f1c00b08f0800e0033000bd273e
:020000040000fa
:020000041d01dc
:101cec00e0ffbd271c00bfaf1800b1af1400b0afb0
:101cfc0021808000010005245035400f020004248f
:101d0c0002000424b543400f0100052408000424fc
:101d1c005035400f0100052408000424b543400f42
:101d2c0001000524030004245035400f0100052454
:101d3c0003000424b543400f0100052401000424d2
:101d4c005035400f010005244808112601000524d8
:101d5c00b543400f01000424945a400f2120200267
:101d6c00212020023d00053c534c400f0009a524c6
:101d7c00212020027956400f000105246e2c400fc3
:101d8c002120000221200002100005241c00bf8f1e
:101d9c001800b18f1400b08fa846400b2000bd274f
:020000040000fa
:020000041d01dc
:101dac00d8ffbd272400bfaf2000b3af1c00b2afdb
:101dbc001800b1af1400b0af219080002188a000b2
:101dcc002198c0000f008010218000002128000005
:101ddc00b543400f0b0004244554400f2120200232
:101dec0001000524b543400f0b0004244554400f5b
:101dfc002120200201001026ff001032f4ff1216e1
:101e0c00212800000b0060160b000424b543400f82
:101e1c0021280000211000002400bf8f2000b38f68
:101e2c001c00b28f1800b18f1400b08f0800e003b3
:101e3c002800bd27b543400f0100052401000224f2
:101e4c002400bf8f2000b38f1c00b28f1800b18ffd
:0c1e5c001400b08f0800e0032800bd2730
:020000040000fa
:020000041d01dc
:101e6800e0ffbd271c00bfaf1800b2af1400b1af30
:101e78001000b0af0152400f2190800014004010b4
:101e8800211000002400428e0c00448e1000439064
:101e980004005090feff84241400518c130000129b
:101ea80004206400ffff3126b047400b218824023c
:101eb8000d0000522400428ed952400f21201102f9
:101ec800ffff1026faff4014ff0010322110000017
:101ed8001c00bf8f1800b28f1400b18f1000b08f94
:101ee8000800e0032000bd27100043901c00428e2c
:101ef8000002042404186400211843001c0043aea7
:101f0800010002241c00bf8f1800b28f1400b18f8b
:0c1f18001000b08f0800e0032000bd277f
:020000040000fa
:020000041d01dc
:101f2400e0ffbd271c00bfaf1800b1af1400b0af75
:101f34000600e0102188e0000900829009004010aa
:101f44002180800010000224509f82a321100000f1
:101f54001c00bf8f1800b18f1400b08f0800e0037d
:101f64002000bd274125400f33000724f8ff40100f
:101f7400211000002400048effff252620000626e1
:101f84001000829009004224062845002134400fa5
:101f94000100a5240d00401080ff032408000492d2
:101fa40009000292251883001c0011aee7ff4010bf
:101fb400080003a2212000021c00bf8f1800b18f6b
:101fc4001400b08fca42400b2000bd27b94f400f08
:0c1fd40021200002d547400b2110000026
:020000040000fa
:020000041d01dc
:101fe000e0ffbd271c00bfaf1800b2af1400b1afb7
:101ff0001000b0af2188a0002190c000040005248b
:1020000008000624aa39400f218080000c003132dc
:1020100003005232f00042302588320221200002b3
:1020200004000524253051005641400f08000724c4
:102030004554400f01000424010002921100401099
:102040002120000204000524aa39400f03000624c1
:10205000f000423021200002040005242530510008
:102060005641400f03000724010004241c00bf8fc9
:102070001800b28f1400b18f1000b08f4554400b80
:102080002000bd271c00bf8f1800b28f1400b18f35
:0c2090001000b08f0800e0032000bd2706
:020000040000fa
:020000041d01dc
:10209c00e0ffbd271c00bfaf1800b2af1400b1affa
:1020ac001000b0af2190800000a0103c6021028e87
:1020bc0006004014218800025439400f0000000033
:1020cc006021028e0b004010000000006021228e67
:1020dc000c00401a211852002b20620005008014bd
:1020ec0000a0043c5c21848c2b20830011008050c8
:1020fc00602123ae915a400f000000004e48400b67
:10210c000c0003242b2043000500801400a0043c89
:10211c005821848c2b20640006008050602123ae53
:10212c00915a400f0000000016000324000043ac3d
:10213c00ffff02241c00bf8f1800b28f1400b18f58
:0c214c001000b08f0800e0032000bd2749
:020000040000fa
:020000041d01dc
:10215800e0ffbd271c00bfaf1800b2af1400b1af3d
:102168001000b0af2188a0000e00a01421808000cc
:1021780012000224050082a010000492b543400f0b
:102188000100052421180000211060001c00bf8fe9
:102198001800b28f1400b18f1000b08f0800e00350
:1021a8002000bd272190c000370005245142400f70
:1021b8002130000021200002170005245142400f61
:1021c800213040020e004014070002240c00069241
:1021d80040121100212000020300c638190005240e
:1021e8000b8846005142400f21302002e6ff401084
:1021f80001000324050002246048400b050002a2e8
:082208006048400b050002a232
:020000040000fa
:020000041d01dc
:10221000d8ffbd272400bfaf2000b3af1c00b2af72
:102220001800b1af1400b0af218880008a56400f6b
:1022300068009024040005240058400f212000026b
:10224000212000020058400f21280000219040006a
:10225000212000020058400f212800002198400052
:10226000212000020058400f21280000ff004230ca
:10227000ff007332009a13000014020025986202d6
:102280002120000221280000ff0052320058400f98
:102290002580720200160200258002020d58400fb0
:1022a00021202002211000022400bf8f2000b38fc4
:1022b0001c00b28f1800b18f1400b08f0800e0032b
:0422c0002800bd270e
:020000040000fa
:020000041d01dc
:1022c400e0ffbd271c00bfaf1800b2af1400b1afd0
:1022d4001000b0af8b5a400f21808000ff00112402
:1022e400c248400bffff52308b5a400f00000000e1
:1022f400ffff4230231852002d01632813006010a1
:102304000f000224e750400f21200002f6ff511075
:102314000b0002a2fe0003240e0043100d00022451
:10232400050002a210000492b543400f01000524e9
:10233400211000001c00bf8f1800b28f1400b18f51
:102344001000b08f0800e0032000bd27ca48400bee
:10235400050002a2010002241c00bf8f1800b28fe6
:102364001400b18f1000b08f0800e0032000bd27d7
:020000040000fa
:020000041d01dc
:10237400e8ffbd271400bfaf1000b0af218080007c
:102384008e0882900600401421180000211060007d
:102394001400bf8f1000b08f0800e0031800bd27a1
:1023a4008b5a400f00000000e408048e2b104400f8
:1023b400f6ff401401000324009d053c145ba52492
:1023c4008e0800a2ad0800a28554400f212000020f
:1023d40021200002009d053c8554400f345ba52458
:1023e40021200002009d053c8554400f505ba5242c
:1023f40021200002009d053c3551400f0c5ba524b3
:102404007c5a400f80878427211800002110600027
:102414001400bf8f1000b08f0800e0031800bd2720
:020000040000fa
:020000041d01dc
:10242400d0ffbd272c00bfaf2800b6af2400b5af46
:102434002000b4af1c00b3af1800b2af1400b1afaa
:102444001000b0af219880002190a00021b0c000fe
:102454002188e0000700102407001524ffff14243e
:102464002328b0020728b1000710110221206002be
:102474000300c0120100a530212060020100453094
:10248400b543400fffff102601000524b543400f5c
:102494002120400221204002b543400f21280000a2
:1024a400f0ff14562328b0022c00bf8f2800b68feb
:1024b4002400b58f2000b48f1c00b38f1800b28f96
:1024c4001400b18f1000b08f0800e0033000bd2766
:020000040000fa
:020000041d01dc
:1024d400e0ffbd271c00bfaf1800b1af1400b0afc0
:1024e400218080002000a22c050040142188a00037
:1024f40016000224000082ac5c49400bffff02245a
:10250400dc02828c0500401080180500211843006d
:102514000000628c0900405401000424265a400f34
:10252400212000022120000221284000c454400f31
:10253400213020025d49400b1c00bf8f0b0044502a
:1025440021100000ffff042405004454000060ac87
:1025540016000224000002ae5c49400b0100022474
:1025640009f840002120a000211000001c00bf8faa
:102574001800b18f1400b08f0800e0032000bd27bd
:020000040000fa
:020000041d01dc
:10258400e8ffbd271400bfaf1000b0af218080006a
:102594002800828c3400838c0000448c2420640046
:1025a4000b008010000000001000048e4402058e11
:1025b4003000848c0f00a0503c02078e09f8a00064
:1025c400ff0084302800028e3400038e040043ace4
:1025d4000000448c3800038e2420640001008054e1
:1025e400040043ac1400bf8f1000b08f0800e00358
:1025f4001800bd274002088e0100e624c32f060000
:10260400c22d05002130c500ff01c6302328c500b6
:10261400eeff0511213807023c00e4a03c0205aea0
:0c262400040043ac7549400b00000000ae
:020000040000fa
:020000041d01dc
:10263000b8ffbd274400bfaf4000b1af3c00b0af12
:102640000200c22c0a0007240a38c2002188800038
:102650002110a0003000a0a32130e0009a49400bd7
:102660003000b027211060001b004700f401e0009b
:1026700012180000ffff10260220c3702310440030
:10268000ff004230202c027c0a00a528300048249c
:10269000370042240200a0102014027c2014087c81
:1026a000f0ff6014000002a23f5a400f21200002f8
:1026b0000000238e21202002212800020400638cc8
:1026c00009f86000213040004400bf8f4000b18f06
:0c26d0003c00b08f0800e0034800bd276c
:020000040000fa
:020000041d01dc
:1026dc003800828c0100033c080043ac3800888c25
:1026ec002110a000215000002148000025184500b1
:1026fc001d0060500100023c0b00a0100000000007
:10270c001000038d2168ca0001004b2502006330c4
:10271c0005006014ffffac240000a391ffff85317e
:10272c00ffff6a31200003adf1ff40102518450072
:10273c001000038d2158e90001002c252000633086
:10274c00eaff6014ffff4d242000038dffffa23130
:10275c00ffff8931000063a125184500e6ff6014d6
:10276c003800888c0100023c040002ad0800e00334
:04277c000000000059
:020000040000fa
:020000041d01dc
:10278000e8ffbd271400bfaf1000b0af010082907a
:1027900014004014218080008f08829005004010b2
:1027a000009d053c1400bf8f1000b08f0800e003af
:1027b0001800bd270c5da5248554400f00000000c3
:1027c00021200002009d053c3551400f0c5ba524e3
:1027d000808784271400bf8f1000b08f7c5a400b75
:1027e0001800bd279e55400f03000524212000023c
:1027f0007855400f0300052421200002ac56400ffd
:10280000030005248f080292e6ff4014010000a295
:10281000009d053cfc5ca524ee49400b21200002f4
:020000040000fa
:020000041d01dc
:10282000e0ffbd271c00bfaf1800b1af1400b0af70
:102830002180800021280000aa39400f03000624cf
:102840002188400024000292070040143e00223af2
:102850000100422c1c00bf8f1800b18f1400b08ff4
:102860000800e0032000bd2721200002009d053c58
:102870008554400f305da52421200002b14e400f49
:10288000212820021954400f21200002212000029b
:10289000009d053c3551400f0c5ba5247c5a400f30
:1028a000808784273e00223a0100422c1c00bf8f03
:1028b0001800b18f1400b08f0800e0032000bd277e
:020000040000fa
:020000041d01dc
:1028c0003800828c0100033c080043ac3800828c45
:1028d000000c0324040043ac3800888c2110a000b5
:1028e0002148000025184500190060500100023cf5
:1028f0000700a010000000001000038d02006330ec
:1029000003006014ffffaa24200006adffff45313d
:10291000f5ff4010251845001000038d2150e900f7
:1029200001002b2520006330eeff6014ffff4c24d4
:102930002000038dffff8231ffff6931000043a1ba
:1029400025184500eaff60143800888c0100023c1d
:0c295000040002ad0800e00300000000dd
:020000040000fa
:020000041d01dc
:10295c00200080a405000224240082a00a00022486
:10296c00250082a020820234280082ac03060224b7
:10297c002c0082ac009d023c40134224000082ac2f
:10298c0080bf023c00584224380082ac1f00022455
:10299c00400082a00c000224410082a00800022406
:1029ac00420082a088bf023c70104224080082ac16
:1029bc0088bf023c40104224040082ac1000022468
:1029cc000c0082ac20000224100082ac40000224d7
:1029dc00140082ac019d023c44e942240800e0034f
:0429ec003c0082ac7d
:020000040000fa
:020000041d01dc
:1029f000d8ffbd272400bfaf2000b3af1c00b2af8b
:102a00001800b1af1400b0af218880008b5a400f7e
:102a10002198a000ff0010248f4a400bffff523086
:102a20008b5a400f00000000ffff42302318520075
:102a30002a1873000c00601021100000e750400fae
:102a400021202002f6ff5014010002242400bf8f31
:102a50002000b38f1c00b28f1800b18f1400b08f0c
:102a60000800e0032800bd272400bf8f2000b38f9b
:102a70001c00b28f1800b18f1400b08f0800e00363
:042a80002800bd2746
:020000040000fa
:020000041d01dc
:102a8400010002249c0380a08c0880a0010080a087
:102a94008e0880a0ad0880a0030080a0240080a040
:102aa400400180ac440180acae0880a0980380aca7
:102ab400d40880acd80880ac3b0180a03c0180a045
:102ac400e80880acec0880aca00380aca40380ac24
:102ad400a80382acac0380ac06000324b00383ac2f
:102ae400b40382accd03822432000324ffff6324a9
:102af400ff006330000040a0010040a0feff40a0a2
:102b0400ffff40a0f9ff6014170042240800e0030f
:042b140000000000bd
:020000040000fa
:020000041d01dc
:102b1800e0ffbd271c00bfaf1800b2af1400b1af73
:102b28001000b0af21888000218000000e00a010a6
:102b380018001224211030029d00459080878427b8
:102b48007c58400f01001026fbff1216211030029e
:102b58001c00bf8f1800b28f1400b18f1000b08f07
:102b68000800e0032000bd27211030022500459011
:102b7800808784277c58400f01001026f4ff12122a
:102b88002110300225004590808784277c58400f0b
:102b980001001026f5ff121621103002d74a400b0b
:042ba8001c00bf8fbf
:020000040000fa
:020000041d01dc
:102bac00e0ffbd271c00bfaf1800b2af1400b1afdf
:102bbc001000b0af21888000009d103c3551400fb3
:102bcc002190a000212020023551400f105b0526da
:102bdc0081878293030040108387829307004054bf
:102bec00212840021c00bf8f1800b28f1400b18f37
:102bfc001000b08f0800e0032000bd27013f400ffc
:102c0c00808784274554400f010004248087842743
:102c1c00013f400f105b0526010004241c00bf8ff0
:102c2c001800b28f1400b18f1000b08f4554400bb8
:042c3c002000bd2790
:020000040000fa
:020000041d01dc
:102c4000d8ffbd272400bfaf2000b4af1c00b3af36
:102c50001800b2af1400b1af1000b0af2190c000a7
:102c600021a0e0003800b18f4400b08f4000a28f57
:102c7000070022160400938c212060023c00a28fe2
:102c80003156400f0400458c09004054080012ae34
:102c9000212060023156400f0400858e0400401050
:102ca00001000224000011ae040012ae0c0002aebe
:102cb000211000002400bf8f2000b48f1c00b38fb0
:102cc0001800b28f1400b18f1000b08f0800e0031d
:042cd0002800bd27f4
:020000040000fa
:020000041d01dc
:102cd4003800828c0100033c080043ac3800848c2b
:102ce4002110a0002138000025184500190060506b
:102cf4000100023c0b00a010000000001000838cb7
:102d04002150c7000100e82402006330050060146c
:102d1400ffffa92400004391ffff2531ffff073186
:102d2400200083acf1ff4010251845001000838c6f
:102d340020006330ecff6014ffff48242000828ce5
:102d4400ffff023125184500eaff6014000000006f
:102d54000100023c040082ac0800e0030000000013
:020000040000fa
:020000041d01dc
:102d6400a880888f2118000021100000060000119f
:102d7400ffff05242118830001004224000065a000
:102d8400fcff481421184000029d073c00e0e724a2
:102d94000010eb2400040924211000002118e20093
:102da4000000638c04004224010065300900a01077
:102db4004000667c80a8657c2b5005010b280a0125
:102dc400ffffa530212885000200c014003e637c6b
:102dd4000000a3a0f2ff49142118e2000004e72434
:102de400eeffeb54211000000800e0030000000097
:020000040000fa
:020000041d01dc
:102df400e8ffbd271400bfaf1000b0af855a400fe5
:102e0400218080000040103681bf053c00f4b0ac46
:102e14000048064000480340231866007800632ced
:102e2400fcff601499aa033c5566632410f4a3ac18
:102e34006655033caa99633410f4a3ac00800334b0
:102e440008f4a3ac00f4a38c00806330fdff60148d
:102e540081bf103c212040000040022404f402ae53
:102e6400115a400f0000000000f4028e003042307e
:102e74001400bf8f1000b08f0800e0031800bd27b6
:020000040000fa
:020000041d01dc
:102e8400e8ffbd271400bfaf1000b0af2180800061
:102e9400574a400f6800842401000224000002a263
:102ea400010000a2020000a2af0000a2040000a2e0
:102eb400ae0000a2ac0000a2ad0000a2030000a27c
:102ec400b00000aeb80000aebc0000ae650000a2c9
:102ed40021100000200004242118020201004224d1
:102ee400fdff4414250060a02110000020000424ec
:102ef4002118020201004224fdff4414450060a091
:102f04001400bf8f1000b08f0800e0031800bd2725
:020000040000fa
:020000041d01dc
:102f1400e0ffbd271c00bfaf1800b2af1400b1af73
:102f24001000b0af4508829017004010218880003f
:102f34004008838c0300023c410d42242b106200a4
:102f4400110040141800922421808000250005926d
:102f540021202002b651400f01001026fcff12561a
:102f640025000592010022920700401021802002d2
:102f74009d00059221202002b651400f0100102629
:102f8400fcff12569d0005921c00bf8f1800b28fe3
:102f94001400b18f1000b08f0800e0032000bd279b
:020000040000fa
:020000041d01dc
:102fa400e0ffbd271c00bfaf1800b2af1400b1afe3
:102fb4001000b0af2188c0002190a0002128c000db
:102fc400cc50400f218080000f0040140000048e7c
:102fd40004008050000000ae9359400f0000000030
:102fe400000000ae080000ae040000ae2110000294
:102ff4001c00bf8f1800b28f1400b18f1000b08f67
:103004000800e0032000bd27080011aeae59400fb0
:1030140021284002211000021c00bf8f1800b28f2b
:103024001400b18f1000b08f0800e0032000bd270a
:020000040000fa
:020000041d01dc
:10303400e8ffbd271400bfaf1000b0af78838293c0
:103044000600401401001024211000021400bf8f58
:103054001000b08f0800e0031800bd277c83848f24
:10306400a480858f808386278e42400f21800000b4
:10307400f5ff40107483858f0800a0147c83848f2f
:10308400788380a301001024211000021400bf8f54
:103094001000b08f0800e0031800bd278e42400fd7
:1030a40080838627e9ff401021100002748380afdb
:0c30b400788380a3234c400b0100102403
:020000040000fa
:020000041d01dc
:1030c000d8ffbd272400bfaf2000b3af1c00b2afb4
:1030d0001800b1af1400b0af2198a0000300a238cf
:1030e0002190800008001124010010241000032406
:1030f0000a886200090003247855400f0a806200a4
:10310000212040029e55400f212860024554400f67
:1031100064000424ff000532212040027c2d400f72
:10312000010010262a103002fbff4010ff0005327c
:103130002400bf8f2000b38f1c00b28f1800b18f06
:0c3140001400b08f0800e0032800bd2739
:020000040000fa
:020000041d01dc
:10314c00bc8d828f402805001b004500f401a000b7
:10315c0012100000ffff4224ffff4230ffff033438
:10316c000d0043100002452cff0103240b184500f1
:10317c003800828c00800534040045ac3800828c09
:10318c003000468c300086ac300043ac080045acb7
:10319c000800e00300000000211800003800828cb9
:1031ac0000800534040045ac3800828c3000468c1d
:1031bc00300086ac300043ac080045ac0800e0039e
:0431cc0000000000ff
:020000040000fa
:020000041d01dc
:1031d000e0ffbd271c00bfaf1800b1af1400b0afb7
:1031e00021808000a480828f110044102188a000db
:1031f0000d4c400f00000000070040147c83848fba
:10320000211000001c00bf8f1800b18f1400b08f78
:103210000800e0032000bd27212800024259400f8a
:1032200080838627f7ff401021100000a48090af14
:10323000788383930100022425882302788391a355
:103240001c00bf8f1800b18f1400b08f0800e0037e
:043250002000bd2776
:020000040000fa
:020000041d01dc
:103254002110a0001a0080042118a0009b4c400bf0
:1032640021388000211800011b00e600f401c00091
:1032740012380000fbffe01401006824000000a1e4
:103284001b008600f401c000102000001240000062
:10329400ffff6324203c047c0a00e92807008a24f9
:1032a4000200201512200000203c0a7c3000e72494
:1032b400f3ff0015010067a00800e0030000000010
:1032c4000100a3242d000524000045a0984c400bc8
:0432d40023200400af
:020000040000fa
:020000041d01dc
:1032d800e8ffbd27019d023c1c6242240900401002
:1032e8001400bfaf0000023c00004224060040105a
:1032f800019d023c8758400f000000001100401457
:1033080000000000019d023c486242240a0040106f
:103318000000023c00004224080040101400bf8f47
:103328009258400f00000000040040101400bf8fa6
:10333800000000081800bd271400bf8f0800e00334
:103348001800bd270000000c00000000c44c400b12
:04335800019d023c95
:020000040000fa
:020000041d01dc
:10335c00d8ffbd272400bfaf2000b1af1c00b0af19
:10336c001300a010218080002120a0003f5a400fa4
:10337c001000a5af0000038e212000021000a58fc5
:10338c000400638c09f86000213040002188400063
:10339c009a54400f21200002211022022400bf8fda
:1033ac002000b18f1c00b08f0800e0032800bd275f
:1033bc00218800009a54400f212000022110220283
:1033cc002400bf8f2000b18f1c00b08f0800e003d9
:0433dc002800bd27e1
:020000040000fa
:020000041d01dc
:1033e000e8ffbd271400bfaf1000b0af580205249e
:1033f0007c4a400f21808000090040501000049258
:10340000fd0005244550400f21200002212000022c
:103410007c4a400f580205240a0040141000049210
:1034200010000224050002a2b543400f010005244c
:10343000211000001400bf8f1000b08f0800e003bf
:103440001800bd27b543400f0100052401000224e8
:103450001400bf8f1000b08f0800e0031800bd27d4
:020000040000fa
:020000041d01dc
:10346000d8ffbd272400bfaf2000b3af1c00b2af10
:103470001800b1af1400b0af218880008a56400f09
:1034800068009224030005240058400f21204002c8
:10349000212040020058400f212800002180000018
:1034a00020001324212040020058400f2128000052
:1034b0002118300201001026faff1316050062a041
:1034c000212020022400bf8f2000b38f1c00b28f68
:1034d0001800b18f1400b08f0d58400b2800bd2785
:020000040000fa
:020000041d01dc
:1034e000e0ffbd271c00bfaf1800b0af2130a00027
:1034f00021808000aa39400f212800002400039277
:10350000140060101c00bf8f21200002009d053cac
:103510003c5da5248554400f1000a2af212000027d
:103520001000a28fb14e400f212840001954400fc7
:103530002120000221200002009d053c3551400f52
:103540000c5ba5247c5a400f808784271000a28f33
:103550001c00bf8f1800b08f0800e0032000bd27bb
:020000040000fa
:020000041d01dc
:10356000e0ffbd271c00bfaf1800b2af1400b1af21
:103570001000b0af21888000480890242190a0005e
:103580003537400f01000524c00045360058400f74
:1035900021200002212000020058400f21280000b5
:1035a00021904000212000020058400f21280000f7
:1035b000001202002590520021202002a23a400f62
:1035c00001000524211040021c00bf8f1800b28f9b
:1035d0001400b18f1000b08f0800e0032000bd2759
:020000040000fa
:020000041d01dc
:1035e000e8ffbd271400bfaf1000b0afb150400fcf
:1035f000218080000e004054009d053c009d053c4c
:103600008860a524d74c400f4088842721200002e1
:10361000009d053c3551400f0c5ba5248087842715
:103620001400bf8f1000b08f7c5a400b1800bd27cc
:103630007c60a524d74c400f4088842721200002bd
:10364000009d053c3551400f0c5ba52480878427e5
:103650001400bf8f1000b08f7c5a400b1800bd279c
:020000040000fa
:020000041d01dc
:10366000e8ffbd271400bfaf6044400f000000001a
:103670007158400f00000000c430400f00000000ef
:10368000f92d400f00000000019d023cd832422479
:103690000900401000000000b64c400f0000000080
:1036a000c430400f00000000f92d400f0000000062
:1036b000a64d400b00000000c430400f0000000089
:1036c000f92d400f00000000c430400f0000000042
:1036d000f92d400f00000000ae4d400b000000002f
:020000040000fa
:020000041d01dc
:1036e000e0ffbd271c00bfaf1800b2af1400b1afa0
:1036f000855a400f1000b0af21904000b08d908fe0
:10370000885a400f00000000ac8d918f21204002ac
:1037100023105100115a400f0a005124cccc023c16
:10372000cdcc423419002202108800008010100015
:10373000c01910002310620021805000c0801000ca
:1037400002111100211050001c00bf8f1800b28f11
:103750001400b18f1000b08f0800e0032000bd27d7
:020000040000fa
:020000041d01dc
:10376000216080000098a37c0055a87cc22f050032
:103770002158c0000098e97c0055ea7cff0702242c
:1037800005000215c23f0700256864001200a0155d
:1037900001000224ff070224030042152530260100
:1037a0000d00c014010002240b000a1501000224c0
:1037b000090069140000000007008b1500000000dc
:1037c0000500a750211000000300001500000000b4
:1037d000251064002b1002000800e0030000000028
:020000040000fa
:020000041d01dc
:1037e000d8ffbd272400bfaf2000b1af1c00b0af91
:1037f000090082900200422c0800401421808000c1
:103800001000a527010006244a27400f1000918cc4
:1038100001000324070043501000028e2110000015
:103820002400bf8f2000b18f1c00b08f0800e00380
:103830002800bd27e00131321f004224100002aef3
:1038400080838227211051002400bf8f2000b18f78
:0c3850001c00b08f0800e0032800bd271a
:020000040000fa
:020000041d01dc
:10385c00e0ffbd271c00bfaf1800b2af1400b1af22
:10386c001000b0afa880828f120040102190800011
:10387c00029d113c00e03126211000002180000047
:10388c002118420200006390fdff052484b8457c9a
:10389c0004fe657cee59400f212020020100102609
:1038ac0021100002a880838f2b180302f4ff6014f0
:1038bc00040031261c00bf8f1800b28f1400b18f8a
:0c38cc001000b08f0800e0032000bd27b2
:020000040000fa
:020000041d01dc
:1038d8002c0082281b00401003008324c317040017
:1038e8008217020000008628212882000a18860014
:1038f8000300a530833003002310a20080200400b9
:1039080000310600c0100200ac808327212064002b
:1039180088bf033c90106324211866001f0005240b
:10392800042845000000828c040065ac080060ace7
:10393800009d033c80016324000083ac0800e00381
:0c394800000000000800e0032110000057
:020000040000fa
:020000041d01dc
:10395400d8ffbd272400bfaf2000b2af1c00b1af19
:103964001800b0af218880002180a0002190e000e1
:103974000400848c0400a58c3156400f1000a6afbf
:10398400010003240a0040141000a68f0400522ee4
:1039940007004012211800000000028e1400428c1f
:1039a4002120000209f840002128200221184000ab
:1039b400211060002400bf8f2000b28f1c00b18f43
:0c39c4001800b08f0800e0032800bd27a9
:020000040000fa
:020000041d01dc
:1039d000d0ffbd272c00bfaf2800b2af2400b1af8d
:1039e0002000b0af218880004000b08f0b00061689
:1039f0002190a0000400848c0400e58c1800a6af80
:103a00004356400f1c00a7af1800a68f03004010bc
:103a10001c00a78f8d4e400b060002240800248e48
:103a20000000828c1000b0af2000428c09f84000ea
:103a3000212840022c00bf8f2800b28f2400b18fb4
:0c3a40002000b08f0800e0033000bd271c
:020000040000fa
:020000041d01dc
:103a4c00e8ffbd271400bfaf1000b0af4400042442
:103a5c004d8380a34e8380a3528380a3548380a381
:103a6c00080002248351400f588382a32180400018
:103a7c00574a400f21204000f08283275c8390af8f
:103a8c0048838227000062ac02000224040062ac6e
:103a9c00240060a0208380af009d023c9813422438
:103aac001c8382af258380a31400bf8f1000b08fbe
:083abc000800e0031800bd271b
:020000040000fa
:020000041d01dc
:103ac400d8ffbd272400bfaf2000b1af1c00b0afaa
:103ad4002188a0001000a22c120040142180800034
:103ae4001000062421202002954c400f1000a52729
:103af400212000028554400f212840008c080292a6
:103b0400040040102400bf8f4554400f01000424da
:103b14002400bf8f2000b18f1c00b08f0800e00389
:103b24002800bd27009d053c8554400f945ca524c6
:083b3400ba4e400b10000624fc
:020000040000fa
:020000041d01dc
:103b3c00d8ffbd272400bfaf2000b3af1c00b2af2d
:103b4c001800b1af1600c0101400b0af219880005f
:103b5c002180a0002188c000219000000000628e0e
:103b6c0001001026ffff05920000428c212060020c
:103b7c0009f84000ffff3126f8ff20162190420281
:103b8c00211040022400bf8f2000b38f1c00b28f85
:103b9c001800b18f1400b08f0800e0032800bd2777
:083bac00e34e400b21900000e4
:020000040000fa
:020000041d01dc
:103bb4000098a67c0055a37cc22f0500ff0367284c
:103bc4001700e014211000001e0462280500405470
:103bd4001000023cff7f023cffff42340800e00378
:103be4002110a2002530c200330402242310430014
:103bf400200047280600e050130402240610440065
:103c0400edfb632404306600074f400b251046008b
:103c14002310430006104600231802000b10650011
:083c24000800e00300000000ad
:020000040000fa
:020000041d01dc
:103c2c002b18a4000300601421108000204f400bbf
:103c3c00211800002120a6002b1844000d00601054
:103c4c002118000021384600ffff05242318060028
:103c5c00212083002118e300ffffc6240c00c510af
:103c6c00213886000000e88021386600194f400b8f
:103c7c000000e8a0060066102120a3000000878049
:103c8c0021204300000087a0204f400b010063243b
:083c9c000800e0030000000035
:020000040000fa
:020000041d01dc
:103ca400d8ffbd272400bfaf2000b3af1c00b2afc4
:103cb4001800b1af1400b0af218880008d03859047
:103cc40018001024b651400ff8ff132421202002bd
:103cd400b651400f8c0325929803328e06281202a7
:103ce40021202002ff00a530b651400ff8ff102616
:103cf400fbff1316062812022400bf8f2000b38f87
:103d04001c00b28f1800b18f1400b08f0800e003bc
:043d14002800bd279f
:020000040000fa
:020000041d01dc
:103d1800009d023cb01242244b004988430043886e
:103d28004800499840004398211000000408097c85
:103d3800ffff0824ac808727009d0a3c80014a25a4
:103d4800564f400b2c0006240c0046102118690021
:103d5800802002002128e4000000648cfaff88100b
:103d6800010042240000a48cf7ff8a140000000020
:103d78000000a3acf6ff4614211869000800e00310
:043d88000000000037
:020000040000fa
:020000041d01dc
:103d8c00d8ffbd272400bfaf2000b3af1c00b2afdb
:103d9c001800b1af1400b0af219880002190a000a2
:103dac002188c000d653400f2180e0000900401448
:103dbc00010003240800648e0000828c1800428ce1
:103dcc00212840022130200209f84000213800024d
:103ddc0021184000211060002400bf8f2000b38ff9
:103dec001c00b28f1800b18f1400b08f0800e003d4
:043dfc002800bd27b7
:020000040000fa
:020000041d01dc
:103e000012008010c22f0400231004000b20450074
:103e1000201082701e0407240b0043280700601046
:103e20002338e2000b0006242330c2000630c40011
:103e300015004224974f400b04204400f5ff422414
:103e400004304400974f400b212000002130000037
:103e50002120000021380000212800002118000046
:103e60000498c37c04f5e37cc4ffa37c0800e00352
:043e7000211080009d
:020000040000fa
:020000041d01dc
:103e7400e0ffbd271c00bfaf1800b1af1400b0af06
:103e84002188a000580205247c4a400f218080002c
:103e94000800401021200002fc00052421302002eb
:103ea4001c00bf8f1800b18f1400b08f7145400bf8
:103eb4002000bd271000049213000224050002a272
:103ec400b543400f01000524211000001c00bf8fe2
:103ed4001800b18f1400b08f0800e0032000bd2744
:020000040000fa
:020000041d01dc
:103ee400e8ffbd271400bfaf1000b0af21280000c9
:103ef400a538400f21808000060040541400048e31
:103f0400211000001400bf8f1000b08f0800e003e0
:103f14001800bd27744c400f01000524f9ff401020
:103f240021100000180002924011020080838327b0
:103f340021106200e5ff0324000043a0090000a251
:103f44001400bf8f1000b08f0d4c400b1800bd271c
:020000040000fa
:020000041d01dc
:103f5400a8808a8f2110000000040b2421388200dd
:103f64000000e38c04004224010068300b000011bf
:103f74004000697c80a8637c2b404301050020112c
:103f84000b184801ffff02240000c2a00800e00350
:103f940021100000070065500300e390f0ff4b542c
:103fa40021388200ffff02240000c2a00800e003c1
:103fb40021100000010002240800e0030000c3a057
:020000040000fa
:020000041d01dc
:103fc400e0ffbd271c00bfaf1800b2af1400b1afb3
:103fd4001000b0af218880008d03859080878427ee
:103fe4007c58400f180010248c0325928087842766
:103ff4007c58400ff8ff12249803318e06281102d2
:1040040080878427ff00a5307c58400ff8ff1026d6
:10401400fbff1216062811021c00bf8f1800b28f76
:104024001400b18f1000b08f0800e0032000bd27fa
:020000040000fa
:020000041d01dc
:10403400e0ffbd271c00bfaf1800b1af1400b0af44
:10404400218080003d088290040040102188a00057
:104054008c0882900e004010000000004508029277
:10406400050040141c00bf8f1800b18f1400b08fde
:104074000800e0032000bd2740888427212820026f
:104084001800b18f1400b08f6d5a400b2000bd276b
:104094006d5a400f888a84271950400b45080292b4
:020000040000fa
:020000041d01dc
:1040a400e0ffbd271c00bfaf1800b2af1400b1afd2
:1040b4001000b0af218080002188a00024009290dd
:1040c400212800000c0006242138200201000224cb
:1040d4007832400f240082a04554400f0a00042483
:1040e400212000020d0005240a0006247832400f26
:1040f40021382002240012a21c00bf8f1800b28fa6
:104104001400b18f1000b08f0800e0032000bd2719
:020000040000fa
:020000041d01dc
:10411400e0ffbd271c00bfaf1800b1af1400b0af63
:10412400218080001400848c070080101c00bf8f45
:104134000000838c1400798c1800b18f1400b08fa8
:10414400080020032000bd272188a0000e0004924f
:10415400b543400f010005240d0004920f000592a1
:1041640001000624213820021c00bf8f1800b18fe3
:0c4174001400b08f0949400b2000bd274b
:020000040000fa
:020000041d01dc
:10418000e8ffbd271400beaf21f0a0038803888c90
:104190002128000021180000070002250410027cdd
:1041a00023e8a2030d0000192110a00340300500f0
:1041b000c03805002330e600213086003e00c7905d
:1041c00001006324ff006330212845002a30680085
:1041d0000000a7a0f5ffc0142128600021e8c0035b
:0c41e0001400be8f0800e0031800bd278b
:020000040000fa
:020000041d01dc
:1041ec00e0ffbd271c00bfaf1800b2af1400b1af89
:1041fc001000b0af218880002190a00048089024c6
:10420c003537400f01000524800045360058400f1b
:10421c0021200002212000020058400f212800001c
:10422c002180400021202002a23a400f01000524e9
:10423c00ff0002321c00bf8f1800b28f1400b18f28
:0c424c001000b08f0800e0032000bd2728
:020000040000fa
:020000041d01dc
:10425800d8ffbd272400bfaf2000b3af1c00b2af0a
:104268001800b1af1400b0af218880002198a000d9
:1042780048089024010005243537400f2190c000dc
:10428800212000020058400f21286002212000024e
:104298000058400f21284002212020020100052457
:1042a8002400bf8f2000b38f1c00b28f1800b18f7d
:0c42b8001400b08fa23a400b2800bd2774
:020000040000fa
:020000041d01dc
:1042c400e0ffbd271c00bfaf1800b1af1400b0afb2
:1042d40021808000e958400f2188a000212000029d
:1042e4000100053c4952400f00c2a53421200002c0
:1042f4006152400f2128200201000224a40302aecf
:10430400a80300ae0157400f21200002e83d400ff2
:1043140021200002010002241c00bf8f1800b18f6d
:0c4324001400b08f0800e0032000bd274b
:020000040000fa
:020000041d01dc
:10433000e0ffbd271c00bfaf1800b1af1400b0af45
:10434000218080000000848c050080102188a0005e
:104350000400028e2b1045000b00401001000224c7
:10436000c958400f010025260700405021100000c9
:104370000800038e000002ae02006014040011aebb
:10438000000040a0010002241c00bf8f1800b18f64
:0c4390001400b08f0800e0032000bd27df
:020000040000fa
:020000041d01dc
:10439c00e8ffbd271400bfaf1000b0af2180800034
:1043ac001400848c080080500d0004920058400fbb
:1043bc00ff000524ff0042301400bf8f1000b08fa7
:1043cc000800e0031800bd27b543400f0100052489
:1043dc000e000492b543400f010005240e00049218
:1043ec000f000592010006241400bf8f1000b08f3f
:0843fc009844400b1800bd2796
:020000040000fa
:020000041d01dc
:10440400e8ffbd271400bfaf216880002170a00021
:10441400a880828f2b104400ffff03240c0040145b
:104424000000a3a0029d0c3c00e08c2500108f2509
:10443400212080012128a001d54f400f2130c00147
:104444000700401400048c25faff8f1521208001f9
:10445400211000001400bf8f0800e0031800bd27de
:084464001651400b0100022477
:020000040000fa
:020000041d01dc
:10446c00e8ffbd271400bfaf0b0004245035400fec
:10447c00212800000c0004245035400f2128000096
:10448c00110004245035400f2128000081878293ad
:10449c00040040100d0004241400bf8f0800e0033a
:1044ac001800bd275035400f2128000081878293ca
:1044bc00f9ff401412000424212800001400bf8fbf
:0844cc005035400b1800bd271c
:020000040000fa
:020000041d01dc
:1044d400e0ffbd271c00bfaf1800b2af1400b1af9e
:1044e4001000b0af2188a000219080000600a01425
:1044f400218000004a51400b1c00bf8f00006580e2
:104504000d50400f010010263f5a400f2120200279
:10451400211830022b100202f8ff4014212040021f
:104524001c00bf8f1800b28f1400b18f1000b08f21
:084534000800e0032000bd2790
:020000040000fa
:020000041d01dc
:10453c001300832c1600601021100000019d033c19
:10454c0090696324211883000000639010006010b0
:10455c000000000080180300019d023c9865422475
:10456c0021186200402004000000638c019d023c75
:10457c00946442242120820000008294f4ff62acf7
:10458c00f0ff63242000638c241043002b100200e6
:08459c000800e003000000002c
:020000040000fa
:020000041d01dc
:1045a400d8ffbd272400bfaf2000b0af2180c000da
:1045b4001000a0af1400a0af100002241800a2af96
:1045c4001c00a0af0000828c1800428c0000c68c36
:1045d40009f840001000a7271400a48f06008430b7
:1045e4000600032404008314211000001000a28f8d
:1045f400000002ae010002242400bf8f2000b08f0f
:084604000800e0032800bd27b7
:020000040000fa
:020000041d01dc
:10460c00e0ffbd271c00bfaf1800b1af1400b0af66
:10461c00010010240b8084008a59400f21200002d5
:10462c0000a0113c0c0040141c00bf8fb418228e4b
:10463c000300401400000000395a400f0000000035
:10464c0009f84000000000008a59400f21200002a8
:10465c008c51400b000000001800b18f1400b08f7b
:08466c000800e0032000bd2757
:020000040000fa
:020000041d01dc
:10467400e0ffbd271c00bfaf1800b0af300002241c
:10468400310003241000a527218080001000a2a37c
:10469400360006241100a6a31200a2a31300a3a3ac
:1046a4001400a3a38554400f1500a2a321200002e7
:1046b400009d053c3551400f0c5ba5247c5a400fee
:1046c400808784271c00bf8f1800b08f0800e00388
:0446d4002000bd27de
:020000040000fa
:020000041d01dc
:1046d800e0ffbd271c00bfaf1800b1af1400b0af9a
:1046e800218080003d0882900e0040142188a0009f
:1046f80045080292050040141c00bf8f1800b18fb6
:104708001400b08f0800e0032000bd2740888427ec
:10471800212820021800b18f1400b08fd759400b00
:104728002000bd27d759400f888a8427bf51400be6
:04473800450802929c
:020000040000fa
:020000041d01dc
:10473c002530a4001500c010020002240080063ca5
:10474c000300a61400f0a57c1000801000000000ef
:10475c00f0ff033c2118a300e07f023c2b18620001
:10476c000a006014040002241000033c2b18a30060
:10477c0006006014030002240100842cf07f023c2c
:10478c002610a2000b200200211080000800e0037c
:04479c000000000019
:020000040000fa
:020000041d01dc
:1047a000251085000100423010004054010084248f
:1047b000000083900000a29010006010020084248a
:1047c0000e006214ffff86900100a2900300c0104b
:1047d0000200a524f7ffc210000083900800e00348
:1047e0002310c2000500621401008424ffff83909f
:1047f0000100a524fbff6014ffffa2900800e00366
:04480000231062001f
:020000040000fa
:020000041d01dc
:10480400e8ffbd271400bfaf1000b0af21808000c7
:104814002400848c010005242134400f0c0006265a
:104824000a004010211800002000028e07004014e6
:1048340001000324080005920c00048e80ff02246a
:104844002510a200200004ae080002a2211060007e
:104854001400bf8f1000b08f0800e0031800bd27bc
:020000040000fa
:020000041d01dc
:10486400e8ffbd271400bfaf1000b0af8448400f6d
:1048740021808000d100032408004310211000008f
:10488400010000a2020000a2030000a21400bf8fd6
:104894001000b08f0800e0031800bd2701000224b7
:1048a400010002a2020002a2030002a201000224eb
:1048b4001400bf8f1000b08f0800e0031800bd275c
:020000040000fa
:020000041d01dc
:1048c400e0ffbd271c00bfaf1800b1af1400b0afac
:1048d40021808000a803828c060040142188a00057
:1048e40040888427009d053cd85aa524bb57400f17
:1048f40021302002010002248e0802a28b5a400fac
:10490400ad0811a2e8034224e40802ae1c00bf8fe4
:104914001800b18f1400b08f0800e0032000bd27f9
:020000040000fa
:020000041d01dc
:10492400e0ffbd271c00bfaf1800b1af1400b0af4b
:1049340021808000888a84279e5a400f2188a00005
:1049440004004010888a84273157400f888a8427be
:10495400888a8427913b400f2128200201000224e9
:104964003d0802a23c0802a2380811ae1c00bf8f09
:104974001800b18f1400b08f0800e0032000bd2799
:020000040000fa
:020000041d01dc
:10498400e0ffbd271c00bfaf1800b1af1400b0afeb
:1049940021808000408884279e5a400f2188a000ef
:1049a40004004010408884273157400f40888427f2
:1049b40040888427913b400f2128200201000224d3
:1049c400450802a2440802a2400811ae1c00bf8f91
:1049d4001800b18f1400b08f0800e0032000bd2739
:020000040000fa
:020000041d01dc
:1049e400e0ffbd271c00bfaf1800b2af1400b1af89
:1049f4001000b0af21808000218800000300122441
:104a04008d030592808784277c58400f010031264e
:104a14008c030592808784277c58400f020010265f
:104a2400f8ff32568d0305921c00bf8f1800b28f19
:104a34001400b18f1000b08f0800e0032000bd27e0
:020000040000fa
:020000041d01dc
:104a4400e0ffbd271c00bfaf1800b2af1400b1af28
:104a54001000b0af218080002188000003001224e0
:104a640093030592808784277c58400f01003126e8
:104a740092030592808784277c58400f02001026f9
:104a8400f8ff3256930305921c00bf8f1800b28fb3
:104a94001400b18f1000b08f0800e0032000bd2780
:020000040000fa
:020000041d01dc
:104aa400e0ffbd271c00bfaf1800b1af1400b0afca
:104ab4002180800001001124050005243b0180a011
:104ac4003c0180a08b55400f8d0891a04554400fa8
:104ad4000100042421200002bd56400f05000524d6
:104ae4004554400f010004248f0811a21c00bf8ffd
:104af4001800b18f1400b08f0800e0032000bd2718
:020000040000fa
:020000041d01dc
:104b0400e0ffbd271c00bfaf1800b0af03008290c8
:104b14000700401421808000ff00a530b00385ac5d
:104b24001c00bf8f1800b08f6e2c400b2000bd27d7
:104b34002f54400f1000a5af1000a58fff00a53023
:104b4400b00305ae6e2c400f21200002212000028c
:104b54001c00bf8f1800b08f1342400b2000bd27ec
:020000040000fa
:020000041d01dc
:104b6400e8ffbd271400bfaf1000b0af0d4c400fdd
:104b7400218080000c0040102118000080838227cf
:104b840000024324000040a001004224feff4354dd
:104b9400000040a078838293a48090af0100032496
:104ba40001004234788382a3211060001400bf8f77
:0c4bb4001000b08f0800e0031800bd27bf
:020000040000fa
:020000041d01dc
:104bc00025008790010003241100e3102600828055
:104bd0000200e32c0c006014ffffe324250083a0f7
:104be0002700832401000524000066900100a5240d
:104bf000ff00a530ffff66a0fbffe5140100632462
:104c000021208700250080a00800e00300000000ac
:0c4c1000250080a00800e003260080a022
:020000040000fa
:020000041d01dc
:104c1c00e0ffbd271c00bfaf1800b1af1400b0af50
:104c2c000300829006004014218080001c00bf8f7e
:104c3c001800b18f1400b08ffe21400b2000bd274f
:104c4c002f54400f2188a00021200002fe21400f8c
:104c5c0021282002212000021c00bf8f1800b18fd8
:0c4c6c001400b08f1342400b2000bd2745
:020000040000fa
:020000041d01dc
:104c7800e0ffbd271c00bfaf1800b1af1400b0aff4
:104c88000300829006004014218080001c00bf8f22
:104c98001800b18f1400b08f8124400b2000bd276d
:104ca8002f54400f2188a000212000028124400faa
:104cb80021282002212000021c00bf8f1800b18f7c
:0c4cc8001400b08f1342400b2000bd27e9
:020000040000fa
:020000041d01dc
:104cd400e0ffbd271c00bfaf1800b1af1400b0af98
:104ce4000300829006004014218080001c00bf8fc6
:104cf4001800b18f1400b08f8834400b2000bd27fa
:104d04002f54400f2188a000212000028834400f36
:104d140021282002212000021c00bf8f1800b18f1f
:0c4d24001400b08f1342400b2000bd278c
:020000040000fa
:020000041d01dc
:104d3000e0ffbd271c00bfaf1800b1af1400b0af3b
:104d40000300829006004014218080001c00bf8f69
:104d50001800b18f1400b08f7c2d400b2000bd27b0
:104d60002f54400f2188a000212000027c2d400fed
:104d700021282002212000021c00bf8f1800b18fc3
:0c4d80001400b08f1342400b2000bd2730
:020000040000fa
:020000041d01dc
:104d8c00e0ffbd271c00bfaf1800b2af1400b1afdd
:104d9c001000b0af21888000218080000600922492
:104dac008d03059221202002b651400f02001026df
:104dbc0021202002b651400f8a030592f9ff1256aa
:104dcc008d0305921c00bf8f1800b28f1400b18f99
:0c4ddc001000b08f0800e0032000bd278d
:020000040000fa
:020000041d01dc
:104de800e0ffbd271c00bfaf1800b2af1400b1af81
:104df8001000b0af21888000218080000600922436
:104e08009303059221202002b651400f020010267c
:104e180021202002b651400f90030592f9ff125647
:104e2800930305921c00bf8f1800b28f1400b18f36
:0c4e38001000b08f0800e0032000bd2730
:020000040000fa
:020000041d01dc
:104e4400e0ffbd271c00bfaf1800b0af2180800079
:104e5400000080ac040080ac080080ac0b00a01003
:104e64000c0080a02120a0003f5a400f1000a5afe5
:104e7400212000021000a58f213040001c00bf8fac
:104e84001800b08fe94b400b2000bd271c00bf8fda
:0c4e94001800b08f0800e0032000bd27cc
:020000040000fa
:020000041d01dc
:104ea000c31704008217020003008724000088282b
:104eb000211882000b20e8000300633083200400e7
:104ec0002310620080280500c010020000210400a9
:104ed0002130a60088bf033c901063242120640089
:104ee0001f0003240418430004104600040083ac90
:0c4ef000080082ac0800e0030000000095
:020000040000fa
:020000041d01dc
:104efc00b48d8297ffff84240100032404188300df
:104f0c00242843000f00a0100000000040220400e1
:104f1c002718030080bf053c0030a5242120850004
:104f2c002410620000800334040083ac050040149c
:104f3c00b48d82a780bf023c00084394c47b037ce1
:0c4f4c00000843a40800e003000000007f
:020000040000fa
:020000041d01dc
:104f5800e0ffbd271c00bfaf1800b1af1400b0af11
:104f68002188c0002180e0000400848c3156400f65
:104f78000400a58c0700401021180000000011aea5
:104f8800080002240c0002ae06000224040002ae4f
:104f980001000324211060001c00bf8f1800b18f8e
:0c4fa8001400b08f0800e0032000bd27bb
:020000040000fa
:020000041d01dc
:104fb400009d023c9813422474828327b88280aff8
:104fc400b48282afbd8280a3a18280a3a28280a387
:104fd400a68280a3a88280a302000424ac8284a3b6
:104fe40000a0043c0c188424b08284af0200042482
:104ff400000064ac200060a0508280af4c8282af7d
:085004000800e003558280a3bf
:020000040000fa
:020000041d01dc
:10500c00e8ffbd271400bfaf1000b0af21808000b7
:10501c00212800005035400f0d00042412000424f8
:10502c00b543400f21280000020000a2030000a29b
:10503c00040000a2010000a2010002248b5a400fc0
:10504c00ad0002a2b80002ae1400bf8f1000b08fea
:08505c000800e0031800bd2765
:020000040000fa
:020000041d01dc
:10506400e8ffbd271400bfaf1000b0af009d103c97
:105074003551400f105b0526818782930300401051
:105084008387829305004014808784271400bf8f90
:105094001000b08f0800e0031800bd27013f400f47
:1050a400105b0526010004241400bf8f1000b08f8c
:0850b4004554400b1800bd2714
:020000040000fa
:020000041d01dc
:1050bc00e8ffbd271400bfaf1000b0af2180800007
:1050cc00fb55400f030080a0a403038e01000224b3
:1050dc000400621040888427a803028e0700401445
:1050ec001400bf8f009d053c205da5241400bf8fcc
:1050fc001000b08fd74c400b1800bd271000b08f9c
:08510c000800e0031800bd27b4
:020000040000fa
:020000041d01dc
:10511400e0ffbd271c00bfaf1800b1af1400b0af53
:10512400b08d918fb08d828f231051002b104400cd
:105134000800401021808000c430400f00000000af
:10514400b08d828f231051002b105000faff4014b1
:10515400000000001c00bf8f1800b18f1400b08f36
:085164000800e0032000bd2754
:020000040000fa
:020000041d01dc
:10516c00e8ffbd271400bfaf1000b0af2180800056
:10517c00030086a0020085a00d0004245035400fca
:10518c0021280000120004245035400f0100052492
:10519c0021280000b543400f120004240354400f93
:1051ac00212000021400bf8f1000b08f0800e00314
:0451bc001800bd27f3
:020000040000fa
:020000041d01dc
:1051c000a003828c0600401401000324b403828ce7
:1051d0000c004050030002240800e003ac0380ac44
:1051e000fdff431400000000b403838c07006050ef
:1051f00005000224f8ff6214000000000800e0032c
:10520000ac0383ac0800e003ac0382ac0800e0030d
:04521000ac0382acbd
:020000040000fa
:020000041d01dc
:10521400e8ffbd271400bfaf1000b0af3551400ff9
:105224002180a000818782930300401083878293aa
:1052340005004014808784271400bf8f1000b08fae
:105244000800e0031800bd27013f400f2128000299
:10525400010004241400bf8f1000b08f4554400b8c
:045264001800bd274a
:020000040000fa
:020000041d01dc
:10526800e0ffbd271c00bfaf1800b1af1400b0affe
:10527800218080000000828c0000428c09f84000e8
:105288000d000524218840000000028e2120000224
:105298000000428c09f840000a0005242110510042
:1052a8001c00bf8f1800b18f1400b08f0800e003f6
:0452b8002000bd27ee
:020000040000fa
:020000041d01dc
:1052bc000060634181bf023c0100633030f240acbe
:1052cc0099aa043c5566842430f244ac6655043cdf
:1052dc00aa99843430f244ac0200042404f044aca7
:1052ec003333043c3333842430f244ac0300601475
:1052fc00000000000800e003006060410800e003cb
:04530c00206060417c
:020000040000fa
:020000041d01dc
:10531000e0ffbd271c00bfaf1800b1af1400b0af55
:105320002188800000a0103c502100ae2120a00068
:10533000b85a400f2128c000ffff03240500431482
:105340001c00bf8f5021038e01006054000023ae6b
:105350001c00bf8f1800b18f1400b08f0800e0034d
:045360002000bd2745
:020000040000fa
:020000041d01dc
:10536400e8ffbd271400bfaf1000b0afe054400bfe
:1053740021808000e750400f21200002080002969f
:10538400010043240202422cfaff4014080003a641
:1053940010000492b543400f01000524060000a24a
:1053a4001400bf8f1000b08f0800e0031800bd2761
:020000040000fa
:020000041d01dc
:1053b400e8ffbd271400bfaf1000b0af0900829012
:1053c4000600401421808000211000001400bf8fcb
:1053d4001000b08f0800e0031800bd27ca42400f38
:1053e40000000000f8ff401001000224090000a2a0
:1053f4001400bf8f1000b08f0800e0031800bd2711
:020000040000fa
:020000041d01dc
:10540400c0ffbd273c00bfaf211080002130a000a9
:105414001000a42721284000020007241400a0af94
:10542400009d023c981342241000a2af4125400f76
:105434001900a0a3040040103c00bf8fb94f400fd7
:105444001000a4273c00bf8f0800e0034000bd27e4
:020000040000fa
:020000041d01dc
:105454001100a01000000000e0ffbd271c00bfaf3a
:105464001800b0af218080002120a0003f5a400fd7
:105474001000a5af0000038e212000021000a58fac
:105484000400798c213040001c00bf8f1800b08fbd
:10549400080020032000bd270800e00321100000bd
:020000040000fa
:020000041d01dc
:1054a4000400848c0400a58c0d008510000000000d
:1054b400000083802a0002240b0062100000000018
:1054c400e8ffbd271400bfafe851400f0000000003
:1054d4000100422c1400bf8f0800e0031800bd2710
:1054e4000800e003010002240800e003211000008a
:020000040000fa
:020000041d01dc
:1054f400e0ffbd271c00bfaf1800b1af1400b0af70
:105504002188800000a0103c502100ae5155400f6e
:105514002120a000ffff0324050043141c00bf8fbb
:105524005021038e01006054000023ae1c00bf8f85
:105534001800b18f1400b08f0800e0032000bd27cd
:020000040000fa
:020000041d01dc
:10554400e0ffbd271c00bfaf1800b1af1400b0af1f
:105554002748400f218880000700201a218040003e
:10556400ffff02240400021221200002212800006f
:105574009c59400f21302002211000021c00bf8fd3
:105584001800b18f1400b08f0800e0032000bd277d
:020000040000fa
:020000041d01dc
:10559400e8ffbd271400bfaf1000b0af218080002a
:1055a4009e5a400f4088842704004050450800a2ba
:1055b4003157400f40888427450800a2440800a2c0
:1055c4000100023c00c24234400802ae1400bf8f06
:0c55d4001000b08f0800e0031800bd2795
:020000040000fa
:020000041d01dc
:1055e000e0ffbd271c00bfaf1800b1af1400b0af83
:1055f000218080003537400f2188a000480804260c
:105600000058400f06000524f056400f0c000424fb
:1056100021200002212820021c00bf8f1800b18f1a
:0c5620001400b08fa23a400b2000bd2700
:020000040000fa
:020000041d01dc
:10562c00e0ffbd271c00bfaf1800b1af1400b0af36
:10563c00218080003537400f2188a00048080426bf
:10564c000058400f1000052421200002a23a400f00
:10565c0021282002030004241c00bf8f1800b18fe6
:0c566c001400b08ff056400b2000bd274a
:020000040000fa
:020000041d01dc
:10567800e0ffbd271c00bfaf1800b1af1400b0afea
:10568800218080003537400f2188a0004808042673
:105698000058400f1100052421200002a23a400fb3
:1056a800212820020a0004241c00bf8f1800b18f93
:0c56b8001400b08ff056400b2000bd27fe
:020000040000fa
:020000041d01dc
:1056c400e8ffbd271400bfaf1000b0af0300829005
:1056d40005004014218080001400bf8f1000b08f9b
:1056e4000643400b1800bd272f54400f0000000054
:1056f4000643400f21200002212000021400bf8f26
:0c5704001000b08f1342400b1800bd27ae
:020000040000fa
:020000041d01dc
:10571000e8ffbd271400bfaf1000b0af280005247c
:10572000584d400f21808000920302a621200002e4
:10573000584d400f2a000524940302a621200002a0
:10574000584d400f2c000524960302a61400bf8f6d
:0c5750001000b08f0800e0031800bd2717
:020000040000fa
:020000041d01dc
:10575c003c08829003004014211000000800e00374
:10576c0000000000e8ffbd271400bfaf0759400f31
:10577c00888a8427050040140100022421100000af
:10578c001400bf8f0800e0031800bd271400bf8f62
:08579c000800e0031800bd271e
:020000040000fa
:020000041d01dc
:1057a4004408829003004014211000000800e00324
:1057b40000000000e8ffbd271400bfaf0759400fe9
:1057c40040888427050040140100022421100000b1
:1057d4001400bf8f0800e0031800bd271400bf8f1a
:0857e4000800e0031800bd27d6
:020000040000fa
:020000041d01dc
:1057ec00e8ffbd271400bfaf1000b0af05000524c3
:1057fc00ce56400f218080004554400f01000424f8
:10580c00212000029e55400f050005244554400ff1
:10581c00010004248f0800a21400bf8f1000b08f69
:08582c000800e0031800bd278d
:020000040000fa
:020000041d01dc
:10583400e0ffbd271c00bfaf1800b1af1400b0af2c
:105844000300b02c0a281000218880004080050045
:1058540021809000b651400f93030592212020022d
:10586400920305921c00bf8f1800b18f1400b08ff3
:08587400b651400b2000bd27d6
:020000040000fa
:020000041d01dc
:10587c00e0ffbd271c00bfaf1800b1af1400b0afe4
:10588c00218080000000828c0000428c09f84000ce
:10589c00ff00a530218840009a54400f21200002bf
:1058ac00211022021c00bf8f1800b18f1400b08f82
:0858bc000800e0032000bd27f5
:020000040000fa
:020000041d01dc
:1058c4000d00851000000000000083802a000224df
:1058d4000b00621000000000e8ffbd271400bfaffa
:1058e400e851400f000000000100422c1400bf8f5b
:1058f4000800e0031800bd270800e00301000224ab
:105904000800e003211000000d00851000000000d5
:10591400000083802a0002240b00621000000000b3
:10592400e8ffbd271400bfafe851400f000000009e
:105934000100422c1400bf8f0800e0031800bd27ab
:105944000800e003010002240800e0032110000025
:020000040000fa
:020000041d01dc
:10595400e0ffbd271c00bfaf1800b1af1400b0af0b
:10596400009d103ca0121026ffff11240000028e9f
:10597400050051101c00bf8f09f84000fcff1026e1
:105984005d56400b0000028e1800b18f1400b08fda
:085994000800e0032000bd271c
:020000040000fa
:020000041d01dc
:10599c000000023c01004224050040100000023cc3
:1059ac0000004224030040100000023c3f00007045
:1059bc000000023c000042240500401000000000e2
:1059cc00e8ffbd271400bfaf09f84000000000003d
:0859dc007756400b00000000ab
:020000040000fa
:020000041d01dc
:1059e400bffea2300d004014008002343800838cc6
:1059f4000000668c4001c630340086ac040062ac02
:105a04003800838c40010624040066ac3800838c83
:105a1400080065ac3800838c080062ac0800e00321
:045a2400000000007e
:020000040000fa
:020000041d01dc
:105a2800e8ffbd271400bfaf1000b0af6800902496
:105a3800000105247956400f212000022120000290
:105a48009800053c534c400f8096a5340d00042463
:105a5800212800001400bf8f1000b08fb543400b01
:045a68001800bd273e
:020000040000fa
:020000041d01dc
:105a6c00e8ffbd271400bfaf0b0004245035400fd6
:105a7c00212800000c0004245035400f2128000080
:105a8c0081878293030040101400bf8f0800e0034d
:105a9c001800bd270d000424212800005035400bb0
:045aac001800bd27fa
:020000040000fa
:020000041d01dc
:105ab000e0ffbd271c00bfaf1800b1af1400b0afae
:105ac000218080003537400f2188a0004808042637
:105ad0000058400f04000524212000022128200244
:105ae0001c00bf8f1800b18f1400b08fa23a400b7a
:045af0002000bd27ae
:020000040000fa
:020000041d01dc
:105af400e0ffbd271c00bfaf1800b1af1400b0af6a
:105b0400218080003537400f2188a00048080426f2
:105b14000058400f080005242120000221282002fb
:105b24001c00bf8f1800b18f1400b08fa23a400b35
:045b34002000bd2769
:020000040000fa
:020000041d01dc
:105b3800e0ffbd271c00bfaf1800b1af1400b0af25
:105b4800218080003537400f2188a00048080426ae
:105b58000058400f0a0005242120000221282002b5
:105b68001c00bf8f1800b18f1400b08fa23a400bf1
:045b78002000bd2725
:020000040000fa
:020000041d01dc
:105b7c00e8ffbd271400bfaf1000b0af218080003c
:105b8c000700a63420000524920380a4940380a46b
:105b9c009650400f960380a4212000022200052479
:105bac00100006241400bf8f1000b08f9650400bcd
:045bbc001800bd27e9
:020000040000fa
:020000041d01dc
:105bc000e0ffbd271c00bfaf1800b1af1400b0af9d
:105bd000b84d400f2188800021804000b84d400f13
:105be00000000000231050002b185100fbff601430
:105bf0001c00bf8f1800b18f1400b08f0800e003a5
:045c00002000bd279c
:020000040000fa
:020000041d01dc
:105c0400e8ffbd271400bfaf13000424019d053c29
:105c14009d58400ff8e3a524130004240400052430
:105c2400a853400f213000002758400f17000424c8
:105c3400170004241400bf8fc957400b1800bd2758
:020000040000fa
:020000041d01dc
:105c4400e8ffbd271400bfaf1000b0af2180800073
:105c54009e5a400f888a8427040040503d0800a2c1
:105c64003157400f888a84273d0800a23c0800a2cf
:105c74001400bf8f1000b08f0800e0031800bd2788
:020000040000fa
:020000041d01dc
:105c8400e8ffbd271400bfaf1000b0af0300b02c75
:105c94000a2810004080050021809000930305929b
:105ca4007c58400f8087842792030592808784273d
:105cb4001400bf8f1000b08f7c58400b1800bd2714
:020000040000fa
:020000041d01dc
:105cc400180087903400888c3000858c3800868cce
:105cd400423907001000828c003907002128050191
:105ce40088bf033c60106324211867002128a600a4
:105cf400040065ac000040ac364e400b19008490a3
:020000040000fa
:020000041d01dc
:045d0400000000009b
:020000040000fa
:020000041d01dc
:105d0800286e756c6c290a00286e696c29000000e1
:105d1800286e756c6c2900004e614e00496e660055
:105d280000000000000024400000000000001040b7
:105d38007b14ae47e17a843f2d431cebe2361a3fd1
:020000040000fa
:020000041d01dc
:105d4800e8ffbd271400bfaf7b43400f00000000f1
:105d5800070040102118000081bf033c0090628cae
:105d680001004230fdff401081bf023c7090438c1f
:105d7800211060001400bf8f0800e0031800bd2741
:020000040000fa
:020000041d01dc
:105d8800e8ffbd271400bfaf1000b0af218080002e
:105d98002110a0002120a000010005245035400f4b
:105da800420002a242000492010005241400bf8fa1
:0c5db8001000b08fb543400b1800bd2751
:020000040000fa
:020000041d01dc
:105dc40081878293ac0885a001000324920883a0f4
:105dd4008e0880a004004010ad0880a083878293c1
:105de40003004054808784270800e003000000007b
:0c5df400009d053c8b3f400bfc5aa52491
:020000040000fa
:020000041d01dc
:105e00004002828c3c02838c0a006210010045240f
:105e1000c31f0500c21d0300211082003c004290f8
:105e20002128a300ff01a5302318a3000800e003e8
:0c5e3000400283ac0800e003ffff0224e6
:020000040000fa
:020000041d01dc
:105e3c00e0ffbd271c00bfaf1800b1af1400b0af1e
:105e4c00035a400f21808000218840009a54400f53
:105e5c0021200002211051001c00bf8f1800b18faf
:0c5e6c001400b08f0800e0032000bd27e8
:020000040000fa
:020000041d01dc
:105e78008c8d868fb08d838f2110000023208600a3
:105e8800204e42242b288200fdffa010010063242d
:105e980021104600e0b14424ac8d84af8c8d82afd4
:0c5ea800b08d83af0800e0030000000094
:020000040000fa
:020000041d01dc
:105eb400e8ffbd271400bfaf1000b0af20000524d9
:105ec400080006249650400f218080002120000203
:105ed40022000524213000001400bf8f1000b08f71
:085ee4009650400b1800bd2789
:020000040000fa
:020000041d01dc
:105eec00e0ffbd271c00bfaf211880002800a227af
:105efc002800a6af2120a0002130600021284000fe
:105f0c002c00a7af2005400f1000a2af1c00bf8fc4
:085f1c000800e0032000bd278e
:020000040000fa
:020000041d01dc
:105f24001f008224000083280a108300431102000a
:105f34000011020088bf033c601063242118620032
:105f44000000628c0100052404208500080064ac74
:085f54000800e003000000005a
:020000040000fa
:020000041d01dc
:105f5c00e8ffbd271400bfaf00680240d88c82afa9
:105f6c000070024021284000d48c82afd88c828fe4
:105f7c008020427c21204000a45a400fdc8c82af50
:085f8c00e357400b0000000088
:020000040000fa
:020000041d01dc
:105f9400211800000a006610000000002110830090
:105fa40000004790010063242110a300ffff4290ea
:105fb400f8ffe2102310e2000800e00300000000f4
:085fc4000800e00321100000b9
:020000040000fa
:020000041d01dc
:105fcc00009d043ce8ffbd2754128424030080107c
:105fdc001400bfaf09f880000000000000008430fe
:105fec000000a530984d400f00000000ffff00108e
:045ffc0000000000a1
:020000040000fa
:020000041d01dc
:106000003800828c1000438c08006330fdff601064
:1060100000000000200045ac1000438c01006330fc
:10602000fdff6010000000002000428c0800e0032b
:04603000000000006c
:020000040000fa
:020000041d01dc
:10603400e8ffbd271400bfaf1000b0af218080007f
:1060440001000524b543400f0d0004246800042614
:10605400000105241400bf8f1000b08f7956400b47
:046064001800bd273c
:020000040000fa
:020000041d01dc
:10606800e8ffbd271400bfaf0b0004245035400fd4
:10607800010005240b000424b543400f010005244a
:106088000c000424010005241400bf8f5035400b78
:046098001800bd2708
:020000040000fa
:020000041d01dc
:10609c001f008224000083280a1083004319020089
:1060ac000019030088bf023c301042242110430029
:1060bc000100032404208300040044ac0800e00326
:0460cc0000000000d0
:020000040000fa
:020000041d01dc
:1060d000e8ffbd271400bfaf211880002110a000e9
:1060e0002138c00000a0043c3821848c21286000a5
:1060f0004e33400f213040001400bf8f0800e003f2
:046100001800bd279f
:020000040000fa
:020000041d01dc
:10610400e0ffbd271c00bfaf1000a5270151400fc1
:106114001000a0a31000a493ff0003240b18820016
:10612400211060001c00bf8f0800e0032000bd2781
:020000040000fa
:020000041d01dc
:10613400e8ffbd271400bfaf1000b0af218080007e
:1061440045008524583d400f20000624650000a228
:106154001400bf8f1000b08f0800e0031800bd27a3
:020000040000fa
:020000041d01dc
:10616400b003828c0600432c06006010019d033ca2
:1061740080100200cc686324211043000800e0036f
:106184000000428c009d023c0800e003f05a4224c7
:020000040000fa
:020000041d01dc
:10619400e8ffbd271400bfaf1000b0af218080001e
:1061a400010002243210400f8c0882a08c0800a247
:1061b4001400bf8f1000b08f0800e0031800bd2743
:020000040000fa
:020000041d01dc
:1061c400e8ffbd271400bfaf00a0043c7f5a400f76
:1061d400c40f842480878427010005240100062439
:0c61e4001400bf8f5b54400b1800bd2757
:020000040000fa
:020000041d01dc
:1061f000650083902000662c0600c010211000006e
:106200002110830001006324450045a00100022401
:0c621000650083a00800e003000000000f
:020000040000fa
:020000041d01dc
:10621c00c48c838f00026324c88c828f2318620085
:10622c00c3170300c215020021186200ff0163307e
:0c623c00231062000800e0032b10020099
:020000040000fa
:020000041d01dc
:106248007c8a838f00026324808a828f23186200ed
:10625800c3170300c215020021186200ff01633052
:0c626800231062000800e0032b1002006d
:020000040000fa
:020000041d01dc
:106274002c0082280700401080200400ac80822774
:10628400212044000000828c000085ac0800e0035b
:0c629400000000000800e00321100000e2
:020000040000fa
:020000041d01dc
:1062a00000606241010042304000042488bf033c8a
:1062b000042064ac03004014000000000800e00368
:0c62c000006060410800e00320606041c5
:020000040000fa
:020000041d01dc
:1062cc00e8ffbd271400bfaf1000b0af6f59400fef
:1062dc00218080002f59400f212000021400bf8f15
:0c62ec001000b08f0800e0031800bd2770
:020000040000fa
:020000041d01dc
:1062f800e8ffbd271400bfaf1000b0af7859400fba
:10630800218080002f59400f212000021400bf8fe8
:0c6318001000b08f0800e0031800bd2743
:020000040000fa
:020000041d01dc
:10632400e8ffbd271400bfaf211080002130a0007a
:1063340000a0033c3821648ce81b400f2128400056
:0c6344001400bf8f0800e0031800bd2704
:020000040000fa
:020000041d01dc
:1063500000a0033c2021622401000424080044ac76
:1063600000a0043c68218424202164ac0000033c8c
:0c637000000863240800e003040043acb4
:020000040000fa
:020000041d01dc
:10637c00e8ffbd271400bfaf1c00a5a30100062435
:10638c00b023400f1c00a527211000001400bf8f64
:08639c000800e0031800bd2712
:020000040000fa
:020000041d01dc
:1063a400e8ffbd271400bfaf0b0004245035400f95
:1063b400010005240c000424212800001400bf8fd0
:0863c4005035400b1800bd2705
:020000040000fa
:020000041d01dc
:1063cc00e8ffbd271400bfaf00a0043c574a400fa4
:1063dc000c18842400a0043cc40f84241400bf8f28
:0863ec00a14a400b1800bd2777
:020000040000fa
:020000041d01dc
:1063f400010203040506070000000000000000007d
:106404000000000a0000000f000000000000000867
:086414000b000c0e0009000d45
:020000040000fa
:020000041d01dc
:10641c003c02828c4002838c0002422423104300f5
:10642c00c31f0200c21d030021104300ff014230b4
:08643c000800e00323104300f7
:020000040000fa
:020000041d01dc
:10644400006803408000023c25106200006882401e
:106454000010032488bf023c081043ac2060624152
:086464000800e0030000000045
:020000040000fa
:020000041d01dc
:10646c0000000000320003050000000015040000cd
:10647c000100000000002000000354004002000056
:08648c00000000000001000007
:020000040000fa
:020000041d01dc
:1064940020008000000100020004000800200040e9
:1064a4000080010002000100020004000800040052
:0864b4000800100010000000b8
:020000040000fa
:020000041d01dc
:1064bc000700801000000000e8ffbd271400bfafec
:1064cc009359400f000000001400bf8f1800bd2727
:0864dc000800e00300000000cd
:020000040000fa
:020000041d01dc
:1064e400dc82828fe082838f2b10430003004010f4
:1064f400000000000800e003e08280afed34400bb0
:046504000000000093
:020000040000fa
:020000041d01dc
:10650800e0ffbd271c00bfaf1000a6af00020724a4
:106518003231400f213000001c00bf8f0800e0031b
:046528002000bd276b
:020000040000fa
:020000041d01dc
:10652c00010083900500601021100000020080a083
:10653c00030080a0010080a0010002240800e003f9
:04654c00000000004b
:020000040000fa
:020000041d01dc
:10655000e8ffbd271400bfaf009d053c3551400f3b
:106560000c5ba524808784271400bf8f7c5a400bc6
:046570001800bd272b
:020000040000fa
:020000041d01dc
:10657400ec8c8227a0004324000040ac1400422489
:10658400feff4354000040ace08c80af0800e00301
:04659400e48c80af64
:020000040000fa
:020000041d01dc
:1065980000000000106088bf106188bf0000000084
:1065a80000000000000000000000000000000000e3
:0465b80000000000df
:020000040000fa
:020000041d01dc
:1065bc00e8ffbd271400bfaf009d023c0814422425
:1065cc00755a400f000082ac1400bf8f0800e00326
:0465dc001800bd27bf
:020000040000fa
:020000041d01dc
:1065e000e8ffbd271400bfaf009d023c38144224d1
:1065f0006f59400f000082ac1400bf8f0800e00309
:046600001800bd279a
:020000040000fa
:020000041d01dc
:10660400e8ffbd271400bfaf009d023c681442247c
:106614002f59400f000082ac1400bf8f0800e00324
:046624001800bd2776
:020000040000fa
:020000041d01dc
:10662800e8ffbd271400bfaf2128800000a0023c6e
:10663800451a400f3821448c1400bf8f0800e0032e
:046648001800bd2752
:020000040000fa
:020000041d01dc
:10664c00e8ffbd271400bfaf2128800000a0023c4a
:10665c00ac26400f3821448c1400bf8f0800e00397
:04666c001800bd272e
:020000040000fa
:020000041d01dc
:106670002110800021308600211880000300661060
:10668000010063249f59400bffff65a00800e00351
:046690000000000006
:020000040000fa
:020000041d01dc
:10669400e8ffbd271400bfaf2128800000a0023c02
:1066a4003549400f3821448c1400bf8f0800e003a3
:0466b4001800bd27e6
:020000040000fa
:020000041d01dc
:1066b8002110800021188000010063240100a52416
:1066c800ffffa480fcff8014ffff64a00800e00324
:0466d80000000000be
:020000040000fa
:020000041d01dc
:1066dc00e8ffbd271400bfaf8057400f888a84277e
:1066ec002014027c1400bf8f0800e0031800bd27a3
:020000040000fa
:020000041d01dc
:1066fc00e8ffbd271400bfaf8057400f40888427a8
:10670c002014027c1400bf8f0800e0031800bd2782
:020000040000fa
:020000041d01dc
:10671c00e8ffbd271400bfaf7b50400f27000524b6
:10672c00c000427c1400bf8f0800e0031800bd2796
:020000040000fa
:020000041d01dc
:10673c004002828c3c02838c030062102120820078
:10674c000800e0033c0082900800e003ffff0224f5
:020000040000fa
:020000041d01dc
:10675c001000838c1000628c00024230fdff40144c
:10676c0000000000200065ac0800e00301000224da
:020000040000fa
:020000041d01dc
:10677c00e8ffbd271400bfaf212800003458400f9c
:10678c000a0006241400bf8f0800e0031800bd2780
:020000040000fa
:020000041d01dc
:10679c00211080003800838c000060ac4000849095
:0c67ac00200040a4364e400b000000000e
:020000040000fa
:020000041d01dc
:1067b80000e0837c81bf023c0140042420f443ac08
:0c67c80030f445ac7d4b400b000000009d
:020000040000fa
:020000041d01dc
:1067d4008e08829003004014000000000800e003cb
:0c67e40000000000dd48400b0000000039
:020000040000fa
:020000041d01dc
:1067f0001000838c1000628c00014230fdff4010bd
:0c680000000000000800e00300000000a1
:020000040000fa
:020000041d01dc
:10680c000300c0500000838c8c49400bff00c63045
:0c681c000000798c08002003ff00a5306c
:020000040000fa
:020000041d01dc
:106828000000848c0300801000000000df59400b3a
:0c683800000000000800e0032110000038
:020000040000fa
:020000041d01dc
:106844000100843003008014000000000800e0030d
:0c685400006060410800e003206060412b
:020000040000fa
:020000041d01dc
:1068600081bf023c00f0438cc00c637c6202023c9e
:0c687000005a42240800e00306106200f9
:020000040000fa
:020000041d01dc
:10687c001000a28f261046000600032401000424f9
:0c688c000b1882000800e00321106000df
:020000040000fa
:020000041d01dc
:10689800e8ffbd271400bfafba5a400f0000000040
:0c68a8001400bf8f0800e0031800bd279b
:020000040000fa
:020000041d01dc
:1068b40000e0837c0440042481bf023c20f443ac08
:0868c4007d4b400b00000000b9
:020000040000fa
:020000041d01dc
:1068cc000462009d0c62009d1462009d1c62009d80
:0868dc002462009d2c62009d66
:020000040000fa
:020000041d01dc
:1068e400e8ffbd271400bfafa559400f06000424dc
:0868f400b65a400f0100042414
:020000040000fa
:020000041d01dc
:1068fc000100822400008390feff601401008424b8
:10690c000800e0032310820000601a40bfff1b3c0c
:10691c00ffff7b3724d05b0300609a4018000042d5
:020000040000fa
:020000041d01dc
:10692c00e061009de861009df061009df861009db3
:04693c000062009d58
:020000040000fa
:020000041d01dc
:106940001000828c1000428c000242380800e003e4
:046950004002427c43
:020000040000fa
:020000041d01dc
:10695400ffffffffffff000102030405060708ff16
:04696400ffffff0032
:020000040000fa
:020000041d01dc
:10696800211424848323438113102082224411405c
:046978008012420047
:020000040000fa
:020000041d01dc
:10697c0010121314151618191a00010b0c0d0e0217
:04698c00030f0400f1
:020000040000fa
:020000041d01dc
:1069900002020202020202020201010202020201da
:0469a00001020100ef
:020000040000fa
:020000041d01dc
:1069a4007c3c3e5e2b3d3f2f5b5d3b2c2a225c00f2
:020000040000fa
:020000041d01dc
:1069b4000000828c0000598c08002003ff00a530e1
:020000040000fa
:020000041d01dc
:1069c40000488040005884400800e00300000000b4
:020000040000fa
:020000041d01dc
:1069d400009d023c681442240800e003000082acdd
:020000040000fa
:020000041d01dc
:0c69e400250082800800e0032a10020059
:020000040000fa
:020000041d01dc
:0c69f000019d053c8b3f400b045da5247d
:020000040000fa
:020000041d01dc
:0c69fc000100053c784d400b00c2a534a2
:020000040000fa
:020000041d01dc
:0c6a08004002828c0800e0033c0282acdb
:020000040000fa
:020000041d01dc
:0c6a1400006062410800e0030000000088
:020000040000fa
:020000041d01dc
:0c6a2000004802400800e00300000000f5
:020000040000fa
:020000041d01dc
:0c6a2c00b08d828f0800e0030000000025
:020000040000fa
:020000041d01dc
:0c6a38000b0a0900010203040500000025
:020000040000fa
:020000041d01dc
:0c6a440000a0023c0800e0033821428c56
:020000040000fa
:020000041d01dc
:086a5000ff39400b4200859064
:020000040000fa
:020000041d01dc
:086a5800bc3e400b00000000f1
:020000040000fa
:020000041d01dc
:086a6000a14b400b8087842745
:020000040000fa
:020000041d01dc
:086a6800c455400b00000000c2
:020000040000fa
:020000041d01dc
:086a70005630400bac03858c8d
:020000040000fa
:020000041d01dc
:086a78000800e0030100022404
:020000040000fa
:020000041d01dc
:086a8000035a400b0000000066
:020000040000fa
:020000041d01dc
:086a88009359400b0000848cbf
:020000040000fa
:020000041d01dc
:086a90000800e0030000000013
:020000040000fa
:020000041d01dc
:086a9800af54400b00000000a8
:020000040000fa
:020000041d01dc
:086aa0000800e00321100000d2
:020000040000fa
:020000041d01dc
:086aa8000800e00321100000ca
:020000040000fa
:020000041d01dc
:086ab0000800e00321100000c2
:020000040000fa
:020000041d01dc
:086ab8000800e00300000000eb
:020000040000fa
:020000041d01dc
:086ac0000800e00300000000e3
:020000040000fa
:020000041d01dc
:086ac8000800e00300000000db
:020000040000fa
:020000041d01dc
:086ad0000800e00300000000d3
:020000040000fa
:020000041d01dc
:086ad800b65a400b000000005b
:020000040000fa
:020000041d01dc
:086ae0000800e0032110000092
:020000040000fa
:020000041d01dc
:086ae8000800e003211000008a
:020000040000fa
:020000041d01dc
:046af000430000005f
:00000001FF
