:020000041FC01B
:1000000000601A40C0045A7F0600401300601A4086
:10001000BFFF1B3CFFFF7B3724D05B0300609A408F
:100020001800004200A01D3CF03FBD2701A01C3C71
:10003000F0859C270260094020582001801E2A7DFF
:100040008449497D02608940C000000000E0DC4135
:1000500002608B4000A0083C2006082500A0093C57
:10006000600629250600001000000000000000AD19
:10007000040000AD080000AD0C0000AD1000082524
:100080002B080901F9FF201400000000C09F083C64
:10009000500B08250000098D1800201104000825C8
:1000A00000000A8D0400082500000B8D0900601176
:1000B0000400082500000C91FFFF4A2501000825D7
:1000C00000002CA1FBFF40150100292505000010B0
:1000D00000000000000020A1FFFF4A25FDFF4015A1
:1000E0000100292503000825FCFF0A2424404801BB
:1000F0000000098DE7FF201500000000C0BF093C8B
:100100000000292501788940000084300000A530D6
:10011000C09F083CA00B082508000001000000005B
:10020000FD643C6740F514B7809F516750F0044A85
:1002100081DA40F50CB4006A40DC40F508B5A0DC9A
:1002200040F504B5A0DC40F504B4C0AC04F0016DA9
:10023000ABEDCCEDA0CC20F518B440DC20F514B427
:1002400040DC20F514B2A0AA096C8BECACEC80CA9F
:1002500020F508B4016A40DC026A40DC20F500B6F3
:1002600040DE20F500B2809A9234016A4EEC00F52F
:1002700018B2409A4FEA015A7867017358674CECFC
:1002800000F508B2A09A106A4CED016A0D2500F540
:1002900000B5C09D4CEE082EC09D80680CEE042E6B
:1002A000A09DBA354EEDACEA8CEA50F040C1E0F4C6
:1002B00004B3106C80DB006C80DF03221F1A340251
:1002C00000651F1EB200006500480240B500F077CF
:1002D00000000000006530F058D930F05CD9036CA4
:1002E000A0F414B280DA016CA0F410B280DA10F03D
:1002F000006CA0F40CB280DA02F4006CA0F404B23A
:1003000080DAA0F404B2146C80DAA0F400B0409853
:10031000016C8CEA1E2280F418B2409AF61730F075
:1003200051A111EACB2A50F040A1C82A60F41CB4B4
:10033000409C016C8CEA062260F414B2809A1F1A69
:10034000FE0111EC50F05DA1212A70F08899E0F1D6
:100350000F2C1F1ED600006500480240D900F07720
:1003600000000000006530F054D930F0D0A130F02A
:100370007C9977E220F41CB486EE83EDD061016DA8
:1003800020F414B4A0DC30F05CD9C91770F0A49943
:1003900020F408B442A420F408B7B9E740C6624587
:1003A00070F064D9006801C611722C65076720F1EE
:1003B0001260125A2B6002726F60035A1260016E53
:1003C000CEEA60F1192A50F040C1016C30F090C1C2
:1003D00050F04CC169E7086C80C24345EDE2006A09
:1003E0004D1003725E60067260F1066143A400F670
:1003F0004032A4A4A035A035ADEAA6A4ADEA85A4F8
:1004000080348DEA443230F06499BD101472A0F04B
:100410001E60155A0D60137240F10E6143A4403204
:10042000A4A4ADEAC342046DABEDACEEA2677110BB
:100430001D6F4EEF4027487220F11E6143A46A658C
:10044000E4A44F65E5A486A40C658A678032E03495
:1004500080348DEA8B678DEA886700F680348DEAF8
:1004600070F048D969E06B6760C28A6783C6E4C6EA
:10047000064D70F0A4D9E867E5C61E11D1B491E22B
:10048000808459E380C6014AF92C0B4D70F0A4D941
:10049000026AC0B740DF101143A4CBB549E584A47C
:1004A0000810034D70F0A4D969E783A4C6B591E59F
:1004B00080A480C2011169E0E0C266A463C645451C
:1004C00070F044D9E4C63073064D49E00E6188A44B
:1004D000042C70F0A4D9506C0610017470F0A4D9EB
:1004E000436C0161496C80C20C108367096ECBEECE
:1004F000CCEC207470F0A4D90361016C8BECF31781
:10050000E0C270F04499814270F084D949E0006CF7
:10051000D017C3ED0760E967ADE7016FEBEFECC300
:10052000014DF71730F0ACA11C2500F1005E1661FB
:1005300070F0AC99E0F11F6BACEB102B00F1849CD8
:1005400061440C2330F06499A0B78CEF30F0E4D90B
:100550006FE7B5E370F0ACD930F080D9006C30F0C3
:100560008CC170F0AC998567B5E615D21F1AB4023C
:1005700014D670F08C9996B514961F1AA602CA3636
:10058000159270F06C9949E370F04CD9951070F0A9
:100590004C99C3A4C03684A48DEE59E60E65A367BA
:1005A000886783EA2F6000F4006C8BEC4CEC89B315
:1005B000E2676CEF88B36DE762336A3387B76DE744
:1005C00060A30173D867CBEBC0F7633311EB6B65A6
:1005D00000F4E0446867E3EB0160E86782674FE599
:1005E0002B658DE3E3EC0B60696779E099E64E6576
:1005F000C0A46B67CDEBCA6760C6014CF017A36758
:100600004467CE1770F04CD9414570F044D9B5E03D
:10061000006A40C5511030F080991F1A6A020065C7
:10062000022A6FB53F108442B16710F0144D016E7D
:100630001F1AA60215D215928742094CB16710F015
:10064000184D1F1AA602016E15928742054CB1671C
:1006500010F01C4D1F1AA602016E15928742354CF0
:10066000B16730F0084D1F1AA602016E1592AAAAB2
:100670008BAA80348034ADEC5AB58CED172D5AB569
:100680008CED0C25AEAA8FAA80348034ADECD0AAB4
:10069000B1AAA035A035CDED95E5051053B24CECCF
:1006A000C02453B553B41F1AB4020065016A30F078
:1006B00051C1026A32B640DE1B6AFD6750C750F076
:1006C00054A151C770F04499433492C753C70E6C7C
:1006D00094C7006D8567040399E3C0A6CEED014C75
:1006E0000574F96150F0BCC18367056D1F1A2A02B9
:1006F00015D250F0BCA1006C1592C4674EEE0526D1
:1007000099E0C0A6014CCEEDF81750F0BCC12CB456
:10071000A2671F1A2A0214D6916750F01C4C1F1AA8
:100720002A02016D149670F0C4D950F0DDC10D1687
:100730001EB6409EFF6D014DACEAFA2290342EB2F7
:100740009BEA012CE5E812EAFF4A17B740DF006A8E
:1007500070F048D9FE15006500F680BF30F280BF0A
:10076000556699AAAA99665500F280BF006088BFB5
:10077000006188BF00F280BF146188BF386188BF04
:10078000206188BF0010009D306188BF00F680BFE7
:10079000346188BF50FA80BF38FB80BF006080BFE3
:1007A000106080BF406080BF106080BF306080BF3D
:1007B000A02526003C6188BF600600A0600A00A05A
:1007C000B00BC09FDC0E00A00000FFFF6C0600A075
:1007D00000FCFF1F000000E3600E00A000E0019D90
:1007E00000000200000004000000080000F0019D6D
:1007F0000000009D005A62025C6711EC50F07CA280
:100800008EEB50F07CC250F0B09A075D4760A8357F
:1008100024B6D5E5A09D80ED3508C09F4508C09F52
:100820004D08C09F5708C09F6508C09F7308C09FB0
:100830008F08C09F1B740361016B50F070DA50F099
:100840009CC2A0E850F094C2026B2610803450F095
:1008500098DA036B211050F0789A8DEB50F078DA2B
:10086000046B1A100E6B6EEC162C70F080DA056BB0
:10087000131070F0A09A614570F060DA0AB6B5E620
:1008800082C550F0989A8EEB092B066B0510032B4E
:10089000016B50F07DC2006B50F070DAA0E800658B
:1008A0001808C09F600600A044678FE2A2EB0B60AF
:1008B00006B3609BFF6E014ECCEBFA23C0A204B3DB
:1008C000C0DB014AF217A0E8106080BF206080BF43
:1008D000E3641C672FB2409AFF6B014B6CEAF9226C
:1008E000006B2DB260DA2DB2016C80DA026B60DA37
:1008F0002BB280DA60DA30F080981F1A6A02006545
:10090000032A10F05098C0EA30F071A011EB0D23CB
:100910008AAA6BAA603360338DEB22B48CEB05237B
:1009200021B41F1A6A02006507228CAA6DAA6033DF
:1009300060338DEB10F070D880AA61AA6033603309
:100940008DEB3C5BDE619AAA7BAA603360338DEB52
:10095000906710F0104CAC4463EDD361BCAA5DAA63
:1009600040324032ADEA095A0161086A73E443EC4F
:100970000160446750F044D8006C4AECC260B06734
:1009800050F0044DB5E4C0A595E3C0C5014CF51782
:10099000106080BF006080BF386188BF186188BF69
:1009A000000000020000009DF0F04C4400F1A04463
:1009B0000DB3A3EB1561409AA1421225036D4CEDD6
:1009C0000F2DA742394DA3EB0B61AEAA6FAA60337E
:1009D0006033ADEB8EEB015B78676BEB20E86CEA84
:1009E00020E8006A00F0019DF8FFBD270400BFAFBA
:1009F00000E0A57C81BF023C20F445AC81BF023CF5
:100A000030F446AC00E0C67C81BF023C40F446AC0A
:100A10000040843481BF023C00F444AC00480240F2
:100A200081BF033C00480440232082007800842CCE
:100A3000FCFF801499AA043C81BF023C55668424C3
:100A400010F444AC6655043CAA99843410F444ACC8
:100A50000080043481BF023C08F444AC00F4628C92
:100A600000804230FDFF40140000000000480340B9
:100A700000480240231043000A00422CFCFF4014AF
:100A800081BF023C0040032404F443AC0400BF8F48
:100A90000800E0030800BD27F56424676567466722
:100AA000E46700684AE8116033E3F1E4C09C8146E2
:100AB000092408F0016CA76705D21F1E7A0204D32F
:100AC00004930592044F0148ED177564A0E8006592
:100AD000F66400F4006A4BEAE4674CEFFF4D4CED1E
:100AE00000F4004D04D518B08CE818B241E0023093
:100AF0000A3017B241E0049243EF216040A000F4B5
:100B000060471A2A056A01692BE987676AEC046065
:100B1000A09CACE9044CFA1781410C2408F0046C49
:100B2000A767006E05D21F1E7A0206D30592FF4A00
:100B30000693EB2A016A40C0E3670148DC1776643C
:100B4000A0E8006500FCFF1F000000E3600E00A0AD
:100B5000600600A07C09000000000000200600A044
:100B60004000000000000000000600A0200000007F
:100B7000010000000010009D030300010A000105B0
:100B800031060F130000009D0000009D00060000CC
:100B90000100000000000000222222222222222244
:100BA0008000F07700000000FFFF00100000000050
:0C0BB00053544B3530305F320000000021
:100BF000FFFFFF0FD979F9FF5B0D6AFFFBFFFF7F56
:020000040000fa
:020000041d00dd
:0800f8000000009da012009d14
:020000040000fa
:020000041d00dd
:10018000019d1a3c30025a2708004003000000007d
:020000040000fa
:020000041d00dd
:1002000000a01a3c0c025a2700005a8f0800400335
:0402100000000000ea
:020000040000fa
:020000041d00dd
:1002200000a01a3c0c025a2704005a8f0800400311
:0402300000000000ca
:020000040000fa
:020000041d00dd
:1002400000a01a3c0c025a2708005a8f08004003ed
:0402500000000000aa
:020000040000fa
:020000041d00dd
:1002600000a01a3c0c025a270c005a8f08004003c9
:04027000000000008a
:020000040000fa
:020000041d00dd
:1002800000a01a3c0c025a2710005a8f08004003a5
:04029000000000006a
:020000040000fa
:020000041d00dd
:1002a00000a01a3c0c025a2714005a8f0800400381
:0402b000000000004a
:020000040000fa
:020000041d00dd
:1002c00000a01a3c0c025a2718005a8f080040035d
:0402d000000000002a
:020000040000fa
:020000041d00dd
:1002e00000a01a3c0c025a271c005a8f0800400339
:0402f000000000000a
:020000040000fa
:020000041d00dd
:1003000000a01a3c0c025a2720005a8f0800400314
:0403100000000000e9
:020000040000fa
:020000041d00dd
:1003200000a01a3c0c025a2724005a8f08004003f0
:0403300000000000c9
:020000040000fa
:020000041d00dd
:1003400000a01a3c0c025a2728005a8f08004003cc
:0403500000000000a9
:020000040000fa
:020000041d00dd
:1003600000a01a3c0c025a272c005a8f08004003a8
:040370000000000089
:020000040000fa
:020000041d00dd
:1003800000a01a3c0c025a2730005a8f0800400384
:040390000000000069
:020000040000fa
:020000041d00dd
:1003a00000a01a3c0c025a2734005a8f0800400360
:0403b0000000000049
:020000040000fa
:020000041d00dd
:1003c00000a01a3c0c025a2738005a8f080040033c
:0403d0000000000029
:020000040000fa
:020000041d00dd
:1003e00000a01a3c0c025a273c005a8f0800400318
:0403f0000000000009
:020000040000fa
:020000041d00dd
:1004000000a01a3c0c025a2740005a8f08004003f3
:0404100000000000e8
:020000040000fa
:020000041d00dd
:1004200000a01a3c0c025a2744005a8f08004003cf
:0404300000000000c8
:020000040000fa
:020000041d00dd
:1004400000a01a3c0c025a2748005a8f08004003ab
:0404500000000000a8
:020000040000fa
:020000041d00dd
:1004600000a01a3c0c025a274c005a8f0800400387
:040470000000000088
:020000040000fa
:020000041d00dd
:1004800000a01a3c0c025a2750005a8f0800400363
:040490000000000068
:020000040000fa
:020000041d00dd
:1004a00000a01a3c0c025a2754005a8f080040033f
:0404b0000000000048
:020000040000fa
:020000041d00dd
:1004c00000a01a3c0c025a2758005a8f080040031b
:0404d0000000000028
:020000040000fa
:020000041d00dd
:1004e00000a01a3c0c025a275c005a8f08004003f7
:0404f0000000000008
:020000040000fa
:020000041d00dd
:1005000000a01a3c0c025a2760005a8f08004003d2
:0405100000000000e7
:020000040000fa
:020000041d00dd
:1005200000a01a3c0c025a2764005a8f08004003ae
:0405300000000000c7
:020000040000fa
:020000041d00dd
:1005400000a01a3c0c025a2768005a8f080040038a
:0405500000000000a7
:020000040000fa
:020000041d00dd
:1005600000a01a3c0c025a276c005a8f0800400366
:040570000000000087
:020000040000fa
:020000041d00dd
:1005800000a01a3c0c025a2770005a8f0800400342
:040590000000000067
:020000040000fa
:020000041d00dd
:1005a00000a01a3c0c025a2774005a8f080040031e
:0405b0000000000047
:020000040000fa
:020000041d00dd
:1005c00000a01a3c0c025a2778005a8f08004003fa
:0405d0000000000027
:020000040000fa
:020000041d00dd
:1005e00000a01a3c0c025a277c005a8f08004003d6
:0405f0000000000007
:020000040000fa
:020000041d00dd
:1006000000a01a3c0c025a2780005a8f08004003b1
:0406100000000000e6
:020000040000fa
:020000041d00dd
:1006200000a01a3c0c025a2784005a8f080040038d
:0406300000000000c6
:020000040000fa
:020000041d00dd
:1006400000a01a3c0c025a2788005a8f0800400369
:0406500000000000a6
:020000040000fa
:020000041d00dd
:1006600000a01a3c0c025a278c005a8f0800400345
:040670000000000086
:020000040000fa
:020000041d00dd
:1006800000a01a3c0c025a2790005a8f0800400321
:040690000000000066
:020000040000fa
:020000041d00dd
:1006a00000a01a3c0c025a2794005a8f08004003fd
:0406b0000000000046
:020000040000fa
:020000041d00dd
:1006c00000a01a3c0c025a2798005a8f08004003d9
:0406d0000000000026
:020000040000fa
:020000041d00dd
:1006e00000a01a3c0c025a279c005a8f08004003b5
:0406f0000000000006
:020000040000fa
:020000041d00dd
:1007000000a01a3c0c025a27a0005a8f0800400390
:0407100000000000e5
:020000040000fa
:020000041d00dd
:1007200000a01a3c0c025a27a4005a8f080040036c
:0407300000000000c5
:020000040000fa
:020000041d00dd
:1007400000a01a3c0c025a27a8005a8f0800400348
:0407500000000000a5
:020000040000fa
:020000041d00dd
:1007600000a01a3c0c025a27ac005a8f0800400324
:040770000000000085
:020000040000fa
:020000041d00dd
:1007800000a01a3c0c025a27b0005a8f0800400300
:040790000000000065
:020000040000fa
:020000041d00dd
:1007a00000a01a3c0c025a27b4005a8f08004003dc
:0407b0000000000045
:020000040000fa
:020000041d00dd
:1007c00000a01a3c0c025a27b8005a8f08004003b8
:0407d0000000000025
:020000040000fa
:020000041d00dd
:1007e00000a01a3c0c025a27bc005a8f0800400394
:0407f0000000000005
:020000040000fa
:020000041d00dd
:1008000000a01a3c0c025a27c0005a8f080040036f
:0408100000000000e4
:020000040000fa
:020000041d00dd
:1008200000a01a3c0c025a27c4005a8f080040034b
:0408300000000000c4
:020000040000fa
:020000041d00dd
:1008400000a01a3c0c025a27c8005a8f0800400327
:0408500000000000a4
:020000040000fa
:020000041d00dd
:1008600000a01a3c0c025a27cc005a8f0800400303
:040870000000000084
:020000040000fa
:020000041d00dd
:1008800000a01a3c0c025a27d0005a8f08004003df
:040890000000000064
:020000040000fa
:020000041d00dd
:1008a00000a01a3c0c025a27d4005a8f08004003bb
:0408b0000000000044
:020000040000fa
:020000041d00dd
:1008c00000a01a3c0c025a27d8005a8f0800400397
:0408d0000000000024
:020000040000fa
:020000041d00dd
:1008e00000a01a3c0c025a27dc005a8f0800400373
:0408f0000000000004
:020000040000fa
:020000041d00dd
:1009000000a01a3c0c025a27e0005a8f080040034e
:0409100000000000e3
:020000040000fa
:020000041d00dd
:1009200000a01a3c0c025a27e4005a8f080040032a
:0409300000000000c3
:020000040000fa
:020000041d00dd
:1009400000a01a3c0c025a27e8005a8f0800400306
:0409500000000000a3
:020000040000fa
:020000041d00dd
:1009600000a01a3c0c025a27ec005a8f08004003e2
:040970000000000083
:020000040000fa
:020000041d00dd
:1009800000a01a3c0c025a27f0005a8f08004003be
:040990000000000063
:020000040000fa
:020000041d00dd
:1009a00000a01a3c0c025a27f4005a8f080040039a
:0409b0000000000043
:020000040000fa
:020000041d00dd
:1009c00000a01a3c0c025a27f8005a8f0800400376
:0409d0000000000023
:020000040000fa
:020000041d00dd
:1009e00000a01a3c0c025a27fc005a8f0800400352
:0409f0000000000003
:020000040000fa
:020000041d00dd
:081000000204400f0000000093
:020000040000fa
:020000041d00dd
:1010080000601a40c0045a7f050040130000000029
:10101800019d1a3c2c095a270800400300000000d3
:1010280000a01d3cf07fbd2701a01c3c00829c272e
:101038000260094020582001801e2a7d8449497d8c
:1010480002608940c000000000e0dc4102608b4083
:10105800c0000000019d083cb40a082509f80001f9
:101068000000000000a0083ce402082500a0093c9c
:101078002c0b29250600001000000000000000ad20
:10108800040000ad080000ad0c0000ad10000825fc
:101098002b080901f9ff201400000000009d083cfe
:1010a800203208250000098d1800201104000825a9
:1010b80000000a8d0400082500000b8d090060114e
:1010c8000400082500000c91ffff4a2501000825af
:1010d80000002ca1fbff4015010029250500001088
:1010e80000000000000020a1ffff4a25fdff401579
:1010f8000100292503000825fcff0a242440480193
:101108000000098de7ff2015000000000000093ce1
:101118000000292510002011000000000100093cf2
:101128000080292588bf0a3c10204a25000049adc7
:101138000100093c0080292588bf0a3c20204a2557
:10114800000049ad0100093c0080292588bf0a3c00
:1011580030204a25000049ad00488040ffff0a249e
:1011680000588a404000083c00600a4025500a01a7
:1011780000608a40009d093c00002925c00000004d
:10118800017889400000093c0100292500000a2453
:1011980044492a7d01608a408000093c00688940f2
:1011a800008008408005097d404c09000060084027
:1011b8005800013c24400101254028010060884076
:1011c800c0000000019d083cbc0a082509f8000180
:1011d8000000000000600840bfff013cffff213411
:1011e8002440010100608840000084300000a530e0
:1011f800019d083c68020825080000010000000065
:020000040000fa
:020000041d00dd
:101208003800828c1000438c08006330fdff6010aa
:1012180000000000200045ac1000438c0100633042
:10122800fdff6010000000002000428c0800e00371
:0c123800ff004230a732400b42008490bf
:020000040000fa
:020000041d00dd
:10124400d920400f00000000e0ffbd271400bfaf0d
:101254001a3f400f000000001400bf8f0800e00395
:041264002000bd2782
:020000040000fa
:020000041d00dd
:10126800e0ffbd271400bfaf9c20400f0000000026
:0c1278001400bf8f0800e0032000bd2719
:020000040000fa
:020000041d00dd
:10128400ffffffff540a019d8005019d5cbb009d8b
:041294000000000056
:020000040000fa
:020000041d00dd
:08129800ffffffff0000000052
:020000040000fa
:020000041d00dd
:1012a0004c000000ffffffff0e030001ffffffffe8
:1012b000ffffffff010002010010009d0000009de4
:1012c00000e0010000e0019d00100000f00bc0bf35
:1012d00010000000000200a008000000ffffffff58
:0c12e0001402009d0002009d2000000090
:020000040000fa
:020000041d00dd
:1012ec00d013009df412009d354447535049000023
:1012fc0034445350490000000014009dfc12009d22
:10130c00ec12009d0014009d1c13009d0413009d05
:10131c00354453504930000000000000000000002c
:10132c001013009d4c0a019d3808019dc8de009ddc
:10133c00f8fc009d3c12009d0812009d28d7009dd2
:10134c008cdc009d0cd9009d000000000014009d59
:10135c006413009dc013009d3653747265616d005b
:10136c003134486172647761726553657269616c7e
:10137c00000000000014009d6c13009d5813009d8c
:10138c0000000000000000008013009d1808019d63
:10139c0044e5009d5809019dd005019d1001019d5a
:1013ac00f807019d7008019d040a019d3550726972
:1013bc006e740000d013009db813009d0000000057
:1013cc00000000000407019dd404019d8c0a019dbe
:1013dc00940a019dd4e3009dd0eb009d04f4009d84
:1013ec00f8db009de008019d0000000000000000fb
:1013fc00000000002807019d0005019d8c0a019d3d
:10140c00940a019dd4e3009dd0eb009d1ce7009d48
:10141c0014b9009d50e4009d000000000000000085
:10142c0000000000dc09019d4c07019d8c0a019d08
:0c143c00940a019d04f8009d9c0a019d8b
:020000040000fa
:020000041d00dd
:1014480020ffbd27dc00bfafd800beafd400b7afc8
:10145800d000b6afcc00b5afc800b4afc400b3afce
:10146800c000b2afbc00b1afb800b0af21b0c0008f
:101478000904c010e400a5aff803801021b880006b
:10148800019d023c3800428c8000a2af019d033cc4
:101498003c00638c8400a3af21f000009400a2af4d
:1014a8009800a3af8c00a2af9000a3af0000e59214
:1014b800250003240c00a3100100e2267900a010e7
:1014c8002120c0020000c38e0000638c0100de27cb
:1014d80009f8600021b840000000e59225000324c7
:1014e800f6ffa3140100e2266400a0a30100e58230
:1014f80021300000ffff0a2421a000002140000045
:101508006c00a0af6800a0af218800002000132461
:10151800009d073c4c15e724ff00b030ddff032693
:10152800ff0063305800642ca50180100100572487
:10153800801803002118e3000000638c0800600095
:1015480000000000b41e009dc81b009df01e009df9
:10155800c81b009dc81b009dc81b009dc81b009d83
:10156800c81e009d101f009dc81b009d801d009d6a
:101578001421009dc81b009d9c1e009d401e009dbf
:10158800401e009d401e009d401e009d401e009d67
:10159800401e009d401e009d401e009d401e009d57
:1015a800c81b009dc81b009dc81b009dc81b009d33
:1015b800c81b009dc81b009dc81b009dc81b009d23
:1015c800c81b009dc81b009d941d009d581f009db1
:1015d800581f009d581f009dc81b009dc81b009ddb
:1015e800c81b009dc81b009dc81b009dc81b009df3
:1015f800c81b009dc81b009dc81b009dc81b009de3
:10160800c81b009dc81b009dc81b009dc81b009dd2
:10161800c81b009dc81b009d201f009dc81b009d66
:10162800141d009dc81b009dc81b009dc81b009d64
:10163800c81b009dc81b009dc81b009dc81b009da2
:10164800041c009d381b009df81a009d581f009d22
:10165800581f009d581f009dc81b009dc81b009d5a
:10166800c81b009dc81b009da41b009dc81b009d96
:10167800601a009dcc1a009d901a009dc81b009d01
:10168800c81b009d3c19009dc81b009de016009dcd
:10169800c81b009dc81b009d201f009dc81b009de6
:1016a800141d009d2110c003dc00bf8fd800be8f21
:1016b800d400b78fd000b68fcc00b58fc800b48fd8
:1016c800c400b38fc000b28fbc00b18fb800b08f18
:1016d8000800e003e000bd27e400a28f0000428c70
:1016e8007000a2af0a000324e400a48f040084243d
:1016f800e400a4af219000000a0005247c00a5aff7
:1017080021280000210042290300401421880000fc
:10171800e0ff512520000a242000a6272000a0a3ce
:101728007000a28f21a8c0001b004300f4016000d4
:1017380010200000ff0084300a00872c1100e014fc
:101748000100b02657008424ff008430ffff4a259b
:10175800000004a21b004300f401600011004019be
:101768001210000021a800021b004300f4016000d1
:1017780010200000ff0084300a00872cf1ffe010e1
:101788000100b02630008424ff008430ffff4a2582
:10179800000004a21b004300f4016000f1ff401d9b
:1017a80012100000f0ff405421a800022310060286
:1017b800ff0042307800a2af6c00a28f09004010f1
:1017c8007000a38f07006010080002247c00a38f1c
:1017d80025036210100002247c00a38fca02621045
:1017e8007800a38f0600a0106800a48f7800a38f4c
:1017f80001006224ff0042307800a2af6800a48f85
:10180800050080140000000003008012200002245c
:10181800ae0262127800a38f5b02a0540000c28e51
:101828006c00a48f090080107000a38f070060105f
:10183800080002247c00a38fcb036210100002244e
:101848007c00a38fb40262500000c28e350220567d
:101858000000c28e6800a48f110080540100a59278
:101868000f0080520100a5927800a38f238883027d
:101878000a00201a21a020020000c28e2120c002e6
:10188800212860020000428c09f84000ffff9426de
:10189800faff80560000c28e21f0d1030100a59204
:1018a8001200a0106800a48f0100d1272f02401257
:1018b8009fffa2241a00422c2d0240100000c28e65
:1018c800e0ffa5242120c0020000428cff00a530c3
:1018d80009f8400021f02002ffff102600000592c1
:1018e800f2ffa014010031266800a48ff0fe80509a
:1018f8000000e592eefe80520000e5927800a38f8a
:1019080023a08302e9fe801a218080020000c28e93
:101918002120c002200005240000428c09f8400064
:10192800ffff1026faff00560000c28e2d05400b5f
:1019380021f0d403e400a28f0000518c040043245a
:10194800a7022012e400a3af590000110000000014
:10195800d1054019ffff122400002292060040140e
:1019680021a800006506400b23a0950200004290c4
:1019780005004010ffffb2260100b526fbffaa169e
:1019880021103502ffffb22623a095026800a48f1c
:1019980010008014218020020d00801affff1024ff
:1019a800ffff9426219880020000c28e2120c002e9
:1019b800200005240000428c09f84000ffff94260f
:1019c800faff90560000c28e0100de2721f0d303f3
:1019d800218020020e00a012010013240000c28ef4
:1019e80001001026ffff05920000428c09f8400014
:1019f8002120c0022310700221102202211052005f
:101a0800f7ff40540000c28e0100de2721f0d20308
:101a18006800a58fa6fea0500000e592a3fe801adc
:101a2800ffff942621808002ffff11240000c28e50
:101a38002120c002200005240000428c09f8400043
:101a4800ffff1026faff11560000c28e0100de27a4
:101a58002d05400b21f09e020b022016e400a58ff5
:101a68003703c010e400a48fe400a58f0000a58c04
:101a78007000a5afffff0224e400a38f04006324d5
:101a8800c906400be400a3afe400a28f0000428c1b
:101a98007000a2afe400a58f0400a524ed01401456
:101aa800e400a5af019d113ca9ff001520003126d7
:101ab8004542400f2120200221a840006406400b27
:101ac800ffff5224e400a58f0000a58c7000a5af8d
:101ad80008000324e400a28f04004224e400a2af1b
:101ae8002190000008000424c205400b7c00a4af2c
:101af800df012052e400a38fe400a58f0000a58c2d
:101b08007000a5afe400a28f04004224e400a2af55
:101b1800ffff0224010003240a1066000a000324c0
:101b2800219000000a0005245407400b7c00a5af53
:101b38006800a28fa30140540000c28e0d00801ad5
:101b4800ffff942621808002ffff11240000c28e2f
:101b58002120c002200005240000428c09f8400022
:101b6800ffff1026faff11560000c28e0100de2783
:101b780021f09e020000c28ee400a48f0000859030
:101b8800040090240000428c2120c00209f8400083
:101b98000100de272d05400be400b0af01004580b1
:101ba800010011242110e002ff00b030ddff032600
:101bb800ff0063305800642c5dfe80140100572438
:101bc8000000c28e2120c0020000428c09f84000ab
:101bd800250005243d0220160000c28e0100de27e4
:101be8002120c002212800020000428c09f8400090
:101bf8000100de272e05400b0000e592e400a28fcd
:101c08000000518c0400528c08004224e400a2af6a
:101c180021102002000043922000a6272000a0a344
:101c28001b004300f4016000102000000100c624de
:101c38001b004300f4016000121000000f00843004
:101c48000a00872c57008524300084240b2887003d
:101c5800f3ff40140000c5a02180c0000000c28e20
:101c6800ffff10260000428c2120c00209f8400026
:101c78000100de2700000592f9ffa0540000c28e83
:101c88000bfe20520000e59201005026010045920b
:101c9800211800003c0013242c0012241100a0106d
:101ca800ffffa2240610510001004230d401401465
:101cb8000100142601000292218080022100442c98
:101cc800f6ff80142128400001001026000005922c
:101cd8002100a22cfdff405001001026f1ffa014a6
:101ce800ffffa224f2fd60500000e5920000c28ec2
:101cf8002120c0023e0005240000428c09f8400063
:101d08000100de272e05400b0000e5922401201279
:101d1800e400a38f0000638c7000a3afe400a48fdd
:101d280004008424e400a4af5a000b3a0100722d89
:101d380010000324100005247c00a5af71fec0101c
:101d480021280000ffff02247000a48f6dfe801080
:101d580021280000c90182042d000224ffff042469
:101d680069fe4414210042292b0002246400a2a326
:101d7800c305400b2b000524010045800100032406
:101d88006800a3af4805400b2110e002e400a28fd1
:101d98000000508c100002240aa05400e400a38f15
:101da80004006324e400a3af3a0002246c00a48f6b
:101db8000b9844007607400b218814022120c002aa
:101dc800212860020000428c09f840000300de2749
:101dd800b6fd1112ffff942601001026ffff129294
:101de8000000c38e2120c002021112000a00462cf6
:101df80057004524300042240000638c09f8600035
:101e08000b2846000000c38e0f0042320a00442c03
:101e180057004524300042240000638c0b284400fe
:101e280009f860002120c002e4ff80560000c28e3d
:101e38007607400b0200de27d0ff0426010045800c
:101e4800ff00a330d0ff62240a00422c0c0040108f
:101e58002110e002010042240000458040480400af
:101e6800c02004002120240121208300ff00a3308a
:101e7800d0ff69240a00292df6ff2015d0ff8424fd
:101e8800a5fd005121a08000215080004805400b8d
:101e980001000824e9ff0015212000000100458009
:101ea800300013244805400b2110e0020100458052
:101eb800010002246c00a2af4805400b2110e0028b
:101ec800d7000015e400a38fe400a48f0000948cd1
:101ed800040083247903800601004580e400a3af51
:101ee8004805400b2110e0020000c28e2120c002ec
:101ef800250005240000428c09f840000100de2777
:101f08002e05400b0000e59201004580ffff0624e6
:101f18004805400b2110e002c8002016e400a28ffb
:101f2800e400a48f0000848c7000a4afe400a58fa7
:101f38000400a524e400a5af58000b3a0100722d57
:101f48001000032410000224c205400b7c00a2af3d
:101f5800e400a48f070082240410027c10004329a7
:101f680008004424e400a4af0000448c7000a4af2f
:101f7800cf0060100400528cffff02248903421135
:101f880021a800007000a38f2120600021284002b2
:101f980021300000213800007b30400fa800aaaf94
:101fa800e2014004a800aa8f7000a38f21206000de
:101fb80021284002403b400fa800aaaf510140141d
:101fc8007000a38f7000b08f21200002403b400fab
:101fd800212840022e014014019d023c019d023c33
:101fe800300042240000428c0300112421a8000084
:101ff8002000a2af2000b0276400a2930300401085
:102008006800a48f01003126ff00313205008014da
:102018000000000003008012200003242e036352f6
:1020280023909102300140540000c28e6800a58fb1
:102038001000a054000002920e008052000002928c
:10204800239091020a00401a21a040020000c28e8b
:102058002120c002212860020000428c09f84000bb
:10206800ffff9426faff80560000c28e21f0d203ab
:1020780000000292110040100000000045001224e8
:102088000500a0520000c28edf004230b00052505e
:102098000000c28e0000c28e000005922120c002fe
:1020a8000000428c0100102609f840000100de27dc
:1020b80000000292f2ff401400000000b600a05693
:1020c8000000c28e6800a28ff9fc40500000e59223
:1020d800f7fc80520000e59223889102f3fc201a55
:1020e800218020020000c28e2120c0022000052489
:1020f8000000428c09f84000ffff1026faff005646
:102108000000c28e2d05400b21f0d103010045804f
:10211800215000002110e002010008244805400b6e
:10212800200013242120c002300005240000428c26
:10213800ffff312609f840000100de27c5fd201aff
:102148002120c0020000c28e300005240000428c0d
:10215800ffff312609f840000100de27f1ff205e6d
:102168000000c28e1806400b6800a48f0000c28ec3
:102178002120c0020000428c09f8400021f0200212
:102188003906400bffff10262120c0020000428cb8
:1021980009f840000100de270b06400b6c00a48ff5
:1021a800dcfec01000000000e400a58f0000a58c34
:1021b8007000a5afe400a28f040042244c07400b36
:1021c800e400a2afe400a38f000065902120c002c4
:1021d8000000428c09f8400004007224f702801abb
:1021e8000100c227ffff942621808002ffff1124ef
:1021f8000000c28e2120c002200005240000428c6d
:1022080009f84000ffff1026faff11560000c28ea1
:102218000200de2721f09e022d05400be400b2af3c
:1022280000006a8c0100458004006324e400a3af29
:102238002110e0024805400b010008240000428cf0
:102248007000a2afe400a38f04006324d007400b02
:10225800e400a3af0100822e6c00a2af100003249b
:102268002190000010000424c205400b7c00a4af9c
:102278000000638c7000a3afe400a48f04008424e2
:10228800c606400be400a4af0000a58c7000a5af03
:102298000a000324e400a28f04004224e400a2af51
:1022a800219000000a0004245107400b7c00a4afd1
:1022b8004429057c470002244c00a2106c00a58f1d
:1022c800f1ff5525e307400b0f000a2423a08302e2
:1022d800b802801a8800b4af0000c28e2120c00264
:1022e800200005240000428c09f84000ffff9426d6
:1022f800faff80560000c28e6400a5938800a38f61
:102308000806400b21f0c30302006224ff0042309c
:10231800fb05400b7800a2af2120c0023000052445
:102328000000428c09f840000200de270000c28e3f
:102338000000428c2120c0025800032478000524a4
:1023480009f840000b2872001506400b0000000039
:102358002120c002300005240000428cffffb52672
:1023680009f840000100de274affa01a2120c00218
:102378000000c28e300005240000428cffffb52605
:1023880009f840000100de27f1ffa01e0000c28e00
:102398002908400b000005922120c00230000524c6
:1023a8000000428cffffb52609f840000100de2737
:1023b80044ffa01a2120c0020000c28e300005246c
:1023c8000000428cffffb52609f840000100de2717
:1023d800f1ffa05e0000c28e3408400b6800a28f97
:1023e800019d113c5406400b28003126b5ffa0542e
:1023f800f1ff552521a80000e307400b0f000a2430
:102408000000c28e2120c002212840020a2863024f
:102418000000428c09f840000100de270100059207
:102428002100a2280b004014218080020000c28ee7
:102438002120c0020000428c0100102609f840004b
:102448000100de27000005922100a228f8ff405075
:102458000000c28e2907400b01000324019d023ca5
:102468002205400b180057247800a38f010062242e
:10247800ff004230fb05400b7800a2af6400a2a326
:10248800232004007000a4afc305400b2d000524d1
:10249800fb07400b3400422421100000dc00bf8ff2
:1024a800d800be8fd400b78fd000b68fcc00b58fc0
:1024b800c800b48fc400b38fc000b28fbc00b18f06
:1024c800b800b08f0800e003e000bd272120c0025b
:1024d8006c0005240000428c09f840000200de2749
:1024e800fa06400b0000c28e2120c0022d000524f0
:1024f8000000428c09f840000100de270e08400b5e
:102508006800a58f21206000403b400f2128400231
:1025180001000324abfe4310a800aa8f7000a28f0d
:1025280021204000212840025800a6272000a0a30f
:102538006000a0afe132400fa800aaaf7000a2afc0
:102548007400a3af5800a88f5c00a98f2130000049
:10255800213800003e00b227212000012128200157
:10256800b000a8afb638400fac00a9af01001124e5
:10257800b000a88fac00a98f17034010a800aa8f3d
:102588007800b3af7c00aaaf8800b4af9c00beafa0
:10259800a000b5afa400b0af8000b38f8400b48fa3
:1025a8009400b58f9800be8f2130600221388002d8
:1025b80021200001b217400f2128200121204000ce
:1025c80021286000e132400f5800a627019d043cf5
:1025d800480084240000868c0400878c2120400059
:1025e800212860005000a2afea13400f5400a3afa7
:1025f80021204000212860002130a0026b19400fe3
:102608002138c003212040006f39400f2128600085
:102618005800a88f5c00a98f3000422421300000a8
:1026280021380000212000012128200121804002ba
:10263800010042a26000b1afffff5226010031261f
:10264800b000a8afb638400fac00a9afb000a88f53
:10265800d5ff4014ac00a98f7800b38f7c00aa8ff7
:102668008800b48f9c00be8fa000b58f218800021f
:10267800a400b08fbbff0226ff0042302300432c8a
:10268800a201601080100200009d033ca82663246c
:10269800211062000000428c080040000000000089
:1026a800a02a009d142d009dd428009d142d009d66
:1026b800142d009d142d009d142d009d142d009d9a
:1026c800142d009d142d009d142d009d142d009d8a
:1026d800142d009d142d009d142d009d142d009d7a
:1026e800142d009d142d009d142d009d142d009d6a
:1026f800142d009d142d009d142d009d142d009d5a
:10270800142d009d142d009d142d009d142d009d49
:10271800142d009d142d009d142d009d142d009d39
:10272800a02a009d9027009dd428009d0100022426
:102738006400a2a30080023cec07400b26904202f2
:102748000000848c7000a4af0a000324e400a58f65
:102758000400a524e400a5af219000000a0002248b
:10276800c205400b7c00a2af0000c28e2120c0022f
:10277800300005240000428c09f840000100de27e3
:102788001506400b000000006000a28f3e024010ba
:1027980030000224010023264000a2272b206200db
:1027a8009b0280102100b0272120000200006590c4
:1027b8000100842401006324fcff6214ffff85a04c
:1027c8002340b1033f000825218808026c00a58f2b
:1027d80025104501050040107000a48f2e0002242a
:1027e800000022a2010031267000a48f7400a58f7a
:1027f8002130000021380000b638400fa800aaafe9
:10280800cb014010a800aa8f22004011ffff22260a
:102818005000b2276c00b0af21804001019d023cfe
:10282800380042240000468c0400478c7000a48fb6
:102838006b19400f7400a58f2120400021286000eb
:10284800e132400f213040027000a2af7400a3af04
:102858005000a48f5400a58f010031266f39400f16
:10286800ffff1026300042243a010016ffff22a283
:102878006c00b08f7000a48f7400a58f2130000009
:10288800b638400f213800000c00405021100002db
:10289800ffff22261000a2af300002241400a2afce
:1028a8006400a2271800a2af7000a48f7400a58f3f
:1028b80021300000a225400f2138000223402202c7
:1028c800ff000231470b400bff0011316000b28f4f
:1028d800010002240a504a002a1052018f014014b4
:1028e800feff0b262a024016010023267000a48f43
:1028f8007400a58f2130000021380000b638400f41
:10290800a800aaaf0a004010a800aa8f7000a48fe0
:102918007400a58f019d023c500042240000468ca3
:102928007b30400f0400478c7b014004a800aa8f2d
:10293800300002242100a2a32200b1272100b027e1
:102948006c00a48f251044013800401021180000a5
:10295800010028262e00022432004011000022a285
:102968007000a48f7400a58f21300000213800006a
:10297800b000a8afb638400fa800aaaf5000b227e1
:10298800b000a88fd0014010a800aa8f218840016c
:102998007800beaf21f0a00221a8800221a0600229
:1029a800730a400b219800017000a48f7400a58f52
:1029b80021300000b638400f21380000bd0140101a
:1029c800215020028c00a68f9000a78f7000a48f42
:1029d8006b19400f7400a58f21204000212860004a
:1029e800e132400f213040027000a2af7400a3af63
:1029f8005000a48f5400a58f010073266f39400f33
:102a0800ffff312630004224e7ff2016ffff62a2b5
:102a1800214060022198800221a0a00221a8c003c1
:102a28007800be8f21880001010003247000a48f64
:102a38007400a58f2130000021380000b638400fff
:102a4800a800a3aff0014010a800a38fffff222623
:102a58001000a2af300002241400a2af6400a22725
:102a68001800a2af7000a48f7400a58f2130000059
:102a7800a225400f21380002a800a38f6c00a58f63
:102a8800bf01a0102140200223880201ff0022324a
:102a9800470b400bff0031326000b28f7800a0afc7
:102aa800d80040127000a48f010024926c00a38ffc
:102ab80025104301010023266b0140102100a4a327
:102ac8002e000224c80140112200a2a302002326de
:102ad8004000a2272b206200990080102300a8271d
:102ae8000000649001000825ffff4a259100401569
:102af800ffff04a1010064242b108200bf00405096
:102b08002150000001006290ffff03251000a3afd1
:102b18001400a2af6400a2271800a2af2120000071
:102b2800212800006000a6272100a727a225400f22
:102b3800b000a8af218840006000b28f215000008b
:102b48007000a0af7400a0afb000a88fffff52269e
:102b58006000b2af7000a48f7400a58f2130000010
:102b680021380000b000a8afb638400fa800aaafbf
:102b7800b000a88f2a014010a800aa8ff0004015c5
:102b88005000b227ffff02251000a2af3000022438
:102b98001400a2af6400a2271800a2af7000a48f8f
:102ba8007400a58f6000a62721382002a225400fb7
:102bb800b000a8af218840006000a38fb000a88fa4
:102bc800211000017800a58f0d00a0106c00a48fc3
:102bd8000b0080142b202202050080500000449036
:102be800ffff44903000052477008510ffff422442
:102bf8002e0084380100842c231044000100422454
:102c08001c016004000050a0020045242b0004248d
:102c1800010044a00a006228730040543000632475
:102c28004c00a8272110000166660a3c67664a2501
:102c380018006a0010300000c3270300ffff422479
:102c4800833006002320c40040380400c03004004c
:102c58002130e60023306600211880003000c624a9
:102c68000a008428f2ff8010000046a0ffff4424d9
:102c780030006324ff0066302b1888005d01601067
:102c8800ffff46a0260b400b2118a00000008690ed
:102c98000100632401008424fcff8814ffff66a060
:102ca8004d00a327231062002110a20023485100e1
:102cb800ff002231470b400bff0031316800a28f23
:102cc800010042386800a2af23a01400e400a3afbb
:102cd8004805400b2110e002d2fc401a21a0400216
:102ce8000000c28e2120c002200005240000428c72
:102cf80009f84000ffff9426faff80560000c28eb4
:102d08006400a2930b08400b21f0d20321100000ad
:102d1800218800002000a3930b0060502110a2031b
:102d28002000a32721106200000040a00008400beb
:102d380021806000010063246aff625400006490ef
:102d4800d50a400b2100b127210040a00008400b04
:102d58002100b0277000a48f7400a58f21300000d7
:102d6800b638400f21380000adfe4014019d023cea
:102d7800215000026c00b08fffff42250100422461
:102d8800211822023000022401003126feff2316fa
:102d9800ffff22a223403002ff000231470b400b05
:102da800ff0011310f000a2406000224e307400b3c
:102db8000a5051000806400b8800b48f21f04000eb
:102dc8002d05400be400b2af89ff5150000044903c
:102dd800ffff42240000449086ff85542e0084386b
:102de800740b400b00000000300002240000a2a079
:102df8000200a2242d0b400b0100a3a0d50a400b12
:102e08002100b1277400a58f21300000213800006f
:102e1800b638400fa800aaaf88004010a800aa8fb3
:102e2800ffff02246000a2af5000b227920b400bb4
:102e3800218840016000a28fffff42246000a2affa
:102e4800019d043c380084240000868c0400878c93
:102e58007000a48f6b19400f7400a58f21204000cb
:102e680021286000e132400f213040027000a2affb
:102e78007400a3af5000a88f5400a98f2130000020
:102e8800213800002120000121282001b000a8af2e
:102e9800b638400fac00a9afb000a88fe5ff4010ce
:102ea800ac00a98f21200001212820016f39400f93
:102eb800a800b1af30004324a800aa8f6c00a58fea
:102ec80025104501a90040142100a3a37000a48f78
:102ed8007400a58f21300000b638400f213800005b
:102ee800c60040106000a38f2100b1272200a82748
:102ef8007000a48f7400a58f2130000021380000d5
:102f0800b638400fb000a8af1eff4014b000a88f1d
:102f1800f20a400b6000a38ffeff0b26ffff4a2535
:102f2800ff00703101000324aa0a400b7800a3af08
:102f380092ff4015ffff4225310a400b2110000285
:102f48007c00beaf8800b5af21a8800221a0600236
:102f58002198400121f00001019d043c380084249f
:102f68000000868c0400878c7000a48f6b19400fba
:102f78007400a58f2120400021286000e132400f15
:102f8800213040027000a2af7400a3af5000a48f9c
:102f98005400a58f0100de276f39400fffff73260d
:102fa8003000422418006012ffffc2a37000a48ff3
:102fb8007400a58f21300000b638400f213800007a
:102fc800e6ff4014019d043c2150600221988002d4
:102fd80021a0a0028800b58f2140c0037c00be8fcd
:102fe8006000b28fffff4225010042242110020138
:102ff8003000032401000825feff0215ffff03a18e
:10300800f30a400b211840022198800221a0a00257
:103018008800b58f2140c003be0b400b7c00be8fdb
:103028006000b28fffff4225f0ff405501004224a7
:1030380021184002f30a400b211000016c00a38ff5
:103048002510430130000324150040102100a3a3dc
:103058002e0002242200a2a3ffff42252300a82756
:103068000c0c400b2100b1272200a827bf0a400bf7
:103078004000a22723180300020045242d00042441
:10308800070b400b010044a02100a2a32200b12796
:10309800f509400b2100b0276406400b21a8000069
:1030a800ffff02242200a827215000000c0c400b2f
:1030b8002100b127214060022198800221a0a002ae
:1030c80021a8c0037800be8f6c00a28f190040149d
:1030d800211000022b1848000a006054ffff0391da
:1030e80000000391219000012e0004241b006410ad
:1030f8000100512623882202ff002232470b400b91
:10310800ff00313230000424f7ff6414ffff12255a
:1031180030000424f4ff425200004392ffff52267d
:1031280000004392f1ff64542e000424470c400b26
:103138000000000021200a0153fe40113000032442
:1031480001000825feff0415ffff03a12348100115
:10315800ff002231470b400bff0031312388420228
:10316800ff002232470b400bff0031322e000224b1
:103178002200a2a32300a827d70a400b2100b127c9
:10318800d5ff60142b184800400c400b23882202fe
:103198004000a2272b206200110080102100b027d8
:1031a80021200002000065900100842401006324ae
:1031b800fcff6214ffff85a00200222627180300e7
:1031c8004100a427232082002110620021880402e4
:1031d800520a400b21504a009f09400b3f00b1277b
:1031e800520a400b218800022300a827bf0a400b7f
:1031f8004000a2272d0b400b2110a0002200a82779
:10320800f20a400b2100b127a10a400b211000024d
:08321800f509400b21880002ba
:020000040000fa
:020000041d00dd
:10322000e40200a00400000000000000e80200a08a
:103230000400000000000000ec0200a000020000fa
:1032400000000000080200a00400000001000000cf
:1032500000020000ec0400a0c0000000000000001c
:103260002c0b00a0f008000000000000ac0500a03e
:103270004802000000000000f40700a0480200001f
:10328000000000000c0200a0b000000001000000df
:103290008001009d8001009d8001009d8001009db6
:1032a0008001009d8001009d8001009d8001009da6
:1032b0008001009d8001009d8001009d8001009d96
:1032c0008001009d8001009d8001009d8001009d86
:1032d0008001009d8001009d8001009d8001009d76
:1032e0008001009d8001009d8001009d8001009d66
:1032f0008001009d8001009d8001009d8001009d56
:103300008001009d8001009d8001009d8001009d45
:103310008001009d8001009d8001009d8001009d35
:103320008001009d8001009d8001009d8001009d25
:103330008001009d8001009d8001009d8001009d15
:103340003c0a00a00400000000000000400a00a0a9
:103350000400000000000000440a00a00400000077
:1033600000000000480a00a0040000000000000067
:103370004c0a00a00400000000000000500a00a059
:103380000400000000000000540a00a0a00000009b
:1033900000000000f40a00a004000000000000008b
:1033a000f80a00a00400000000000000bc0200a019
:1033b0001800000001000000000000004c01019d09
:1033c00000000000000000000000000000000000fd
:1033d000fc0a00a00100000000000000000b00a09b
:1033e0000400000000000000040b00a00400000026
:1033f00000000000080b00a0040000000000000016
:103400000c0b00a00400000000000000100b00a046
:103410000400000000000000140b00a004000000e5
:1034200000000000180b00a00400000000000000d5
:10343000d40200a004000000010000007d02000092
:10344000d80200a0040000000100000008000000f5
:10345000dc0200a00400000001000000ea010000fe
:103460001c0b00a00200000000000000200b00a0c8
:103470000400000000000000681c00a02000000004
:1034800000000000e00200a00400000001000000b5
:1034900000000000201400a018040000010000003b
:1034a000000000000c1700a0701700a0d41700a0a7
:1034b000000000000000000000000000000000000c
:1034c00000000000000000000000000000000000fc
:1034d00000000000c80a019d00000000000000007c
:1034e00000000000000000000000000000000000dc
:1034f00000000000000000000000000000000000cc
:1035000000000000000000000000000000000000bb
:1035100000000000000000000000000000000000ab
:10352000000000000000000000000000000000009b
:10353000000000000000000000000000000000008b
:10354000000000000000000001000000000000007a
:103550000e33cdab34126de6ecde05000b0000003f
:10356000000000000000000000000000000000005b
:10357000000000000000000000000000000000004b
:10358000000000000000000000000000000000003b
:10359000000000000000000000000000000000002b
:1035a000000000000000000000000000000000001b
:1035b000000000000000000000000000000000000b
:1035c00000000000000000000000000000000000fb
:1035d00000000000000000000000000000000000eb
:1035e00000000000000000000000000000000000db
:1035f00000000000000000000000000000000000cb
:1036000000000000000000000000000000000000ba
:1036100000000000000000000000000000000000aa
:10362000000000000000000000000000000000009a
:10363000000000000000000000000000000000008a
:10364000000000000000000000000000000000007a
:10365000000000000000000000000000000000006a
:10366000000000000000000000000000000000005a
:10367000000000000000000000000000000000004a
:10368000000000000000000000000000000000003a
:10369000000000000000000000000000000000002a
:1036a000000000000000000000000000000000001a
:1036b000000000000000000000000000000000000a
:1036c00000000000000000000000000000000000fa
:1036d00000000000000000000000000000000000ea
:1036e00000000000000000000000000000000000da
:1036f00000000000000000000000000000000000ca
:1037000000000000000000000000000000000000b9
:1037100000000000000000000000000000000000a9
:103720000000000000000000000000000000000099
:103730000000000000000000000000000000000089
:103740000000000000000000000000000000000079
:103750000000000000000000000000000000000069
:103760000000000000000000000000000000000059
:103770000000000000000000000000000000000049
:103780000000000000000000000000000000000039
:103790000000000000000000000000000000000029
:1037a0000000000000000000000000000000000019
:1037b0000000000000000000000000000000000009
:1037c00000000000000000000000000000000000f9
:1037d00000000000000000000000000000000000e9
:1037e00000000000000000000000000000000000d9
:1037f00000000000000000000000000000000000c9
:1038000000000000000000000000000000000000b8
:1038100000000000000000000000000000000000a8
:103820000000000000000000000000000000000098
:103830000000000000000000000000000000000088
:103840000000000000000000000000000000000078
:103850000000000000000000000000000000000068
:103860000000000000000000000000000000000058
:103870000000000000000000000000000000000048
:103880000000000000000000000000000000000038
:103890000000000000000000000000000000000028
:1038a0000000000000000000000000000000000018
:1038b00000000000000000001c1400a00400000034
:1038c00001000000201400a0381800a00804000027
:1038d000010000000000000000000000381800a0f7
:1038e000381800a0401800a0401800a0481800a0f8
:1038f000481800a0501800a0501800a0581800a0a8
:10390000581800a0601800a0601800a0681800a057
:10391000681800a0701800a0701800a0781800a007
:10392000781800a0801800a0801800a0881800a0b7
:10393000881800a0901800a0901800a0981800a067
:10394000981800a0a01800a0a01800a0a81800a017
:10395000a81800a0b01800a0b01800a0b81800a0c7
:10396000b81800a0c01800a0c01800a0c81800a077
:10397000c81800a0d01800a0d01800a0d81800a027
:10398000d81800a0e01800a0e01800a0e81800a0d7
:10399000e81800a0f01800a0f01800a0f81800a087
:1039a000f81800a0001900a0001900a0081900a034
:1039b000081900a0101900a0101900a0181900a0e3
:1039c000181900a0201900a0201900a0281900a093
:1039d000281900a0301900a0301900a0381900a043
:1039e000381900a0401900a0401900a0481900a0f3
:1039f000481900a0501900a0501900a0581900a0a3
:103a0000581900a0601900a0601900a0681900a052
:103a1000681900a0701900a0701900a0781900a002
:103a2000781900a0801900a0801900a0881900a0b2
:103a3000881900a0901900a0901900a0981900a062
:103a4000981900a0a01900a0a01900a0a81900a012
:103a5000a81900a0b01900a0b01900a0b81900a0c2
:103a6000b81900a0c01900a0c01900a0c81900a072
:103a7000c81900a0d01900a0d01900a0d81900a022
:103a8000d81900a0e01900a0e01900a0e81900a0d2
:103a9000e81900a0f01900a0f01900a0f81900a082
:103aa000f81900a0001a00a0001a00a0081a00a02f
:103ab000081a00a0101a00a0101a00a0181a00a0de
:103ac000181a00a0201a00a0201a00a0281a00a08e
:103ad000281a00a0301a00a0301a00a0381a00a03e
:103ae000381a00a0401a00a0401a00a0481a00a0ee
:103af000481a00a0501a00a0501a00a0581a00a09e
:103b0000581a00a0601a00a0601a00a0681a00a04d
:103b1000681a00a0701a00a0701a00a0781a00a0fd
:103b2000781a00a0801a00a0801a00a0881a00a0ad
:103b3000881a00a0901a00a0901a00a0981a00a05d
:103b4000981a00a0a01a00a0a01a00a0a81a00a00d
:103b5000a81a00a0b01a00a0b01a00a0b81a00a0bd
:103b6000b81a00a0c01a00a0c01a00a0c81a00a06d
:103b7000c81a00a0d01a00a0d01a00a0d81a00a01d
:103b8000d81a00a0e01a00a0e01a00a0e81a00a0cd
:103b9000e81a00a0f01a00a0f01a00a0f81a00a07d
:103ba000f81a00a0001b00a0001b00a0081b00a02a
:103bb000081b00a0101b00a0101b00a0181b00a0d9
:103bc000181b00a0201b00a0201b00a0281b00a089
:103bd000281b00a0301b00a0301b00a0381b00a039
:103be000381b00a0401b00a0401b00a0481b00a0e9
:103bf000481b00a0501b00a0501b00a0581b00a099
:103c0000581b00a0601b00a0601b00a0681b00a048
:103c1000681b00a0701b00a0701b00a0781b00a0f8
:103c2000781b00a0801b00a0801b00a0881b00a0a8
:103c3000881b00a0901b00a0901b00a0981b00a058
:103c4000981b00a0a01b00a0a01b00a0a81b00a008
:103c5000a81b00a0b01b00a0b01b00a0b81b00a0b8
:103c6000b81b00a0c01b00a0c01b00a0c81b00a068
:103c7000c81b00a0d01b00a0d01b00a0d81b00a018
:103c8000d81b00a0e01b00a0e01b00a0e81b00a0c8
:103c9000e81b00a0f01b00a0f01b00a0f81b00a078
:103ca000f81b00a0001c00a0001c00a0081c00a025
:103cb000081c00a0101c00a0101c00a0181c00a0d4
:103cc000181c00a0201c00a0201c00a0281c00a084
:103cd000281c00a0301c00a0301c00a0a01c00a0cc
:103ce000040000000100000000000200a41c00a06d
:103cf0000400000000000000a81c00a00400000058
:103d000001000000ffffffff401c00a02800000092
:103d100000000000ac1c00a0040000000000000037
:103d2000b01c00a00400000000000000b41c00a0b3
:103d30000400000000000000b81c00a00400000007
:103d400000000000881c00a0180000000000000017
:103d500000000000222222222222222222222222cb
:020000040000fa
:020000041d00dd
:103d6000e0ffbd271c00bfaf1800b1af1400b0af1b
:103d700021808000a403828c0100032419004310d9
:103d80002188a000a803828c17004010ac838427f0
:103d90004835400f212000021e004050dfff312631
:103da000ad0802920700432cac00601080100200a6
:103db000009d033cc83d6324211062000000428c3a
:103dc00008004000000000005c40009d1440009d81
:103dd0000040009d5c40009dec3f009dd83f009d51
:103de000b43f009dac838427009d053ced3d400f12
:103df0002c5da524ac838427e43e400f21282002bb
:103e00004835400f21200002e6ff4054ad080292e1
:103e1000dfff3126ff0031325e00222e2e024010dd
:103e200080881100009d023c3c3e422421885100c4
:103e30000000228e08004000000000005846009d4f
:103e4000d846009d7440009d8c42009d0c43009d0f
:103e50002043009dd846009dd846009dd846009d31
:103e60003443009dd846009dd846009ddc42009d0d
:103e7000d846009df441009d0c42009d2842009dc3
:103e80003c42009d5042009d6442009d7842009d4e
:103e90008840009d9c40009db040009dd846009dfc
:103ea0002840009dc440009de440009d2c41009da1
:103eb0004841009d9441009db041009dd846009d21
:103ec000d846009dc441009de441009df842009dfc
:103ed000d846009dd846009dd846009da042009d32
:103ee000d846009dd846009dd846009dd846009de6
:103ef000d846009dd846009dd846009db442009dfe
:103f0000c842009dd846009de443009df843009db3
:103f10000c44009d2444009dd846009d3844009ddb
:103f2000d846009d4c44009dd846009d6844009da5
:103f30008444009dd846009d9844009dd846009d2d
:103f4000ac44009d0c45009d4445009dc446009d29
:103f5000d846009dd846009dd846009d6c46009de1
:103f6000d846009dd846009dd846009dd846009d65
:103f7000d846009dd846009d8046009d9c46009de9
:103f8000b046009d9845009de045009df445009d8c
:103f90000846009d1846009d2c46009d4446009d05
:103fa0004843009d6043009dd846009d9843009d76
:103fb000d043009d212000023540400f21282002df
:103fc000010002241c00bf8f1800b18f1400b08fb5
:103fd0000800e0032000bd27212000020621400f39
:103fe00021282002f10f400b0100022421200002b1
:103ff000be30400f21282002f10f400b01000224a7
:10400000212000028d1d400f21282002f10f400bbe
:104010000100022421200002921a400f21282002d0
:10402000f10f400b01000224ed828293b501405054
:10403000009d053c21200002009d053c9a3d400f5b
:10404000045ea52421200002009d053cc03a400fdb
:10405000a457a5247e42400fec828427010002244d
:104060001c00bf8f1800b18f1400b08f0800e00350
:104070002000bd2721200002603c400f03000524e2
:10408000f10f400b01000224212000028e3c400f62
:1040900006000524f10f400b01000224212000023c
:1040a0008e3c400f07000524f10f400b0100022455
:1040b000212000028e3c400f08000524f10f400b28
:1040c00001000224183d400fec82842721200002c9
:1040d000009d053cc03a400f485ea5241210400bdd
:1040e00021200002030002920c004054b40300aef1
:1040f000009d053c9c5da5249a3d400f21200002b7
:1041000021200002009d053cc03a400fa457a52481
:104110007e42400fec828427b40300ae853d400f01
:1041200021200002f10f400b010002242120000297
:1041300005000524213000003c31400f0100072418
:10414000f10f400b01000224030002920c004054c6
:1041500001000224009d053cac5da5249a3d400f62
:104160002120000221200002009d053cc03a400fa2
:10417000a457a5247e42400fec828427010002242c
:10418000b40302ae853d400f21200002f10f400b29
:104190000100022403000292b1ff405401000224f6
:1041a0002934400f21200002f10f400b01000224ae
:1041b00021200002603c400f02000524f10f400b5b
:1041c00001000224010002926d0140102120000232
:1041d000009d053c9a3d400f745da5241210400bd4
:1041e000212000020e3b400f21200002f10f400b66
:1041f00001000224212000028a3b400f0400052414
:10420000e00800a2f10f400b01000224212000026f
:1042100001000524ff0006243c31400fff00072465
:10422000f10f400b01000224212000028e3c400fc0
:1042300001000524f10f400b01000224212000029f
:104240008e3c400f02000524f10f400b01000224b8
:10425000212000028e3c400f03000524f10f400b8b
:1042600001000224212000028e3c400f040005249e
:10427000f10f400b01000224212000028e3c400f70
:1042800005000524f10f400b01000224212000024b
:10429000603c400f04000524f10f400b0100022494
:1042a00021200002603c400f10000524f10f400b5c
:1042b0000100022421200002603c400f0900052477
:1042c000f10f400b0100022421200002603c400f4e
:1042d0000c000524f10f400b0100022421200002f4
:1042e00005000524213000003c31400f213800003a
:1042f000f10f400b0100022421200002603c400f1e
:104300000b000524f10f400b0100022421200002c4
:10431000603c400f05000524f10f400b0100022412
:1043200021200002603c400f07000524f10f400be4
:104330000100022421200002603c400f08000524f7
:10434000f10f400b01000224212000028a3b400fa4
:104350000200052401000224f10f400bd80802ae30
:10436000723b400fec828427ef004050009d053cdb
:10437000009d053c3c59a5249a3d400f2120000298
:1043800021200002009d053cc03a400fbc5da524e1
:104390001210400b21200002a641400fec8284271e
:1043a000ea004050009d053c009d053c3c59a52479
:1043b0009a3d400f2120000221200002009d053c73
:1043c000c03a400fe05da5241210400b21200002ee
:1043d000212000028a3b400f05000524f10f400b0d
:1043e0000100022421200002603c400f0d00052442
:1043f000f10f400b0100022421200002603c400f1d
:104400000f000524f10f400b01000224009d053c24
:10441000585ea5249a3d400f212000021210400b47
:104420002120000221200002603c400f0a000524e8
:10443000f10f400b0100022421200002603c400fdc
:104440000e000524f10f400b010002242120000280
:1044500005000524040006243c31400f21380000eb
:10446000f10f400b01000224212000020500052469
:10447000040006243c31400f01000724f10f400bdb
:104480000100022421200002603c400f06000524a8
:10449000f10f400b01000224212000028a3b400f53
:1044a000060005241810400b01000224a003028e10
:1044b000af004010212000028c080292ed8283930d
:1044c0008c006010ef8282a385004014ec82842768
:1044d000450802920900401400000000b003038e5a
:1044e0000600022405006210212000021a3c400f41
:1044f000060005245a3d400f32000424ba31400f13
:1045000021200002f10f400b010002240100029261
:10451000a900401400000000ed828293cffe4010fd
:10452000ef828293cefe405001000224ec82842769
:10453000009d053c3730400f605da524f10f400b16
:1045400001000224030002920f004014000000004a
:10455000009d053c345da5249a3d400f21200002ba
:1045600021200002009d053c9a3d400f545da5248a
:1045700021200002009d053cc03a400fa457a5240d
:104580007e42400fec828427893e400f21200002aa
:10459000f10f400b01000224a003028e82004010a4
:1045a000000000002120000201000224443d400fd1
:1045b000ef8282a3ed828293a8fe4010ef82829365
:1045c000a7fe405001000224ec828427009d053c98
:1045d0003730400f8c5da524f10f400b0100022401
:1045e000212000028e3c400f0d000524f10f400bee
:1045f00001000224212000028e3c400f0f00052400
:10460000f10f400b010002241f2f400f2120000258
:10461000f10f400b01000224212000028e3c400fcc
:104620000a000524f10f400b0100022421200002a2
:104630008a3b400f0100052401000224f10f400bca
:10464000d40802ae212000028e3c400f0e0005244b
:10465000f10f400b0100022421200002603c400fba
:1046600001000524f10f400b01000224212000026b
:104670008e3c400f10000524f10f400b0100022476
:104680002120000205000524040006243c31400fcf
:1046900003000724f10f400b010002242120000237
:1046a0008e3c400f09000524f10f400b010002244d
:1046b000212000028e3c400f0c000524f10f400b1e
:1046c00001000224212000028e3c400f0b00052433
:1046d000f10f400b01000224f10f400b21100000ec
:1046e000009d053c3730400f7c5da5243d0800a2ad
:1046f0008c08029281ff4014000000003511400b2d
:1047000045080292145ea5249a3d400f2120000224
:1047100021200002009d053c9a3d400f305ea524fb
:104720001210400b212000023059a5249a3d400f61
:104730002120000221200002009d053cc03a400fcc
:10474000cc5da5241210400b212000023059a52475
:104750009a3d400f2120000221200002009d053ccf
:10476000c03a400ff05da5241210400b212000023a
:10477000a43f400f300005242f11400b8c080292fb
:104780008a33400f212000020100029290fe401463
:1047900021200002009d053c9a3d400f785da52434
:1047a0001210400b212000026240400f2120000225
:1047b0006a11400b21200002f335400f2120000236
:0847c000f10f400b010002247f
:020000040000fa
:020000041d00dd
:1047c8000098a27c0055a37cc22f0500c0100200ef
:1047d8004247040025104800c02004000098e87ce7
:1047e8000055e97cc23f0700c04008004257060058
:1047f80025400a01ff070a2404002a15c0300600d4
:104808002550060102004015000000000100e738ad
:10481800a300a7142350690035004019213840012e
:104828000e002055ff07092425380601af01e05086
:1048380007008630ffff47250400e014ff0709241e
:104848002130c4003a12400b2110020107006914fc
:104858003900e928bd13400b07008630a201691012
:104868008000093c254009013900e9281800205139
:10487800253006012000e9280b00201120000a2419
:104888002000092423482701045828010650e6007f
:1048980025506a01044826012b48090025304901a2
:1048a8003812400b0638e8000400ea100648e80011
:1048b800233807003212400b0440e8002140000072
:1048c800253006012b3006003712400b2530c90071
:1048d8002b300600213800002130c4002110e200ee
:1048e8002b20c400211044009c12400b2120c00042
:1048f80036004011010067240e006014ff070324ee
:1049080025184400580160502110000127500a0062
:1049180004004055ff070324212086007112400b34
:10492800211002010800235539004329a213400b26
:10493800211000015101231123500a008000033c7b
:1049480025104300390043291800605025204400f1
:10495800200043290b0060102000072420000324b6
:1049680023186a0004586200063844012538670194
:10497800041864002b1803002520e3006f12400b75
:1049880006504201040047110618420123500a004c
:104998006912400b04104201211000002520440038
:1049a8002b2004006e12400b252083002b200400ce
:1049b8002150000021208600211048012b3086005c
:1049c800211046009c12400b21182001ff07e930f6
:1049d8000200292919002051ff0703241000601440
:1049e800253844002301e050211000012538060134
:1049f8003e01e050070086302130c400211002013a
:104a08002b20c40021104400c005477c3601e0106b
:104a18002120c000c4bd027cbc13400b010003244c
:104a28001701e05021100001253006012e01c010a9
:104a3800ff0703244313400bc21802001201e310be
:104a48002130c400211002012b20c4002110440091
:104a580042300600c02702002520860042100200ce
:104a6800bc13400b2118e000c005467c1f01c01094
:104a78000700863001006324ff070624030166103f
:104a880001008630c4bd027c422004002520c400f9
:104a9800c037020025208600bc13400b42100200dc
:104aa80036004019215840010e002015ff07072441
:104ab800253806010d01e05007008630ffff4b2521
:104ac80004006055ff07072423308600dc12400be2
:104ad800231048000700671439006729bd13400bed
:104ae80007008630000167108000073c2540070159
:104af800390067291800e050253006012000672991
:104b08000b00e01020000924200007242338eb00c4
:104b18000450e80006486601254849010438e600c3
:104b28002b38070025302701da12400b0658680198
:104b3800040069110638680123580b00d412400b91
:104b48000440680121400000253006012b30060092
:104b5800d912400b2530c7002b3006002158000021
:104b68002330860023104b002b208600231044009e
:104b78002120c0006413400b2138a00036004051aa
:104b8800010069240e006014ff070324251844005f
:104b9800c10060502110000127500a000400405550
:104ba800ff0703242320c4001413400b2310020121
:104bb8000800235539004329ac13400b211000018c
:104bc800b800231123500a008000033c251043003d
:104bd800390043291800605025204400200043294b
:104be8000b006050200005242000032423186a00cd
:104bf8000458620006284401252865010418640049
:104c08002b1803002520a3001213400b0650420165
:104c1800040045110618420123500a000c13400bea
:104c28000410420121100000252044002b2004001c
:104c38001113400b252083002b2004002150000075
:104c48002320c40023100a012b30c400231046007f
:104c58006413400b21182001ff072931020029297c
:104c680039002011234886002548060119006014e0
:104c780025504400050040150000000013002011d5
:104c880021100000af13400b2110000197002051a4
:104c98000700863023488600235048002b58890097
:104ca80023504b01c0054b7d06006051251049017a
:104cb8002320c400231002012b30c400b013400b82
:104cc800231046007e00405421104001ba13400bc7
:104cd8002120000008004015000000007a0020553f
:104ce800211000013f00023cffff4234f8ff04247a
:104cf800ba13400bff0703247b002011ff0703248e
:104d0800c2180200c2400800254003010800063c02
:104d18002440060105000055ffffc324c2200400fb
:104d2800401702004f13400b25204400ffff0424c6
:104d380021280000c0180300421704002510430072
:104d4800b613400bc0200400235048002b5889009c
:104d580023504b01c0054b7d0700605125104901c8
:104d68002348c400231002012b30c90023504600f9
:104d78006913400b2128e000570040102110000063
:104d88006a13400b20584b71c005467c5600c01072
:104d98002128e00000b04a7c2148800020584b714f
:104da80004004015f8ff672520582b7120006b255b
:104db800f8ff67252000e22808004050d8ff622548
:104dc8000450ea002800022423104b000610490072
:104dd80025104a007b13400b0420e9000410490009
:104de800212000002a30e3001d00c054231867006a
:104df8002318e300010066242000c7280b00e010f8
:104e0800e1ff68241f0007242318e3000640c400bc
:104e18000438620025400701042064002b200400a8
:104e2800252004019813400b0610c2002000072417
:104e38000400c71006400201271803009413400b12
:104e48000410620021100000252044002b200400db
:104e58002520880021100000bc13400b21180000f9
:104e6800bc13400bc4bd027c2120c000bc13400b06
:104e780021182001bc13400b2120c0002110000183
:104e8800b613400b2120c000ff07032421100000a7
:104e9800c613400b212000002120c000b013400b96
:104ea80021182001211000012120c000b013400b5f
:104eb800ff0703242120c000bc13400b2128e00079
:104ec800bc13400b212020012120c0002128e00034
:104ed800bc13400bff070324212000002118000009
:104ee800c613400b21280000070086300900c010b7
:104ef800c005467c0f008730040006240400e61035
:104f0800040086242b20c400211044002120c00066
:104f1800c005467c0900c050c2200400010063247b
:104f2800ff0706240300665021100000d013400b31
:104f3800c4bd027c21200000c220040040370200ca
:104f48002520c400ff0706240e006614c2100200c4
:104f5800253082000a00c050211000000090427cd9
:104f6800253044000800c014213000000700023c2e
:104f7800ffff4234ffff0424e413400b2128000004
:104f880021200000213000000498467c04f5667c4e
:104f9800c4ffa67c211080000800e0032118c0008f
:104fa8000098a27c0055a37cc22f0500c010020007
:104fb8004247040025104800c02004000098e87cff
:104fc8000055e97cc23f0700c04008004257060070
:104fd80025400a01c0300600a300a7142350690029
:104fe80035004019213840010e002055ff070924db
:104ff80025380601af01e05007008630ffff47253e
:105008000400e014ff0709242130c4002c14400bcd
:1050180021100201070069143900e928af15400b77
:1050280007008630a20169108000093c254009016b
:105038003900e92818002051253006012000e92808
:105048000b00201120000a242000092423482701ee
:10505800045828010650e60025506a010448260134
:105068002b480900253049012a14400b0638e8006e
:105078000400ea100648e800233807002414400b0f
:105088000440e80021400000253006012b300600ce
:105098002914400b2530c9002b30060021380000a8
:1050a8002130c4002110e2002b20c400211044004c
:1050b8008e14400b2120c0003600401101006724e7
:1050c8000e006014ff07032425184400580160509f
:1050d8002110000127500a0004004055ff0703244f
:1050e800212086006314400b21100201080023557b
:1050f800390043299415400b211000015101231157
:1051080023500a008000033c25104300390043293e
:105118001800605025204400200043290b0060102f
:10512800200007242000032423186a000458620082
:105138000638440125386701041864002b18030059
:105148002520e3006114400b06504201040047117a
:105158000618420123500a005b14400b0410420158
:1051680021100000252044002b2004006014400b6f
:10517800252083002b2004002150000021208600d8
:10518800211048012b308600211046008e14400b58
:1051980021182001ff07e9300200292919002051b0
:1051a800ff07032410006014253844002301e05051
:1051b80021100001253806013e01e0500700863025
:1051c8002130c400211002012b20c400211044000a
:1051d800c005477c3601e0102120c000c4bd027c18
:1051e800ae15400b010003241701e0502110000107
:1051f800253006012e01c010ff0703243515400b8a
:10520800c21802001201e3102130c400211002016b
:105218002b20c4002110440042300600c0270200a1
:105228002520860042100200ae15400b2118e00030
:10523800c005467c1f01c0100700863001006324aa
:10524800ff0706240301661001008630c4bd027cf6
:10525800422004002520c400c03702002520860013
:10526800ae15400b4210020035004019215840018c
:105278000e002015ff070724253806010d01e05010
:1052880007008630ffff4b2504006015ff07072441
:1052980023308600ce14400b231048000700671403
:1052a80039006729af15400b0700863000016710e9
:1052b8008000073c25400701390067291800e050a5
:1052c80025300601200067290b00e0102000092482
:1052d800200007242338eb000450e8000648660144
:1052e800254849010438e6002b38070025302701f6
:1052f800cc14400b0658680104006911063868018f
:1053080023580b00c614400b0440680121400000dc
:10531800253006012b300600cb14400b2530c70082
:105328002b300600215800002330860023104b0044
:105338002b208600231044005615400b2120c00066
:1053480037004051010069240e006014ff07032450
:1053580025184400c20060502110000127500a009f
:1053680004004055ff0703242320c4000515400b03
:105378002310020108002355390043299e15400bcc
:1053880021100001b900231123500a008000033cba
:105398002510430039004329180060502520440097
:1053a800200043290b00605020000524200003241e
:1053b80023186a000458620006284401252865015c
:1053c800041864002b1803002520a3000315400bc4
:1053d80006504201040045110618420123500a00f4
:1053e800fd14400b04104201211000002520440048
:1053f8002b2004000215400b252083002b200400dd
:10540800215000002320c40023100a012b30c400bf
:1054180023104600211820015615400b2128e000d2
:10542800ff07293102002929390020112348860065
:105438002548060119006014255044000500401550
:10544800000000001300201121100000a115400bde
:10545800211000019700205107008630234886005c
:10546800235048002b58890023504b01c0054b7d21
:1054780006006051251049012320c40023100201b1
:105488002b30c400a215400b231046007e00405468
:1054980021104001ac15400b2120000008004015e8
:1054a800000000007a002055211000013f00023c56
:1054b800ffff4234f8ff0424ac15400bff07032418
:1054c8007b002011ff070324c2180200c240080015
:1054d800254003010800063c24400601050000554c
:1054e800ffffc324c2200400401702004115400bef
:1054f80025204400ffff042421280000c0180300d1
:105508004217040025104300a815400bc0200400d2
:10551800235048002b58890023504b01c0054b7d70
:1055280007006051251049012348c40023100201d7
:105538002b30c900235046005b15400b2128e000a2
:1055480057004010211000005c15400b20584b718b
:10555800c005467c5700c0100700863000b04a7c62
:105568002148800020584b7104004015f8ff67253a
:1055780020582b7120006b25f8ff67252000e228b2
:1055880008004050d8ff62250450ea002800022491
:1055980023104b000610490025104a006d15400bda
:1055a8000420e90004104900212000002a30e3000b
:1055b8001d00c054231867002318e3000100662467
:1055c8002000c7280b00e010e1ff68241f00072413
:1055d8002318e3000640c400043862002540070190
:1055e800042064002b200400252004018a15400ba8
:1055f8000610c200200007240400c710064002015c
:10560800271803008615400b0410620021100000c3
:10561800252044002b2004002520880021100000ac
:10562800ae15400b21180000ae15400bc4bd027c1e
:105638002120c000ae15400b21182001ae15400beb
:105648002120c00021100001a815400b2120c00016
:10565800ff07032421100000b815400b212000008b
:105668002120c000a215400b2118200121100001a3
:105678002120c000a215400bff0703242120c000f1
:10568800ae15400b2128e000ae15400b212020016b
:105698002120c0002128e000ae15400bff0703249d
:1056a8002120000021180000b815400b2128000017
:1056b800070086300900c010c005467c0f008730ff
:1056c800040006240400e610040086242b20c400ed
:1056d800211044002120c000c005467c0900c050ac
:1056e800c220040001006324ff070624030066505b
:1056f80021100000c215400bc4bd027c212000000f
:10570800c2200400403702002520c400ff070624f9
:105718000e006614c2100200253082000a00c05034
:10572800211000000090427c253044000800c0147d
:10573800213000000700023cffff4234ffff042431
:10574800d615400b21280000212000002130000040
:105758000498467c04f5667cc4ffa67c2110800072
:085768000800e0032118c00055
:020000040000fa
:020000041d00dd
:105770005374617274206d756c7469206368617212
:105780003a2025630a000000323530006465666106
:10579000756c74004d61726b65722072656369652a
:1057a00076656400242424000a00000054696d65b5
:1057b0006f75742070726f63657373696e67206da7
:1057c000756c74692062797465000000206d6573e2
:1057d00073616765202d20706c656173652073654a
:1057e0006e6420616c6c000020636f6d6d616e648f
:1057f00073206174206f6e6365206173206f662073
:10580000763200004144535f49442c2000000000e0
:10581000434f4e464947312c20000000434f4e462f
:105820004947322c20000000434f4e464947332c55
:10583000200000004c4f46462c20000043483153c6
:1058400045542c20000000004348325345542c207e
:10585000000000004348335345542c200000000052
:105860004348345345542c2000000000434835532e
:1058700045542c20000000004348365345542c204a
:10588000000000004348375345542c20000000001e
:105890004348385345542c200000000042494153ee
:1058a0005f53454e53502c200000000042494153a5
:1058b0005f53454e534e2c20000000004c4f46468f
:1058c0005f53454e53502c20000000004c4f46467d
:1058d0005f53454e534e2c20000000004c4f46466f
:1058e0005f464c49502c20004c4f46465f53544174
:1058f00054502c20000000004c4f46465f5354414a
:10590000544e2c20000000004750494f2c2000002e
:105910004d495343312c20004d495343322c200034
:10592000434f4e464947342c200000003000000011
:105930004661696c7572653a2000000053756363b7
:105940006573733a20000000626f617264206d6fae
:1059500064652076616c756500000000206f7574c9
:10596000206f6620626f756e64732e00696e7661bb
:105970006c696420626f617264206d6f646520766b
:10598000616c75652e0000004144532053746172b0
:105990007465640064616973792072656d6f766502
:1059a000640000006e6f20646169737920746f2059
:1059b00072656d6f766521004144532053746f709a
:1059c000706564002c2000004461697379204944ab
:1059d000203078004f6e20426f6172642041445342
:1059e00020494420000000005265676973746572a5
:1059f00020000000206d6f6469666965642e0000f8
:105a0000746f6f20666577206368617273000000b1
:105a10004661696c7572653a20746f6f20666577b0
:105a200020636861727300004572723a20397468ad
:105a30002063686172206e6f742058004661696c43
:105a40007572653a204572723a203974682063682d
:105a50006172206e6f742058000000004572723a27
:105a600020746f6f206d616e7920636861727300be
:105a70004661696c7572653a204572723a20746f9e
:105a80006f206d616e7920636861727300000000a1
:105a90004368616e6e656c2073657420666f72205a
:105aa00000000000537563636573733a20436861b7
:105ab0006e6e656c2073657420666f722000000046
:105ac0004572723a203574682063686172206e6f87
:105ad00074205a004661696c7572653a204572728d
:105ae0003a203574682063686172206e6f74205aa2
:105af000000000004c656164206f66662073657469
:105b000020666f7220000000537563636573733afb
:105b1000204c656164206f66662073657420666f33
:105b20007220000053616d706c6520726174652095
:105b300069732000487a0000537563636573733a94
:105b40002053616d706c65207261746520697320eb
:105b50000000000073616d706c652076616c756586
:105b6000206f7574206f6620626f756e647300001d
:105b70004661696c7572653a2073616d706c652061
:105b800076616c7565000000206f7574206f66206b
:105b9000626f756e64730000696e76616c69642073
:105ba00073616d706c652076616c75650000000036
:105bb0004661696c7572653a20696e76616c6964dc
:105bc0002073616d706c652076616c7565000000f6
:105bd0006e6f20646169737920746f2061747461e1
:105be000636821006461697379206174746163681a
:105bf0006564000057726f746520746f20434f4ec8
:105c0000464947323a200000436f6e6669677572f5
:105c1000656420696e7465726e616c0020746573d2
:105c200074207369676e616c2e00000052656769ad
:105c3000737465727320000020746f2000000000f0
:105c4000206d6f646966696564000000307800004b
:105c500020000000426f617264204144532052656d
:105c60006769737465727300446169737920414494
:105c70005320526567697374657273004c495333de
:105c800044482052656769737465727300000000b0
:105c90004f70656e42434920563320382d313620ef
:105ca0006368616e6e656c004f6e20426f61726456
:105cb0002041445331323939204465766963652087
:105cc00049443a20307800004f6e2044616973796e
:105cd0002041445331323939204465766963652067
:105ce00049443a20307800004c495333444820441a
:105cf00065766963652049443a20307800000000e9
:105d00004669726d776172653a2076332e312e3294
:105d100000000000426f6172642075700000000096
:105d2000426f6172642065727200000070433a2015
:105d3000000000007570646174696e6720636861bb
:105d40006e6e656c2073657474696e677320746f12
:105d5000000000002064656661756c74000000003e
:105d60004e6f20646169737920746f2072656d6f66
:105d7000766500003136000038000000537472650b
:105d8000616d207374617274656400005374726590
:105d9000616d2073746f70706564000054696d6587
:105da000207374616d70204f4e00000054696d6562
:105db000207374616d70204f464600005769666914
:105dc00020617474616368656400000057696669e6
:105dd000206e6f74206174746163686564000000f4
:105de000576966692072656d6f7665640000000012
:105df00057696669206e6f742072656d6f76656491
:105e000000000000576966692070726573656e74e2
:105e10000000000057696669206e6f74207072651b
:105e200073656e742c2073656e64207b0000000027
:105e300020746f20617474616368207468652073d6
:105e40006869656c640000005769666920736f6655
:105e5000742072657365740076332e312e35000020
:105e60000a437269746963616c206572726f722093
:105e700062463a2025640a00646562756700000086
:105e8000616e616c6f6700006469676974616c00c2
:105e90006d61726b65720000424c450031363030e6
:105ea0003000000038303030000000003430303036
:105eb000000000003230303000000000313030305f
:085ec000000000003530300045
:020000040000fa
:020000041d00dd
:105ec800214080000098a97c0055ae7cc22f0500b7
:105ed8000c00c0112150a000ff0702242100c2516c
:105ee800252024011000023c25482201c048090051
:105ef8004217040025482201c0400400d917400b6e
:105f080001fcce25251024011c004050214800002a
:105f18000300201520702e7120708e702000ce2571
:105f28002800c22909004050d8ffc925f8ffc82514
:105f3800044809012800022423104e0006104400da
:105f480025484900d717400b0440040104482401a0
:105f5800214000000dfc022423704e00e317400b83
:105f6800211800000a4804000a4004000200032423
:105f780003000224e317400b0b18440021400000e3
:105f8800010003242158c0000098e27c0055ed7cf4
:105f98000c00a011c23f0700ff0704242100a451f0
:105fa800253046001000043c25104400c0100200b3
:105fb800425f060025104b00c05806000918400b28
:105fc80001fcad25252046001c0080502110000052
:105fd8000300401420684d702068cd702000ad2566
:105fe8002800a42909008050d8ffa225f8ffab2576
:105ff800041062012800042423208d000620860056
:10600800251082000718400b04586601041046004a
:10601800215800000dfc042423688d001318400b40
:10602800212000000a1006000a5806000200042475
:1060380003000f241318400b0b20e6012158000021
:10604800010004248030030025308600ffffc624a9
:106058000f00cf2c1700e0112628e500803006003d
:10606800009d0d3c8060ad252130a6010000c68c46
:106078000800c000000000001065009d4c65009df0
:10608800bc63009d4c65009d1865009d4c65009d96
:10609800bc63009d1065009d1065009d1865009dfe
:1060a800bc63009dcc63009dcc63009dcc63009dc8
:1060b800a063009d2b184900060060142360cd01e1
:1060c8000a002255ffff8c252b1868010700605035
:1060d800ffff8c2542200800c01f0900c057080098
:1060e800254083003e18400b42480900215000001b
:1060f80002260b00001202002520820000320b004d
:10610800025c0400ffff8d301b002b01f4016001cd
:10611800101800001248000002102d71001c030026
:10612800023c0800251867002b3862000a00e010be
:1061380021702001211864002b3864000600e01447
:10614800ffff2e252b3862000400e0502318620060
:10615800feff2e2521186400231862001b006b0027
:10616800f4016001101000001218000002386d7070
:1061780000140200ffff0831254048002b480701a2
:106188000a00201121106000214004012b4804015d
:1061980006002015ffff62242b4807010400205148
:1061a80023380701feff6224214004012338070138
:1061b80000440e0025404800190006011210000096
:1061c800101800002b48e30006002015217060001d
:1061d8001c006714214800012b7842011a00e05185
:1061e80023704201215046012b78460121c0e40169
:1061f8002138f8002bc0870005000017ffff09258c
:106208001100e454237042010f00e055237042014d
:106218002b78e3000700e055feff09250a00c715a3
:10622800237042012b7042010600c05121386000e2
:10623800feff0925215046012b404601214004015b
:106248002138e800237042012338e3002b504e0127
:106258002338ea00c900e410ffff08241b00eb0004
:10626800f4016001101800001250000002104d7176
:10627800001c030002440e00251868002b40620031
:106288000a00001121384001211864002b406400e5
:1062980006000015ffff47252b406200040000514f
:1062a80023106200feff47252118640023106200b6
:1062b8001b004b00f4016001101000001258000090
:1062c80002506d7100140200ffffce3125104e0000
:1062d8002b184a000a006010214060012110440078
:1062e8002b18440006006014ffff68252b184a008d
:1062f8000400605023504a00feff68252110440026
:1063080023504a00003c0700253807011900e60021
:106318001210000010180000216860002b70430163
:106328000500c0151258000019006a542140e00009
:106338009000405021300000215044012b7044014e
:106348000f00c015ffffe8242b7043010700c0555c
:10635800feffe8248b00aa55213800012b10c2004b
:106368008400405021380001feffe8244010060058
:106378002b3046002120c400215044012130400028
:106388007e004d55010008351700cb502150a00064
:106398006119400b01000835251049000800033c2d
:1063a800241043005f0040500090297d4819400b9d
:1063b800ffff69242150e00021484000214060018e
:1063c8002118800002000224640062502148000065
:1063d80003000224530062500090297d010002242a
:1063e8005a00625021480000ff0382251700401818
:1063f80007000331090060100006237d0f000431f7
:106408000400032404008310040003252b406800c3
:1064180021482801214060000006237d0400601007
:10642800ff07432804c6097c00048225ff07432888
:106438004a00605021480000c2400800401f09007f
:10644800254068006519400bc248090002fc022477
:1064580023104c00390043283c00605021480000bc
:10646800200043280a006010e2fb03241e048c2548
:106478000620480004188901251883000460880153
:106488002b600c0025406c003219400b064849006f
:1064980023186c0020000424040044100618690026
:1064a8003e048c252e19400b044889012148000020
:1064b800254028012b400800254003012148000001
:1064c8000700023109004010c005227d0f0003318a
:1064d8000400022404006210040002252b40480036
:1064e8002148280121404000c005227d1e0040545b
:1064f80021480000c2400800401709002540480014
:106508005619400bc24809005819400b2150a000e9
:106518000700093cffff2935ffff08242150000030
:106528000090297d2518280118006014ff0702240f
:106538000700093cffff2935ffff08246519400bb8
:10654800215000002150a0002148000021400000f7
:106558006519400b2110000021480000214000006f
:106568006519400bff070224214000006519400b04
:1065780001000224e418400b2140e000fc18400b05
:106588002150a000e618400b2140e000211800002f
:106598000498237d04f5437cc4ff437d0800e00391
:1065a80021100001211880000098a97c0055ad7cbd
:1065b800c22f05000c00a0112178a000ff070224bb
:1065c8002100a251252024011000083c254828015b
:1065d800c04809004217040025482201c0180400d9
:1065e8009219400b01fcad25251024011c004050d8
:1065f800214800000300201520682d7120688d7047
:106608002000ad252800a22909004050d8ffa9255f
:10661800f8ffa325044869002800082423400d0139
:1066280006400401254809019019400b041864002c
:1066380004482401211800000dfc022423684d00a1
:106648009c19400b215000000a4804000a18040055
:1066580002000a24030002249c19400b0b5044003a
:106668002118000001000a242110c0000098e87ccd
:106678000055ec7c0c008011c23f0700ff07042482
:1066880021008451253006011000023c25400201fa
:10669800c04008004217060025400201c01006004d
:1066a800c219400b01fc8c25251006011c00405026
:1066b800214000000300001520600c712060cc70a0
:1066c80020008c252800822909004050d8ff882501
:1066d800f8ff8225044048002800042423208c0069
:1066e8000620860025408800c019400b041046008b
:1066f80004400601211000000dfc042423608c00d6
:10670800cc19400b212000000a4006000a100600a0
:106718000200042403000e24cc19400b0b20c601f0
:10672800211000000100042480300a002530860072
:10673800ffffc6240f00d82c190000132670e500af
:1067480080300600009d0c3c64678c252130860152
:106758000000c68c0800c000000000009068009d82
:106768009068009d8c68009d9c68009d9c68009db9
:10677800d469009d8c68009d9c68009dd469009d2b
:106788009c68009d8c68009da067009da067009d87
:10679800a067009d7068009d271a400b2170a0001b
:1067a8002158ac01190043001230000010380000d5
:1067b80019000301122000001028000019004900e8
:1067c8001210000010180000190009011240000002
:1067d800104800002138e4002b60e4002140a800a4
:1067e800216888012138e2002b50e2002120a30112
:1067f80021108a002b60ac012b400501254088013f
:10680800214809012b504a002b20830025204401f0
:1068180021482401404a0900c21d020025482301dd
:10682800401a0700251866002b180300c23d070010
:106838002518670040120200251862000006227d14
:106848001e004010ff03622501006b250100643023
:106858004218030025188300c01709002518620094
:10686800301a400b42480900254009010800023c43
:10687800244002015a0000112170e001771a400bf0
:10688800ffff49242170e000214800012118400041
:1068980021508000020002245a0042512148000081
:1068a800030002244f0042510090297d0100022478
:1068b8005700425121480000ff0362251400401888
:1068c80007006430090080100006247d0f00653041
:1068d800040004240400a410040065242b18a30059
:1068e800214823012118a0000006247d04008010ff
:1068f800ff07442804c6097c00046225ff074428d2
:106908004000805021480000711a400bc218030053
:1069180002fc082423400b01390002293c004050a6
:1069280021480000200002290a004010e2fb02244e
:106938001e046b250620030104106901251082003e
:10694800045863012b580b0025184b00631a400ba1
:106958000648090123104b002000042404000411f8
:10696800061049003e046b255f1a400b0448690174
:1069780021480000251823012b1803002518620060
:10698800214800000700623009004010c005227d40
:106998000f00643004000224040082100400622402
:1069a8002b1843002148230121184000c005227def
:1069b8001a00405421480000c2180300402709006b
:1069c800251883008b1a400bc24809000700093cb0
:1069d800ffff2935ffff0324217800002170e00123
:1069e8000090297d252023010e008014ff07022432
:1069f8000700093cffff2935ffff03248b1a400bd2
:106a080021700000211800008b1a400bff07022498
:106a1800211800008b1a400b2110000021180000db
:106a280001000224212000000498247d04f5447c00
:106a3800c4ffc47d211060000800e0032118800015
:020000040000fa
:020000041d00dd
:106a4800d0ffbd272c00bfaf2800b0af58000224ec
:106a58001400a21021808000d408828c0900432ce5
:106a68006f00601080100200009d033c886a632458
:106a7800211062000000428c080040000000000065
:106a8800286c009dfc6a009d6c6b009d4c6b009d02
:106a98008c6b009d2c6b009d086c009dac6b009d61
:106aa800cc6b009dd408828c08004328ecff605012
:106ab8000900432c03008290d40880ac8e0880a083
:106ac80084004010ad0880a0ed8282931100401030
:106ad800ef828293100040502c00bf8fec828427f5
:106ae800009d053c3730400f105aa524c81a400baa
:106af8002c00bf8fceffa524ff00a5302800a32cb3
:106b08005e00601421100000ae0802a202000224f8
:106b1800d40802ae2c00bf8f2800b08f0800e00315
:106b28003000bd27d0ffa524ff00a5300a00a22c05
:106b3800202c057c0a280200bd0805a2c61a400bb5
:106b480006000224d0ffa524ff00a5300700a32ccf
:106b58004500601460000224bb0802a2c61a400b5c
:106b680004000224d0ffa524ff00a5300a00a22caf
:106b7800202c057c0a280200ba0805a2c61a400b78
:106b880003000224d0ffa524ff00a5300a00a22c90
:106b9800202c057c0a280200bc0805a2c61a400b56
:106ba80005000224d0ffa524ff00a5300a00a22c6e
:106bb800202c057c0a280200bf0805a2c61a400b33
:106bc80008000224580002246100a2100300029267
:106bd80031004050009d053ced82829305004050f5
:106be8008e0800a2ef828293aa004014ec828427c8
:106bf8008e0800a2ad0800a2c61a400b01000224ac
:106c0800d0ffa524ff00a5300a00a22c202c057c6b
:106c18000a280200be0805a2c61a400b0700022473
:106c2800030002923a004010ed8282930700401060
:106c3800ef82829306004050d40800aeec8284278d
:106c4800009d053c3730400f705aa524d40800ae8b
:106c58008e0800a2ad0800a22c00bf8f2800b08fbc
:106c68000800e0033000bd27001105002014027c55
:106c7800bb0802a2c61a400b04000224019d023c74
:106c8800a80542242128a2000000a280ae0802a282
:106c9800c61a400b020002243059a5249a3d400f21
:106ca8002120000221200002009d053c9a3d400f52
:106cb800285aa52421200002009d053cc03a400f17
:106cc800a457a5247e42400fec828427ff1a400b6c
:106cd8008e0800a2009d053c9a3d400f3059a5241e
:106ce80021200002009d053c9a3d400f005aa52432
:106cf80021200002009d053cc03a400fa457a5245e
:106d08007e42400fec828427c81a400b2c00bf8fac
:106d1800009d053c3059a5249a3d400f21200002d2
:106d280021200002009d053c9a3d400f5c5aa52495
:106d380021200002009d053cc03a400fa457a5241d
:106d48007e42400fec828427161b400bd40800ae0d
:106d58000900032428004010d40803aeed82829372
:106d680005004050ae080582ef8282933a004054f5
:106d7800009d053cae080582bd080892be08039236
:106d880040100500c02005002310820021100202d7
:106d9800ba080692bb080792bc080492400048a0b3
:106da800410043a0bf080392ff0009314100489009
:106db8000100a5243d0046a03e0047a03f0044a096
:106dc800420043a01000a4af1400a9af1800a8af58
:106dd8001c00a3af21200002ff00a530ff00c63031
:106de800493c400fff00e730d40800ae8e0800a2ef
:106df800181b400bad0800a2009d053c3c59a5247a
:106e08009a3d400f2120000221200002009d053cf0
:106e18009a3d400f905aa524ae0804820a00062421
:106e28002000a527d337400f010084242120000229
:106e38009a3d400f2128400021200002009d053c7a
:106e4800c03a400fa457a5247e42400fec82842705
:106e5800601b400bae080582a45aa524ad2f400f35
:106e6800ec8284275a3d400f01000424ae080482b6
:106e78002000a5270a000624d337400f01008424e8
:106e8800212840003730400fec828427601b400bdc
:106e9800ae080582009d053c3730400f3c5aa524ba
:086ea800ff1a400b8e0800a246
:020000040000fa
:020000041d00dd
:106eb000b0ffbd274c00bfaf4800beaf4400b7af26
:106ec0004000b6af3c00b5af3800b4af3400b3af4c
:106ed0003000b2af2c00b1af2800b0af21f080007d
:106ee00021a000001c00a0af1000a0af05000324eb
:106ef0001800a3af08001124080003242000a3af4a
:106f00001400a3af21b800002120c003763e400f3b
:106f1000212820025a3d400f01000424011c400b8f
:106f2000010010241400a0a21800a38f2128e3025e
:106f300021382002ff00a530fd30400f2120c00382
:106f40002120c00321302002c22b400f0d00052458
:106f5000232072021000a38f2348e3022120c403e0
:106f60000448300140008490ff003631273016007d
:106f70003a00901024304600ff00c6300400a0a262
:106f8000213820022120c003fd30400f0d000524d0
:106f90005a3d400f010004242120c0030e000524a7
:106fa000c22b400f21302002232072022120c40373
:106fb00040008490272816002428450024009010c3
:106fc000ff00a6302120c0030e000524fd30400f35
:106fd000213820025a3d400f010004242390720200
:106fe0002190d203420044920100e826ff001731ad
:106ff000010084381400a38f2b10e3021e00401000
:107000000aa0040240901700c098170023107202d3
:107010002110c2033d0044903f0046903e00459041
:1070200041004290010084382530c50080000324cf
:107030000b180400ff00c63021a8d703b9ff501475
:107040002530c3000800c634ca1b400b1400b0a290
:1070500025105600f11b400bff0046302348e30289
:1070600004483001ff00363125105600ff0046303d
:10707000e01b400b0400b0a21c00a38f010063249e
:10708000020004242e0064141c00a3af3c008012f4
:107090001000a38f1400a38f1000a48f2a10830068
:1070a0000f00401023b06400402004001000a38fa4
:1070b000c030030040101600c0b016002330c400da
:1070c0002338c2022130c60321100000010005242c
:1070d0002120c20006004224fdff4714420085a083
:1070e0002120c0031500052420000624fd30400f98
:1070f00021382002080002242000a38f66006210bd
:10710000030002242000a38f490062100100022422
:107110004c00bf8f4800be8f4400b78f4000b68f31
:107120003c00b58f3800b48f3400b38f3000b28f7d
:107130002c00b18f2800b08f0800e0035000bd275d
:107140001c00a38f69ff60501000a0af0100c29324
:10715000efff4010080003241000a3affd0003243c
:107160001800a3af03001124030003242000a3afe1
:10717000100003241400a3afc21b400b0800172407
:107180001400a48f2a106400100040101400a38f74
:107190001000a48f23b06400402004001000a38fcf
:1071a000c028030040101600c0b016002328a40019
:1071b0002330c2022128c503211000002120a20093
:1071c00006004224fdff4614420080a02120c00397
:1071d0001500052421300000fd30400f2138200229
:1071e000080002242000a38f1e0062100300022466
:1071f0002000a38fc7ff62144c00bf8f0200c0a302
:107200004c00bf8f4800be8f4400b78f4000b68f40
:107210003c00b58f3800b48f3400b38f3000b28f8c
:107220002c00b18f2800b08f0800e0035000bd276c
:107230000200c2a34c00bf8f4800be8f4400b78f2e
:107240004000b68f3c00b58f3800b48f3400b38f48
:107250003000b28f2c00b18f2800b08f0800e003ff
:107260005000bd270000c0a34c00bf8f4800be8f58
:107270004400b78f4000b68f3c00b58f3800b48f04
:107280003400b38f3000b28f2c00b18f2800b08f44
:107290000800e0035000bd27010002240000c2a343
:1072a0004c00bf8f4800be8f4400b78f4000b68fa0
:1072b0003c00b58f3800b48f3400b38f3000b28fec
:1072c0002c00b18f2800b08f0800e0035000bd27cc
:020000040000fa
:020000041d00dd
:1072d000c0ffbd273c00bfaf3800beaf3400b7af22
:1072e0003000b6af2c00b5af2800b4af2400b3af68
:1072f0002000b2af1c00b1af1800b0af0900a22c43
:10730000810040142180800001008290b400401070
:10731000fd00072403001124080013240300122495
:10732000100016242a1065027f0040140800032470
:1073300021b8600201001e24212000022128200221
:107340001000a3af763e400f1400a7af40a0170077
:10735000010004245a3d400fc0a817002310b402b6
:10736000211002023d0044903f0046903e004590af
:1073700041004290010084382530c500800005247a
:107380000b280400ff00c6302530c500010004248e
:107390001000a38f1400a78f8900441021b8170292
:1073a0001400e0a221286700ff00a5302138200248
:1073b000fd30400f21200002212000020d00052495
:1073c000c22b400f213020022318b40221180302df
:1073d00040006390010004247e00645025105e008c
:1073e00027301e00241046000400e0a2ff004630b3
:1073f0000d00052421382002fd30400f212000021d
:107400005a3d400f01000424212000020e000524f3
:10741000c22b400f213020022318b402211803028e
:1074200040006490010003246800835025105e0032
:1074300027f01e0024105e00ff005e3021200002b5
:107440000e0005242130c003fd30400f21382002fa
:107450005a3d400f010004242310b40221100202ff
:1074600042004290010003243a0043102a18760299
:1074700016004054212000022a1076020d00401010
:1074800023b0d30240181300c02013004010160090
:10749000c0b01600232083002340c2022120040232
:1074a000211000002118820006004224fdff48142c
:1074b000420060a0080002245b0042120300022484
:1074c0005300421221f00000212000021500052483
:1074d0002130c003213820023c00bf8f3800be8f0e
:1074e0003400b78f3000b68f2c00b58f2800b48fd2
:1074f0002400b38f2000b28f1c00b18f1800b08f12
:10750000fd30400b4000bd27050007240800112472
:107510002198000008001224080016242a10650291
:1075200083ff4010211800002a10c50202004014f9
:10753000ffffc326ffffa324ff0063302310730067
:1075400001001e2404f05e0021b86000ce1c400b38
:10755000ff00de3313006010080003242310d30261
:1075600040201300c028130040180200c010020081
:107570002328a40023304300212805022110000005
:10758000010004242118a20006004224fdff461435
:10759000420064a023a0b40221a0140242008292ff
:1075a000080003241c00431203000324b0ff431609
:1075b00020001e24010003241c1d400b020003a216
:1075c0000800c634e91c400b1400e2a20f1d400b5a
:1075d000ff005e300400e3a2fc1c400bff004630bd
:1075e0003c00bf8f3800be8f3400b78f3000b68f9d
:1075f0002c00b58f2800b48f2400b38f2000b28fe9
:107600001c00b18f1800b08f0800e0034000bd27b8
:10761000321d400b020000a201000324000003a25f
:107620001c1d400b20001e24000000a2321d400b38
:0476300021f0000045
:020000040000fa
:020000041d00dd
:10763400e0ffbd271c00bfaf1800b0af5a00022402
:107644002e00a21021808000d808828c020003241e
:1076540054004310030043281a0060140300032459
:107664004800431004000324380043145a00022441
:107674006900a2100300029298004010ed828293e8
:10768400090040508e0800a2ef8282930600405009
:107694008e0800a2ec828427009d053c3730400f01
:1076a400d45aa5248e0800a2ad0800a20100022429
:1076b400d80802ae1c00bf8f1800b08f0800e0038a
:1076c4002000bd270100032420004314ceffa5247d
:1076d400ff00a5302800a32c050060102110000035
:1076e400019d023ca80542242128a2000000a2809a
:1076f400ae0802a2ad1d400b02000224d808828c01
:1077040004004328d2ff6050020003240300829047
:10771400d80880ac8e0880a080004010ad0880a0fe
:10772400ed828293e3ff4010ef828293e2ff4050a8
:107734001c00bf8fec828427009d053c3730400f2e
:10774400105aa524af1d400b1c00bf8f03000292ea
:1077540021004010ed82829303004010ef82829357
:1077640018004014ec828427d80800ae8e0800a2ca
:10777400ad0800a21c00bf8f1800b08f0800e00302
:107784002000bd27d0ffa524ff00a5300a00a22cad
:10779400202c057c0a280200bb0805a2ad1d400b65
:1077a40004000224d0ffa524ff00a5300a00a22c67
:1077b400202c057c0a280200ba0805a2ad1d400b46
:1077c40003000224009d053c3730400f705aa52465
:1077d400dc1d400bd80800ae009d053c3059a524a3
:1077e4009a3d400f2120000221200002009d053c0b
:1077f4009a3d400f5c5aa52421200002009d053cbf
:10780400c03a400fa457a5247e42400fec8284273f
:10781400dc1d400bd80800ae0500032417004010ff
:10782400d80803aeed82829305004050ae0803826f
:10783400ef82829348004054009d053cae080382c9
:10784400ba08059221200002401003002110020210
:10785400eb0045a0bb080792ff00a6300100652499
:10786400ec0047a0773c400fff00a530d80800aedd
:107874008e0800a2de1d400bad0800a2009d053c51
:107884003c59a5249a3d400f2120000221200002ea
:10789400009d053c9a3d400ff45aa524ae0804828d
:1078a4000a0006241000a527d337400f01008424c2
:1078b400212000029a3d400f21284000212000028f
:1078c400009d053cc03a400fa457a5247e42400fba
:1078d400ec828427111e400bae080382009d053cf8
:1078e4003059a5249a3d400f212000022120000296
:1078f400009d053c9a3d400fc05aa524212000025a
:10790400009d053cc03a400fa457a5247e42400f79
:10791400ec828427ab1d400b8e0800a2009d053c21
:107924009a3d400f3059a52421200002009d053cba
:107934009a3d400f005aa52421200002009d053cd9
:10794400c03a400fa457a5247e42400fec828427fe
:10795400af1d400b1c00bf8f085ba524ad2f400f4b
:10796400ec8284275a3d400f01000424ae080482af
:107974001000a5270a000624d337400f01008424f1
:10798400212840003730400fec828427111e400b21
:04799400ae080382b4
:020000040000fa
:020000041d00dd
:10799800c8ffbd273400bfaf3000beaf2c00b7af63
:1079a8002800b6af2400b5af2000b4af1c00b3afb9
:1079b8001800b2af1400b1af1000b0af0900a22c8c
:1079c800610040142180800001008290a4004010d2
:1079d800fd001e24030011240800122403001624ad
:1079e80010000324080017242a1045025f004014e1
:1079f80001001524212000022128200240981200ad
:107a0800763e400fc0a012002310930221100202fc
:107a18003f0046903e004490219012021400439289
:107a28002530c400010004246b006410ff00c63038
:107a3800410040a02128fe0221200002ff00a530bd
:107a4800fd30400f213820020400429251004014ba
:107a58002310930221100202400040a021200002be
:107a68000d000524c22b400f213020022318930259
:107a7800211803024000639001000424530064505d
:107a8800251055002730150024104600ff00463009
:107a9800040040a20d00052421382002fd30400fcb
:107aa800212000025a3d400f010004242120000239
:107ab8000e000524c22b400f213020022398930288
:107ac8002198130240006492010003245c00835053
:107ad8002510550027a8150024105500ff00463032
:107ae800212000020e000524fd30400f213820021d
:107af8005a3d400f01000424080002244e00c2121f
:107b0800030002243700c2122130000021200002a5
:107b180015000524213820023400bf8f3000be8fa5
:107b28002c00b78f2800b68f2400b58f2000b48fa3
:107b38001c00b38f1800b28f1400b18f1000b08fe3
:107b4800fd30400b3800bd2705001e240800112415
:107b580021900000080016240800032421b8000022
:107b68002a104502a3ff4010010015242a106500c1
:107b780035004010ffffa524ffff7724ff00f732f0
:107b88002390f20204a85502ff00b5327f1e400b75
:107b98002190e0022110020201000324400043a0ca
:107ba800212000020d000524c22b400f21302002a5
:107bb8002318930221180302400063900100042453
:107bc800b1ff64542730150025105500ff004630da
:107bd800a71e400b040043a2410043a08f1e400b88
:107be8000800c634020006920100c63820000224ac
:107bf800211800000a1846002130600021200002e8
:107c080015000524213820023400bf8f3000be8fb4
:107c18002c00b78f2800b68f2400b58f2000b48fb2
:107c28001c00b38f1800b28f1400b18f1000b08ff2
:107c3800fd30400b3800bd27fc1e400b00000692ab
:107c4800ba1e400bff004630ff00b7302390f20207
:107c580004a85502ff00b5327f1e400b2190e002b8
:107c68003400bf8f3000be8f2c00b78f2800b68f2e
:107c78002400b58f2000b48f1c00b38f1800b28f7a
:107c88001400b18f1000b08f0800e0033800bd2742
:020000040000fa
:020000041d00dd
:107c9800d0ffbd272c00bfaf2800b5af2400b4af7c
:107ca8002000b3af1c00b2af1800b1af1400b0afe2
:107cb800218080009638400f2190a0004401028e58
:107cc800c018020040210200232883002328a200b4
:107cd80021280502cb03a6902d00c050232883003d
:107ce800cd03a6902a00c05423288300010006244f
:107cf800cc03a6a00400152401001324009d143c05
:107d0800605e9426009d113c447d31262328830023
:107d18002328a20021280502cd03a6901500c52c12
:107d28004900a0102138400080280600212825029b
:107d38000000a58c0800a00000000000cc7e009d7b
:107d4800b87e009dd07d009dd07d009dd07d009d9a
:107d5800d07d009dd07d009dd07d009dd07d009d73
:107d6800d07d009dd07d009dd07d009dd07d009d63
:107d7800d07d009dd07d009dd07d009dd07d009d53
:107d8800d07d009dd07d009dd07d009dd87e009d3a
:107d98002328a20021280502cc03a590d6ffa01411
:107da800040015242c00bf8f2800b58f2400b48f41
:107db8002000b38f1c00b28f1800b18f1400b08f51
:107dc8000800e0033000bd27231883002310620059
:107dd8002110020221304600b703c590212000027d
:107de800273b400f000000004401028e21200000c4
:107df800c0180200402902002318a30023106200c3
:107e080021100202cd03439001006324b53f400fc7
:107e1800cd0343a0ffffb526e3ffa0122c00bf8fc0
:107e28004401028ec018020040210200232883006a
:107e38002328a20021280502cd03a6901500c52cf1
:107e4800b9ffa01421384000a403028e0500535046
:107e5800ac838427a803028e06004014c0100700d4
:107e6800ac8384277040400f212880024401078e8c
:107e7800c01007004019070023106200233847008c
:107e8800b803e724213807021500e0a01600e0a097
:107e98001300e0a01400e0a04401028e0100422477
:107ea800320043280a100300871f400b440102ae2a
:107eb800231883002310620021100202791f400b4f
:107ec800b8034590212000027a1f400b4100052489
:107ed8003f00453221200002273b400fc000a53457
:107ee800b53f400f212000004401028ec018020057
:107ef800402102002318830023106200b8034224a3
:107f080021100202150040a0160040a0130040a056
:107f1800140040a04401028e01004224320043288c
:107f28000a100300440102ae2c00bf8f2800b58f51
:107f38002400b48f2000b38f1c00b28f1800b18fbb
:0c7f48001400b08f0800e0033000bd27db
:020000040000fa
:020000041d00dd
:107f5400e0ffbd271c00bfaf1800b1af1400b0afe5
:107f64009400a0102188a000a942400f2180800025
:107f7400f8ff2226fcff288efeff042424180401a7
:107f8400213843000400e48c0408047c00a0063c6f
:107f94003818c6240800c58c1900e51401000831fe
:107fa4000800001521188300f8ff248e23104400d4
:107fb400211864000c00448c0800458c0c00a4ac0f
:107fc400080085ac01006434040044ac0800c2ac71
:107fd40000a0023ca01c448c2b1864000400601414
:107fe4002120000200a0023cf22f400fa41c458c6b
:107ff400ab42400f212000026f20400b1c00bf8fba
:108004000400e4ac0c00001521280000f8ff288ec1
:1080140023104800211868000800488c00a0093c7f
:108024004018292504000951010005240c00498c3d
:108034000c0009ad080028ad2140e4000400088dbf
:108044000100083112000055010064342118640055
:108054000b00a0140800e48c00a0083c401808257c
:10806400080088540c00e78c1400c2ac1000c2aca9
:108074000c0044ac080044ac2420400b010005244f
:108084000c00e78c0c0087ac0800e4ac01006434fd
:10809400040044ac21204300d5ffa014000083acad
:1080a4000002642c10008010422a0300c21803004e
:1080b4008320030001000524042085000400c58cee
:1080c400252085000400c4acc01803002130c3007f
:1080d4000800c38c0c0046ac080043ac0800c2acda
:1080e400fd1f400b0c0062ac0500a42c04008010a2
:1080f4001500a42c822903005320400b3800a5242a
:10810400030080105500a42c5320400b5b00a524d1
:10811400040080105501a42c022b03005320400bb3
:108124006e00a524040080105505a42cc22b030066
:108134005320400b7700a524030080107e00052403
:10814400822c03007c00a524c02005002120c4004b
:108154000800878c0300e450832805006320400b4b
:108164002128e000010003240428a3000400c38c98
:108174002528a3000400c5ac6920400b2128e00099
:108184000700a4500c00a78c0400a68c0408067ced
:108194002b306600faffc0540800a58c0c00a78c95
:1081a4000c0047ac080045ac0800e2acfd1f400bd6
:1081b4000c00a2ac1c00bf8f1800b18f1400b08f4c
:0881c4000800e0032000bd27c4
:020000040000fa
:020000041d00dd
:1081cc000000043c000084240000023c0300422414
:1081dc00231044000700422c0a0040140000023c0b
:1081ec00000042240700401000000000e8ffbd27fb
:1081fc001400bfaf09f84000000000001400bf8f4e
:10820c001800bd270800e003000000000000043c3b
:10821c00000084240000053c0000a5242328a400b1
:10822c0083280500c21705002128450043280500b6
:10823c000a00a0100000023c00004224070040107d
:10824c0000000000e8ffbd271400bfaf09f8400094
:10825c00000000001400bf8f1800bd270800e003c9
:10826c000000000000a0023c681c43903800601421
:10827c00009d033cd8ffbd272400bfaf2000b3af47
:10828c001c00b2af1800b1af1400b0af2188400091
:10829c0098126324009d123c9c1252262390430298
:1082ac0083901200ffff52262198600000a0103c22
:1082bc006c1c038e2b10720009004010010063240b
:1082cc006c1c03ae80180300211863020000628c42
:1082dc0009f8400000000000b020400b6c1c038e1d
:1082ec007320400f000000000000023c00004224fc
:1082fc00080040100000023c00004424060080509e
:10830c000000023c0000428002004228060040109f
:10831c00000000000000023c000042240400401059
:10832c000000043c000084240000000c000000004d
:10833c0001000224681c22a22400bf8f2000b38fee
:10834c001c00b28f1800b18f1400b08f2800bd270d
:10835c000800e00300000000e8ffbd270000023c1d
:10836c0000004224100040101400bfaf0000023c7b
:10837c00000044240d0080500000023c00004280ac
:10838c00020042280800401400a0053c701ca524e3
:10839c002130000001a0073c0000000c0082e72403
:1083ac00f920400b0000043c0000023c0000422479
:1083bc00080040100000043c0000842400a0053c90
:1083cc00701ca5242130000001a0073c0000000c0b
:1083dc000082e7240000043c0000828c0600401060
:1083ec000000023c0000422403004010000000008a
:1083fc0009f84000000084248620400f0000000093
:0c840c001400bf8f0800e0031800bd271b
:020000040000fa
:020000041d00dd
:10841800e8ffbd271400bfaf1000b0af7e000224f4
:108428002400a21021808000d0ffa5240a00a22cdd
:108438001200405003008290ff00a5300700a22cd4
:108448003f004014000000000300829067004010c5
:10845800ed82829303004010ef8282936a004054b9
:10846800009d053c8e0800a2ad0800a21400bf8f35
:108478001000b08f0800e0031800bd27510040101d
:10848800ed828293f7ff4010ef828293f6ff40500f
:108498008e0800a2ec828427009d053c3730400fef
:1084a800b05ba5245a3d400f010004241c21400b59
:1084b8008e0800a2009d053c3c59a5249a3d400f1a
:1084c8000000000021200002009d053c9a3d400f5d
:1084d800245ba524b003028e0600432c40006010e4
:1084e80080100200019d033cfc0863242110430016
:1084f8000000458c9a3d400f2120000221200002f7
:10850800009d053c345ba5249a3d400f0000000007
:1085180021200002009d053cc03a400fa457a52425
:108528007e42400fec8284278e0800a2ad0800a28c
:108538001400bf8f1000b08f0800e0031800bd279b
:108548001a3c400f0000000003000292390040105e
:10855800ed828293c3ff4010ef828293c2ff4050a6
:108568008e0800a2ec828427009d053cad2f400fa9
:10857800385ba5245a3d400f01000424b003028e45
:108588000600432c2f00601080100200019d033c60
:10859800fc086324211043000000458cad2f400fd8
:1085a800ec8284275a3d400f01000424ec82842782
:1085b800009d053c3730400f345ba5241c21400b3f
:1085c8008e0800a2009d053c9a3d400f3059a52415
:1085d80021200002009d053c4421400b985ba52406
:1085e800009d053c3f21400b8857a524009d053c74
:1085f8009a3d400f3059a52421200002009d053cda
:108608004421400b545ba524705ba524ad2f400f7b
:10861800ec8284275a3d400f01000424ec82842711
:10862800009d053c3730400f885ba5241c21400b7a
:108638008e0800a2009d053c3c59a5243121400b21
:1086480021200002009d053c6921400b8857a52484
:020000040000fa
:020000041d00dd
:1086580000e85d4100701b4002601a4060ffbd27c2
:108668009c00bbaf00601b409800baaf00681a407e
:108678009400bbaf82d21a00847a5b7f44201b7cb3
:1086880000609b402400a3af2000a2af9800a38ff6
:108698000f0063301a006014000000008400bfafb0
:1086a8008000beaf7c00b9af7800b8af7400b7af38
:1086b8007000b6af6c00b5af6800b4af6400b3af7c
:1086c8006000b2af5c00b1af5800b0af5400afafbc
:1086d8005000aeaf4c00adaf4800acaf4400abaffc
:1086e8004000aaaf3c00a9af3800a8af3400a7af3c
:1086f8003000a6af2c00a5af2800a4af1c00a1af86
:10870800121000008c00a2af101800008800a3af60
:10871800004802401000a2aff888978f21a04000bf
:10872800bc80962723b8570088bf153c03001e2439
:10873800bc80922721800000ffff1124c098100000
:108748002198d3020400438e01001026090060100e
:10875800080052260000658ef888828f2310a20038
:108768002b28e2024000a010000000002b18510046
:108778000b884300f2ff1e56c0981000f888828fbd
:108788002110220200588240010002243410a2aeb7
:1087980000481440f888978f23b897022b88f10275
:1087a800e4ff2052bc8092271000a28ff88882af85
:1087b8008c00a28f130040008800a38f1100600076
:1087c8009800a28f0f0042301c00401400000000e7
:1087d8008400bf8f8000be8f7c00b98f7800b88f6f
:1087e8007400b78f7000b68f6c00b58f6800b48fb7
:1087f8006400b38f6000b28f5c00b18f5800b08ff7
:108808005400af8f5000ae8f4c00ad8f4800ac8f36
:108818004400ab8f4000aa8f3c00a98f3800a88f76
:108828003400a78f3000a68f2c00a58f2800a48fb6
:108838002400a38f2000a28f1c00a18f006060413c
:10884800c00000009c00ba8f9400bb8f00709a4053
:108858009800ba8fa000bd2702609a4000e8dd4169
:1088680000609b401800004209f860002120800247
:10887800000062ae0000638ef888828f23106200c9
:0c8888002b185100df21400b0b8843002f
:020000040000fa
:020000041d00dd
:10889400d0ffbd272c00bfaf2800b6af2400b5af72
:1088a4002000b4af1c00b3af1800b2af1400b1afd6
:1088b4001000b0af21908000010082904f0040145e
:1088c40021b0a000a403838c050002244c00625054
:1088d4008d08429221204002a429400f080005245b
:1088e400480854260300102421208002a740400f8a
:1088f40021280000c408438eff004230ffff1026e9
:10890400001a030025184300f7ff0016c40843aefd
:108914002188400218001524030013262120800218
:10892400a740400f2128000021185002250062a012
:108934004801238eff00423001001026001a030074
:1089440025184300f5ff7016480123ae218060020c
:10895400f1ff75160400312621204002ba2c400f85
:108964000800052421104002080004248000083c6b
:108974006322400b00ff073c480146acffff842400
:108984000a008010040042244801438c2428680013
:1089940025306700f8ffa01400b8637c480143ac9d
:1089a400ffff8424f8ff8014040042240100429253
:1089b4001f0040548d084292a403438e05000224f4
:1089c4001b0062108d0842920100032401004350f1
:1089d4008d0840a22c00bf8f2800b68f2400b58fcd
:1089e4002000b48f1c00b38f1800b28f1400b18f15
:1089f4001000b08f0800e0033000bd278d084292bc
:108a0400b5ff401421204002b3ffc01221104002e0
:108a1400080003244801448cffff6324040042241b
:108a2400fcff6014040244ac3722400b21204002b6
:108a3400e6ff401401000324e7ffc0122c00bf8f9f
:108a440021104002080003240802458c4801448c8c
:108a5400ffff6324040042242120a400c22f040049
:108a64002120a40043200400f7ff6014c40244ac96
:108a7400211040022000072421204302c802848cd4
:108a8400040063240300422403340400032a040082
:108a9400080146a0090145a0f7ff67140a0144a094
:108aa4002c00bf8f2800b68f2400b58f2000b48f10
:108ab4001c00b38f1800b28f1400b18f1000b08f58
:088ac4000800e0033000bd27ab
:020000040000fa
:020000041d00dd
:108acc00d0ffbd272c00bfaf2800b6af2400b5af38
:108adc002000b4af1c00b3af1800b2af1400b1af9c
:108aec001000b0af21908000010082900400401073
:108afc0021b0a0008d0882906e0040100000000094
:108b0c0021204002a429400f0300052448085426c4
:108b1c000300102421208002a740400f21280000d0
:108b2c00c808438eff004230ffff1026001a0300d6
:108b3c0025184300f7ff0016c80843ae21884002f1
:108b4c00180015240300132621208002a740400f93
:108b5c0021280000211850029d0062a0a801238e3c
:108b6c00ff00423001001026001a030025184300b4
:108b7c00f5ff7016a80123ae21806002f1ff751677
:108b8c000400312621204002ba2c400f030005249a
:108b9c0021104002080004248000083cf022400b05
:108bac0000ff073ca80146acffff84240a0080109c
:108bbc0004004224a801438c242868002530670057
:108bcc00f8ffa01400b8637ca80143acffff842419
:108bdc00f8ff801404004224010042922700401048
:108bec008d08439226006014010002241a00c01262
:108bfc002c00bf8f21104002080003246802458c12
:108c0c00a801448cffff6324040042242120a4000b
:108c1c00c22f04002120a40043200400f7ff60149d
:108c2c00240344ac211040022000072421204302dd
:108c3c002803848c040063240300422403340400be
:108c4c00032a0400200146a0210145a0f7ff671468
:108c5c00220144a02c00bf8f2800b68f2400b58fb2
:108c6c002000b48f1c00b38f1800b28f1400b18f8a
:108c7c001000b08f0800e0033000bd270100022473
:108c8c00f5ff62142c00bf8f8d0840a22c00bf8f03
:108c9c002800b68f2400b58f2000b48f1c00b38f32
:108cac001800b28f1400b18f1000b08f0800e003d1
:108cbc003000bd2793ffa0502120400221108000de
:108ccc0008000324a801448cffff63240400422401
:108cdc00fcff6014640244acc422400b212040020f
:020000040000fa
:020000041d00dd
:108cec00e8ffbd271400bfaf1000b0af218080009b
:108cfc005a3d400f32000424040004241f28400f66
:108d0c000100052421280000a732400f0400042490
:108d1c00b53f400f0400042401000524a732400f86
:108d2c0004000424b53f400f140004242128000043
:108d3c001f28400f090004245a3d400f280004242a
:108d4c00212000028f37400f080005245a3d400fa8
:108d5c000a000424b003068e080007240100052431
:108d6c004f00c630b000c634fd30400f2120000249
:108d7c005a3d400f28000424212000028f37400f59
:108d8c00030005245a3d400f0a0004241b36400ff3
:108d9c0021200002010002a2b003068e4300401401
:108dac0021200002010005246f00c6309000c6345b
:108dbc00fd30400f080007240100022408000324a2
:108dcc00880303aeb50000a260000324b60003a222
:108ddc00b70000a2b80002a2b90002a2ba0000a219
:108dec0008000a2421500a02214800022138000000
:108dfc000600082401000424211000022130000088
:108e0c008623400b21180000b5004690212847000e
:108e1c00010063243d00a6a0fbff6814010042245e
:108e2c00040024a1140024a101002925f2ff2a1515
:108e3c000600e724020000a2000000a2ac1b400fb9
:108e4c00212000022120000203000524ec0006244e
:108e5c00fd30400f050007245a3d400f010004244b
:108e6c008803028e0900401840100200eb004324d6
:108e7c00eb00022621180302000040a0010040a0d4
:108e8c0002004224fdff4354000040a0240000a235
:108e9c00010002248d0802a2030000a21400bf8f5f
:108eac001000b08f0800e0031800bd276f00c6301b
:108ebc00010005249000c63403000724100002248e
:108ecc00fd30400f880302ae5a3d400f28000424a9
:108edc0088030a8e01000224b50000a2600003245e
:108eec00b60003a2b70000a2b80002a2b90002a209
:108efc00bcff401dba0000a29123400b020000a24f
:020000040000fa
:020000041d00dd
:108f0c00e8ffbd271400bfaf1000b0afad008290da
:108f1c002300401421808000ac0002922d004014ec
:108f2c0000000000af0002923c0040140000000062
:108f3c0002000292040040141400bf8f1000b08f86
:108f4c000800e0031800bd278a42400f0000000013
:108f5c00b400038e140063242b106200f7ff401042
:108f6c001400bf8f3638400f2120000205000292fa
:108f7c00ffff4224ff0042301f00422c3d004014f2
:108f8c00050002268a42400f00000000b40002ae29
:108f9c001400bf8f1000b08f0800e0031800bd272d
:108fac008a42400f00000000b800038ef4016324d5
:108fbc002b106200d9ff4050ac0002921200042426
:108fcc00a732400f01000524ad0000a201000224cd
:108fdc00ac0002a28a42400f00000000b800038ed1
:108fec00b80b63242b106200cfff4050af000292ed
:108ffc000d0004241f28400f010005240d0004243b
:10900c00a732400f010005248a42400fac0000a299
:10901c00b80002ae01000224af0002a28a42400f47
:10902c0000000000b800038ea00f63242b10620018
:10903c00c0ff405002000292af0000a2723b400ff2
:10904c0021200002bbff405402000292b000028ead
:10905c00010042240a004328b5ff6010b00002aea4
:10906c00010002248a42400faf0002a2cf23400b22
:10907c00b80002ae03004b8807004a880b004988f1
:10908c000f00488804004a98130047881700468848
:10909c001b0045881f00448800004b9825000326c0
:1090ac00080049980c0048981000479814004698fe
:1090bc00180045981c00449803006ba800006bb87e
:1090cc0007006aa804006ab80b0069a8080069b810
:1090dc000f0068a80c0068b8130067a8100067b8e8
:1090ec00170066a8140066b81b0065a8180065b8c0
:1090fc001f0064a8211000001c0064b82000042488
:10910c002118020201004224fdff4414050060a056
:08911c00e423400b00000000f9
:020000040000fa
:020000041d00dd
:10912400c8ffbd273400bfaf3000b7af2c00b6afc7
:109134002800b5af2400b4af2000b3af1c00b2af19
:109144001800b1af1400b0af2198a0000900a22c00
:109154006800401421808000010082905a00401071
:10916400fd00162408001224030011241000172403
:109174000800142421200002763e400f21282002fa
:109184005a3d400f010004242a1053020c004010e1
:10919400fe0015242a10f3025c004014fffff4269d
:1091a400ffff7326ff0074322390920201001524fe
:1091b40004a8550227a81500ff00b53221908002ab
:1091c40021989602ff007332212860022130200288
:1091d400c22b400f2120000221b040005a3d400f15
:1091e40001000424f700c63221382002212860023d
:1091f4008000c634fd30400f212000025a3d400f4c
:1092040001000424212000020d000524c22b400f7c
:1092140021302002219840005a3d400f01000424cf
:1092240021200002213820020d000524fd30400fca
:109234002430b3025a3d400f0100042421200002cf
:109244000e000524c22b400f21302002219840003b
:109254005a3d400f01000424212000020e00052481
:109264002430b302fd30400f213820025a3d400f14
:1092740001000424740042264090120040100200b1
:10928400219012022110020201008526ec0040a266
:1092940021200002030040a0ff00a5303400bf8f4e
:1092a4003000b78f2c00b68f2800b58f2400b48f00
:1092b4002000b38f1c00b28f1800b18f1400b08f40
:1092c400ba27400b3800bd273400bf8f3000b78f5a
:1092d4002c00b68f2800b58f2400b48f2000b38fe4
:1092e4001c00b28f1800b18f1400b08f0800e00387
:1092f4003800bd2705001624219000000800112421
:10930400080017245e24400b21a000006b24400bae
:04931400ff00943290
:020000040000fa
:020000041d00dd
:10931800e0ffbd271c00bfaf1800b1af1400b0af0d
:10932800ed82829321808000040040102188a000f3
:10933800ef8282935a00401400000000a403038eb9
:1093480005000224230062503b0102923d0802926c
:109358000400401421200002450802920300401036
:10936800000000004429400f212820020c0020168c
:1093780001000224920300a6940300a6960300a607
:109388003b010292010042243b0102a21c00bf8f54
:109398001800b18f1400b08f0800e0032000bd272b
:1093a8003b002216060002248c0300a68e0300a6aa
:1093b800900300a63b010292010042243b0102a255
:1093c8001c00bf8f1800b18f1400b08f0800e00395
:1093d8002000bd2701004230290040102120000252
:1093e8004001028ec0280200403102002318c50047
:1093f8002318620021180302cc0363902000601434
:1094080006000a2601000b242318c5002318620051
:1094180021180302ce036590010042243200492836
:109428000100a824213865000300a0140a100900cf
:109438003c010592b80365a0ce0368a0ff00053182
:109448000b018690010084241200a52c0600a014ac
:10945800b903e6a0cb036ba03c010392400102ae26
:10946800030062243c0102a205008a502120000268
:109478004001028ec02802000425400b4031020042
:10948800261f400f21282002dd24400b0000000089
:10949800c6ff22528c0300a6e324400b3b01029234
:1094a800022a400f2130000001000292afff401055
:1094b8002120000221282002022a400f0100062450
:0894c800dd24400b0000000050
:020000040000fa
:020000041d00dd
:1094d000d0ffbd272c00bfaf2800b4af2400b3af2e
:1094e0002000b2af1c00b1af1800b0af5088828f1f
:1094f00009004014000000002c00bf8f2800b48f2a
:109500002400b38f2000b28f1c00b18f1800b08fe1
:109510000800e0033000bd278a42400f0000000031
:109520004c88848f4888838f2b2883004700a014a1
:109530002b18430004006014648890272b204400fb
:10954000edff801464889027ffff1324218800001a
:10955000feff143408001224f0ff038e2e0060502a
:1095600001003126000004962b00805001003126b6
:1095700002000496010085302700a0540100312626
:10958000f8ff058e4888868f2b38a6003300e01040
:109590002b3845001d00e0542328a2002b30460044
:1095a0001a00c0502328a200f4ff068e233845007d
:1095b0002b38e6002d00e0142128c500f8ff02ae8c
:1095c000fcff058e01008434020004a62120200245
:1095d00009f860001000a2af000003960200059693
:1095e000ffff6324ffff63300400057c2b20740021
:1095f000020005a6030080101000a28f1d0060105d
:10960000000003a6f8ff058e2328a2002b18b30044
:109610000b98a30001003126cfff3216140010264c
:1096200021986202488882af4c8893af2c00bf8f8c
:109630002800b48f2400b38f2000b28f1c00b18f9c
:109640001800b08f0800e0033000bd27bcff605455
:109650002b2044003f25400b2c00bf8fd3ffe05050
:10966000f4ff068e6825400b2b3046007025400b1a
:10967000f8ff05aef8ff00ae5088838fffff63242c
:089680008525400b508883afe3
:020000040000fa
:020000041d00dd
:10968800d0ffbd272c00bfaf2800b4af2400b3af74
:109698002000b2af1c00b1af1800b0af2198c000d5
:1096a80021a0e00021300000213800002180800046
:1096b8002188a000b638400f4000b28f3e00401409
:1096c8004400a493e439400fd0ff84241000a2afd3
:1096d8001400a3af019d063c4400c78c4000c68c13
:1096e80021204000662f400f212860001e004018ee
:1096f8004800a38f2e000224c925400b3000052402
:10970800ff0063303a00642c0e008054000043a22e
:1097180036009212000045a2ffff52260000439235
:10972800f7ff621401006324ffff439201006324e2
:10973800ff0063303a00642cf5ff8010ffff5226cb
:10974800000043a2211080022c00bf8f2800b48f94
:109758002400b38f2000b28f1c00b18f1800b08f87
:109768000800e0033000bd2700006290f5ff4010bc
:109778002e000424000043920900641030000224e3
:10978800f1ff625421108002080054124800a38f90
:10979800ffff522600004392f9ff64140000000006
:1097a800ffff4392e225400bffff5226000060a016
:1097b800e725400bffff5226019d023c3800468cee
:1097c8003c00478c212000026b19400f2128200201
:1097d8002120400021286000e132400f1000a62718
:1097e8001000a28fb725400b1400a38f0e00601243
:1097f80031000224000082a20000628e010042248f
:10980800000062ae211080022c00bf8f2800b48fa8
:109818002400b38f2000b28f1c00b18f1800b08fc6
:109828000800e0033000bd27ffff82a2d325400bcc
:04983800ffff942674
:020000040000fa
:020000041d00dd
:10983c001800a22c680040100000000080280500d1
:10984c00019d023c64984224212845000000a28c12
:10985c000800400000000000cc99009dc099009dbc
:10986c00b499009da899009d9c99009d9099009d8c
:10987c008499009d7899009d6c99009d6099009d3c
:10988c005499009d4899009d3c99009d3099009dec
:10989c002499009d1899009d0c99009d0099009d9c
:1098ac00f498009de898009ddc98009dd098009d50
:1098bc00c498009dd899009d009d053c9a3d400b95
:1098cc001859a524009d053c9a3d400b1059a52420
:1098dc00009d053c9a3d400b0859a524009d053c74
:1098ec009a3d400bf858a524009d053c9a3d400b31
:1098fc00e858a524009d053c9a3d400bdc58a52456
:10990c00009d053c9a3d400bcc58a524009d053c80
:10991c009a3d400bbc58a524009d053c9a3d400b3c
:10992c00ac58a524009d053c9a3d400b9c58a524a1
:10993c00009d053c9a3d400b9058a524009d053c8c
:10994c009a3d400b8458a524009d053c9a3d400b44
:10995c007858a524009d053c9a3d400b6c58a524d5
:10996c00009d053c9a3d400b6058a524009d053c8c
:10997c009a3d400b5458a524009d053c9a3d400b44
:10998c004858a524009d053c9a3d400b3c58a52405
:10999c00009d053c9a3d400b3458a524009d053c88
:1099ac009a3d400b2858a524009d053c9a3d400b40
:1099bc001c58a524009d053c9a3d400b1058a5242d
:1099cc00009d053c9a3d400b0458a524009d053c88
:1099dc009a3d400b2059a5240800e003000000002c
:020000040000fa
:020000041d00dd
:1099ec00c0ffbd273c00bfaf3800b7af3400b6afe7
:1099fc003000b5af2c00b4af2800b3af2400b2af29
:109a0c002000b1af1c00b0af21a0e0002188800085
:109a1c0021b8a0002128e00021b0c000a429400feb
:109a2c00480892242000e52621204002a740400f40
:109a3c00ff00a53021204002a740400f2128c00282
:109a4c00218000002198370221204002a740400fbe
:109a5c002128000021307002010010262a18d002a3
:109a6c00f9ff60109308c2a021202002ba2c400fed
:109a7c0021288002240022923a00401021903702c3
:109a8c009308522621a80000009d133cc45973264c
:109a9c00ffff14242180f502ff0010322120200248
:109aac000f26400f21280002212020023339400fbd
:109abc0021280002212020029a3d400f212860021b
:109acc0021202002000045923339400f060010245b
:109adc00212020029a3d400f212860020000449270
:109aec000a0006241000a527d337400fc22104001a
:109afc00212020029a3d400f2128400021202002e5
:109b0c009a3d400f21286002000044920a0006246e
:109b1c001000a52707200402d337400f0100843022
:109b2c0021202002212840009a3d400fffff1026e3
:109b3c00f3ff1416212020022e3d400f212020027d
:109b4c008c082292040040540100b5265a3d400f67
:109b5c001e0004240100b5262a10d502cdff4010aa
:109b6c00010052263c00bf8f3800b78f3400b68fef
:109b7c003000b58f2c00b48f2800b38f2400b28f27
:109b8c002000b18f1c00b08f0800e0034000bd27ff
:020000040000fa
:020000041d00dd
:109b9c00d0ffbd272c00bfaf2800b6af2400b5af57
:109bac002000b4af1c00b3af1800b2af1400b1afbb
:109bbc001000b0af2180800007001124009d153cdf
:109bcc004c5cb526009d143c505c94261000162469
:109bdc00ff00323221200002703a400f212840024f
:109bec0021984000212000029a3d400f2128a0021c
:109bfc00212000023339400f21284002212000028d
:109c0c009a3d400f21288002212000023339400f59
:109c1c00212860022e3d400f212000020100312638
:109c2c005a3d400f14000424eaff3616ff0032326e
:109c3c002e3d400f212000021f0011243400162459
:109c4c00ff00323221200002703a400f21284002de
:109c5c0021984000212000029a3d400f2128a002ab
:109c6c00212000023339400f21284002212000021c
:109c7c009a3d400f21288002212000023339400fe9
:109c8c00212860022e3d400f2120000201003126c8
:109c9c005a3d400f14000424eaff3616ff003232fe
:109cac002e3d400f21200002380011243e001624c6
:109cbc00ff00323221200002703a400f212840026e
:109ccc0021984000212000029a3d400f2128a0023b
:109cdc00212000023339400f2128400221200002ac
:109cec009a3d400f21288002212000023339400f79
:109cfc00212860022e3d400f212000020100312658
:109d0c005a3d400f14000424eaff3616ff0032328d
:109d1c002c00bf8f2800b68f2400b58f2000b48f85
:109d2c001c00b38f1800b28f1400b18f1000b08fcd
:089d3c000800e0033000bd2720
:020000040000fa
:020000041d00dd
:109d4400c0ffbd273c00bfaf3800beaf3400b7af83
:109d54003000b6af2c00b5af2800b4af2400b3afc9
:109d64002000b2af1c00b1af1800b0af2198800042
:109d74001000a0af0800152408001424219000004e
:109d840021288002763e400f212060025a3d400f78
:109d940001000424212060020f000524c22b400f7f
:109da4002130800221b040002120600210000524ef
:109db400c22b400f213080022188400074005026bd
:109dc40040801000218070020300102621b800009a
:109dd4008c27400b01001e24ff00963001000292e4
:109de400272003001f005e1024202402ff0091306e
:109df4000f0005242130c00221388002fd30400fbd
:109e0400212060022120600210000524213020025c
:109e140021388002fd30400f010052262a105502dd
:109e24000100f72612004010020010260418fe025a
:109e340000000292ff00633027200300e6ff5e1457
:109e44002420c4020418fe02ff0063302548760073
:109e5400ff0036310100029227200300e3ff5e1465
:109e640024202402258871007d27400bff00313215
:109e74001000a38f01006324020002240a00621070
:109e84001000a3af1000a38f130060100800152466
:109e940001006292040040101000152403001424f1
:109ea4006127400b080012243c00bf8f3800be8f8e
:109eb4003400b78f3000b68f2c00b58f2800b48fd4
:109ec4002400b38f2000b28f1c00b18f1800b08f14
:109ed4000800e0034000bd27080014246127400b5c
:049ee40021900000c9
:020000040000fa
:020000041d00dd
:109ee800d8ffbd272400bfaf2000b4af1c00b3af1c
:109ef8001800b2af1400b1af1000b0af0900a22c27
:109f08003a004014218080000100829051004010e6
:109f18000300112408001224100003242a1045020b
:109f2800380040140100132421282002763e400ff7
:109f3800212000025a3d400f010004242120000284
:109f48000f000524c22b400f2130200221a0400021
:109f58002120000210000524c22b400f21302002ce
:109f6800740043264018030021180302030064907c
:109f7800010003242f00835025a07402273013000a
:109f880024a08602ff00863240901200219012021f
:109f9800ec004492010003242400835025986202b7
:109fa8002798130024985300ff0073320f000524ec
:109fb80021382002fd30400f21200002212000021c
:109fc8001000052421306002213820022400bf8fb0
:109fd8002000b48f1c00b38f1800b28f1400b18f0b
:109fe8001000b08ffd30400b2800bd270800112459
:109ff80021900000080003242a104502caff4010df
:10a00800010013242a1065000c004010ffffa5244e
:10a01800ffff6324ff00633023907200049853020b
:10a02800ff007332cc27400b21906000ed27400bd6
:10a03800ff007332e427400bff008632ff00a53093
:10a048002390b20004985302ff007332cc27400bd0
:10a058002190a0002400bf8f2000b48f1c00b38f74
:10a068001800b28f1400b18f1000b08f0800e00301
:04a078002800bd27d8
:020000040000fa
:020000041d00dd
:10a07c001300822c3e004010019d023ca809422492
:10a08c002110440000004290390040108010020062
:10a09c00e0ffbd271c00bfaf1800b1af1400b0af7c
:10a0ac00019d033ce006632421104300019d033c09
:10a0bc0094096324211864000000508c0000629005
:10a0cc0040200400019d033c4806632421186400d1
:10a0dc0000007194ff00032406004310f0ff1026cb
:10a0ec008010020081bf033c00fb6324211062003e
:10a0fc00000040ac040011ae020002242900a210a2
:10a10c000300a22c1c0040100600a22c1c00a01462
:10a11c00030002243100a2100000000004000224fd
:10a12c003200a21000000000050002242700a2103b
:10a13c0000000000540011ae640011ae019d023c01
:10a14c002006422421204400000084900f0084301b
:10a15c001800801400000000340011ae180011ae7d
:10a16c001c00bf8f1800b18f1400b08f2000bd27ca
:10a17c000800e00300000000e6ff40140300022486
:10a18c00540011ae640011ae140011ae440011aeb7
:10a19c001c00bf8f1800b18f1400b08f0800e003b3
:10a1ac002000bd27140011ae480011ae6828400bea
:10a1bc001c00bf8fea3c400f00000000340011aec1
:10a1cc00180011ae5c28400b1c00bf8f580011ae5c
:10a1dc00680011ae5328400b019d023c580011ae93
:10a1ec00640011ae5328400b019d023c540011ae8b
:0ca1fc00680011ae5328400b019d023c8e
:020000040000fa
:020000041d00dd
:10a20800e8ffbd271400bfaf1000b0afa403828cd5
:10a2180058004510218080000600a22c1100401033
:10a22800a40385ac80280500019d023c48a2422475
:10a23800212845000000a28c080040000000000012
:10a24800dca2009d20a3009d60a2009d54a3009d58
:10a2580088a2009daca2009d01000224603f400f2f
:10a26800a00382ac5a3d400f0a00042421200002ba
:10a278001400bf8f1000b08f853d400b1800bd271c
:10a2880001000224a00382ac5a3d400f0a000424b6
:10a29800212000021400bf8f1000b08f853d400bb5
:10a2a8001800bd27d63f400f000000002120000203
:10a2b800a23b400f802505245a3d400f0a00042484
:10a2c800212000021400bf8f1000b08f853d400b85
:10a2d8001800bd273d3e400fa00380acc140400f91
:10a2e80021200002d63f400f212000022120000239
:10a2f8000100053ca23b400f00c2a5345a3d400f67
:10a308000a000424212000021400bf8f1000b08f1f
:10a31800853d400b1800bd275641400fa80380ac6f
:10a32800212000020100053cba3b400f00c2a534c1
:10a338005a3d400f0a000424212000021400bf8f58
:10a348001000b08f853d400b1800bd270100022486
:10a35800a63a400fa00382ac5a3d400f0a000424dd
:10a36800212000021400bf8f1000b08f853d400be4
:10a378001800bd271400bf8f1000b08f0800e0033d
:04a388001800bd27d5
:020000040000fa
:020000041d00dd
:10a38c00e0ffbd271c00bfaf1800b1af1400b0af89
:10a39c00218080009c0380a08a42400f0100112480
:10a3ac003d08039205006014980302ae4008028e2b
:10a3bc000300113c410d31262b8851002120000255
:10a3cc002522400f2128200201000292190040147e
:10a3dc0003000324a403028e1d0043100400032475
:10a3ec003300431002000324060043100000000059
:10a3fc001c00bf8f1800b18f1400b08f0800e00351
:10a40c002000bd271640400f0b0004248c0302a62d
:10a41c001640400f0c000424ed828393f4ff60146b
:10a42c008e0302a61640400f0d000424ff28400b9b
:10a43c00900302a621200002b322400f2128200203
:10a44c00a403028e03000324e5ff43140400032439
:10a45c00da3a400f0b00042421884000da3a400f0e
:10a46c000c000424ed828393008a11002510220233
:10a47c008c0302a61e00601021880000da3a400fff
:10a48c0011000424ed828393251022028e0302a670
:10a49c001200601021100000900302a61c00bf8f58
:10a4ac001800b18f1400b08f0800e0032000bd2706
:10a4bc0092080292cfff40101c00bf8fac080282a2
:10a4cc00920800a28c0302a61c00bf8f1800b18f4b
:10a4dc001400b08f0800e0032000bd27da3a400fcb
:10a4ec00120004242016027c2a29400b900302a699
:10a4fc00da3a400f0d000424001202002229400b0e
:04a50c00208e027c1f
:020000040000fa
:020000041d00dd
:10a51000e0ffbd271c00bfaf1800b1af1400b0af03
:10a52000218080002188a000273b400f41000524a6
:10a5300021200002273b400f3b0105927b31400f59
:10a54000212000026b37400f212000020700222e3d
:10a55000450040102120000280101100019d033ca5
:10a5600074a56324211062000000428c08004000a2
:10a5700000000000b8a5009d68a6009d68a6009d8b
:10a58000e0a5009d10a6009d38a6009d90a5009d09
:10a590008d39400f000000003f00253221200002cd
:10a5a000c000a5341c00bf8f1800b18f1400b08ffd
:10a5b000273b400b2000bd27bc3c400f00000000a3
:10a5c0003f00253221200002c000a5341c00bf8faf
:10a5d0001800b18f1400b08f273b400b2000bd271f
:10a5e0001a33400f0000000004000224ac0302ae46
:10a5f0003f00253221200002c000a5341c00bf8f7f
:10a600001800b18f1400b08f273b400b2000bd27ee
:10a610001a33400f000000003f00253221200002c5
:10a62000c000a5341c00bf8f1800b18f1400b08f7c
:10a63000273b400b2000bd278d39400f0000000054
:10a6400006000224ac0302ae3f00253221200002a6
:10a65000c000a5341c00bf8f1800b18f1400b08f4c
:10a66000273b400b2000bd27a53c400f0000000009
:10a670003f00253221200002c000a5341c00bf8ffe
:10a680001800b18f1400b08f273b400b2000bd276e
:020000040000fa
:020000041d00dd
:10a69000e8ffbd271400bfaf0900a22c56004010f0
:10a6a0001000b0af80280500019d023cc0a64224e6
:10a6b000212845000000a28c080040000000000096
:10a6c000f8a7009d1ca7009d54a7009d8ca7009d86
:10a6d000f8a7009dc4a7009df8a7009df8a7009dbe
:10a6e000e4a6009d48089024212800003e3f400f2a
:10a6f00021200002212000023d00053cb237400f1e
:10a700000009a52408000424212800001400bf8f9c
:10a710001000b08fa732400b1800bd2748089024c6
:10a72000400005243e3f400f21200002212000026e
:10a730003d00053cb237400f0009a5240100042468
:10a74000212800001400bf8f1000b08fa732400beb
:10a750001800bd2748089024000105243e3f400f03
:10a7600021200002212000023101053cb237400fb8
:10a77000002da52402000424212800001400bf8f0e
:10a780001000b08fa732400b1800bd274808902456
:10a79000212800003e3f400f21200002212000021e
:10a7a0003d00053cb237400f0009a52403000424f6
:10a7b000212800001400bf8f1000b08fa732400b7b
:10a7c0001800bd2748089024212800003e3f400f74
:10a7d00021200002212000023d00053cb237400f3d
:10a7e0000009a52408000424a732400f21280000f6
:10a7f000ec29400b030004241400bf8f1000b08f1d
:08a800000800e0031800bd2769
:020000040000fa
:020000041d00dd
:10a80800e0ffbd271c00bfaf1800b2af1400b1af06
:10a818001000b0af2188a0003f00a5302180800043
:10a82800c000a534ec828427fe40400f2190c00070
:10a838003b010592fe40400fec8284272120000254
:10a84800b436400f212840020700222e4000401055
:10a858002120000280881100019d023c78a8422432
:10a86800218851000000228e0800400000000000ee
:10a87800b8a8009d58a9009d58a9009ddca8009d76
:10a8880008a9009d2ca9009d94a8009d013a400f9d
:10a8980000000000ec8284271c00bf8f1800b28fd4
:10a8a8001400b18f1000b08fdb40400b2000bd2793
:10a8b800ea3b400f00000000ec8284271c00bf8f99
:10a8c8001800b28f1400b18f1000b08fdb40400b1e
:10a8d8002000bd273332400f00000000040002248e
:10a8e800ac0302aeec8284271c00bf8f1800b28f25
:10a8f8001400b18f1000b08fdb40400b2000bd2743
:10a908003332400f00000000ec8284271c00bf8f08
:10a918001800b28f1400b18f1000b08fdb40400bcd
:10a928002000bd27013a400f000000000600022465
:10a93800ac0302aeec8284271c00bf8f1800b28fd4
:10a948001400b18f1000b08fdb40400b2000bd27f2
:10a95800d23b400f00000000ec8284271c00bf8f10
:10a968001800b28f1400b18f1000b08fdb40400b7d
:04a978002000bd27d7
:020000040000fa
:020000041d00dd
:10a97c00c0ffbd273c00bfaf3800b7af3400b6af47
:10a98c003000b5af2c00b4af2800b3af2400b2af89
:10a99c002000b1af1c00b0af219080002188a00036
:10a9ac002180c0002198000008000724ff00152416
:10a9bc00d0ff1624009d173c34003512f45bf726ab
:10a9cc003c0015522120400204003132ff0031328c
:10a9dc000300103225a0360225a01402ff00943289
:10a9ec002120400202000524fd30400f213080025e
:10a9fc005a3d400f01000424a403438e010002249d
:10aa0c0005006250ac838427a803428e0900405491
:10aa1c0001007326ac838427ed3d400f2128e00212
:10aa2c00ac838427212880029d42400f020006241b
:10aa3c0001007326020002240a0062123c00bf8f40
:10aa4c0023006012000000000100429206004050fa
:10aa5c003800b78fdaff351603000724a72a400bfe
:10aa6c00212040023800b78f3400b68f3000b58fec
:10aa7c002c00b48f2800b38f2400b28f2000b18f2c
:10aa8c001c00b08f0800e0034000bd2721204002cd
:10aa9c00020005242130e000c22b400f1000a7afac
:10aaac0004004230ff005130c7ff15161000a78f6d
:10aabc0021204002020005242130e000c22b400f6f
:10aacc001000a7af03005030752a400b1000a78f61
:10aadc00bbff351608000724a72a400b2120400293
:020000040000fa
:020000041d00dd
:10aaec00e0ffbd271c00bfaf1800b2af1400b1af20
:10aafc001000b0af00a0103c2c0b112603002292ca
:10ab0c00050040102c0b04269c032292ff004230bf
:10ab1c0048004014000000009c3e400f00a0123c76
:10ab2c001a0040142c0b0426ae3e400f00a0123c21
:10ab3c0020004014000000001542400f2c0b04268e
:10ab4c00c323400fec8284277b42400fec82842786
:10ab5c002500401400000000f08282930500401490
:10ab6c00ed82829303004010ef82829326004054c2
:10ab7c00880330921c00bf8f1800b28f1400b18f65
:10ab8c001000b08f0800e0032000bd27ee41400ffd
:10ab9c002c0b442621284000580f400f2c0b442628
:10abac002c0b0426ae3e400f00a0123ce2ff4010de
:10abbc0000000000f641400f2c0b442621284000d9
:10abcc00580f400f2c0b44261542400f2c0b04261b
:10abdc00c323400fec8284277b42400fec828427f6
:10abec00deff4050f0828293323c400fec8284278f
:10abfc002128400000a0043ce740400f2c0b84248b
:10ac0c00da2a400bf0828293553a400f2120200221
:10ac1c0021304000ec828427212800021c00bf8fc9
:10ac2c001800b28f1400b18f1000b08ff533400ba9
:10ac3c002000bd27e328400f212020029942400f1d
:0cac4c0021202002c92a400b2c0b0426fa
:020000040000fa
:020000041d00dd
:10ac580000e85d4100701b4002601a4090ffbd276c
:10ac68006c00bbaf00601b406800baaf00681a40b8
:10ac78006400bbaf82d21a00847a5b7f44201b7cbd
:10ac880000609b401800a3af1400a2af6800a38f18
:10ac98000f00633011006014000000005400bfafc3
:10aca8005000b9af4c00b8af4800afaf4400aeafea
:10acb8004000adaf3c00acaf3800abaf3400aaaf3a
:10acc8003000a9af2c00a8af2800a7af2400a6af7a
:10acd8002000a5af1c00a4af1000a1af1210000007
:10ace8005c00a2af101800005800a3afce40400f80
:10acf8001700042488bf023c2060428c01004230c7
:10ad0800040040140100032400a0023c2c0b422440
:10ad18009c0343a05c00a28f130040005800a38f3f
:10ad2800110060006800a28f0f0042301300401429
:10ad3800000000005400bf8f5000b98f4c00b88f3e
:10ad48004800af8f4400ae8f4000ad8f3c00ac8f01
:10ad58003800ab8f3400aa8f3000a98f2c00a88f41
:10ad68002800a78f2400a68f2000a58f1c00a48f81
:10ad78001800a38f1400a28f1000a18f00606041fb
:10ad8800c00000006c00ba8f6400bb8f00709a404e
:10ad98006800ba8f7000bd2702609a4000e8dd4164
:08ada80000609b40180000420e
:020000040000fa
:020000041d00dd
:10adb00000a0023cb81c438c51006014000000004d
:10adc000d8ffbd272400bfaf2000b4af1c00b3af35
:10add0001800b2af1400b1af1000b0af00a0123c29
:10ade000b01c438e0300601421a0400000a0033c6f
:10adf000c01c632400a0133cb41c628e06004014e7
:10ae0000828703000000043c0008842400a0023c68
:10ae1000c01c42242110440000e0647c0200103a6f
:10ae20000a18900021806000828f020000e0437cbd
:10ae30000200313a0a1071004b41400f2188400056
:10ae40000000438c0400428c2b2003020400801479
:10ae5000211062002b200202080080542b183002bf
:10ae600000a0043c2c0b842400e0847c2b20640094
:10ae70001c008014218060002b1830020500601433
:10ae80002b1802022b1822020500605400a0023c7d
:10ae90002b180202130060102188400000a0023c21
:10aea0002c0b422442170200050003240300431424
:10aeb00004000324b12b400b00a0023c0600431405
:10aec0000080023c25800202b01c50ae2588220280
:10aed000b72b400bb41c71aeb01c51aeb01c428eef
:10aee000b81c82ae2400bf8f2000b48f1c00b38f2b
:10aef0001800b28f1400b18f1000b08f2800bd274a
:08af00000800e003000000005e
:020000040000fa
:020000041d00dd
:10af0800d0ffbd272c00bfaf2800b4af2400b3afdb
:10af18002000b2af1c00b1af1800b0af21a0c00034
:10af2800218080002198a000a429400f2128c0007a
:10af38004808112620006526ff00a530a740400fcd
:10af48002120200221202002a740400f21280000b4
:10af580021202002a740400f212800002190130241
:10af6800930842a221200002ba2c400f2128800217
:10af7800240002920a004014212000029308429201
:10af88002c00bf8f2800b48f2400b38f2000b28f0d
:10af98001c00b18f1800b08f0800e0033000bd27f7
:10afa8000f26400f2128600221200002212860027c
:10afb8003339400f009d143c212000029a3d400f78
:10afc800c459852621200002930845923339400f41
:10afd80006001124212000029a3d400fc4598526fd
:10afe800930844920a0006241000a527d337400f7f
:10aff800c2210400212000029a3d400f2128400070
:10b00800c4599426ffff1324212000029a3d400fc3
:10b0180021288002930844920a0006241000a527dc
:10b0280007202402d337400f01008430212000027a
:10b03800212840009a3d400fffff3126f3ff3316c9
:10b04800212000022e3d400f21200002e22b400b60
:04b058009308429285
:020000040000fa
:020000041d00dd
:10b05c00d8ffbd272400bfaf2000b1af1c00b0af9c
:10b06c0021808000240084902188a0001f28400f9c
:10b07c0021280000240004920b2d400f2800058e7f
:10b08c00250004921f28400f01000524250004927e
:10b09c000b2d400f2c00058e400004921f41400fd9
:10b0ac003c00058e212000022640400f2128200262
:10b0bc001000068e0c00048e1400058e0800038e02
:10b0cc003800028e2120c40021208500040064accd
:10b0dc00000040ac3800028e1b43053c83dea534d7
:10b0ec002489838f19006500102800001000088e39
:10b0fc002000478c0c00048e1400068e0400038e76
:10b10c00ff00e730212004011000a7a321208600b6
:10b11c001000a693040064ac40000492823004003a
:10b12c0003008430c02004000031060088bf033cbb
:10b13c0090106324211866001f000624043086003a
:10b14c00040066ac41000692c22c0500ffffa5244a
:10b15c0004208600ffffa530080064ac300045ac2d
:10b16c0040000324140043ac3800028e230000a2dc
:10b17c00000040ac3800038e01000224208104340e
:10b18c00080064ac2400bf8f2000b18f1c00b08f6e
:08b19c000800e0032800bd27b4
:020000040000fa
:020000041d00dd
:10b1a40000e85d4100701b4002601a4090ffbd271b
:10b1b4006c00bbaf00601b406800baaf00681a4067
:10b1c4006400bbaf82d21a00847a5b7f44201b7c6c
:10b1d40000609b401800a3af1400a2af6800a38fc7
:10b1e4000f00633011006014000000005400bfaf72
:10b1f4005000b9af4c00b8af4800afaf4400aeaf99
:10b204004000adaf3c00acaf3800abaf3400aaafe8
:10b214003000a9af2c00a8af2800a7af2400a6af28
:10b224002000a5af1c00a4af1000a1af12100000b5
:10b234005c00a2af101800005800a3afe880848f10
:10b244000300801000000000c033400f0000000025
:10b254005c00a28f130040005800a38f110060000f
:10b264006800a28f0f004230130040140000000059
:10b274005400bf8f5000b98f4c00b88f4800af8f77
:10b284004400ae8f4000ad8f3c00ac8f3800ab8fd4
:10b294003400aa8f3000a98f2c00a88f2800a78f14
:10b2a4002400a68f2000a58f1c00a48f1800a38f54
:10b2b4001400a28f1000a18f00606041c000000044
:10b2c4006c00ba8f6400bb8f00709a406800ba8f1c
:10b2d4007000bd2702609a4000e8dd4100609b4099
:04b2e400180000420c
:020000040000fa
:020000041d00dd
:10b2e800e8ffbd271400bfaf1000b0af0900a22cc3
:10b2f800140040102180800080280500019d023c38
:10b308001cb34224212845000000a28c08004000fc
:10b31800000000004cb3009df4b3009dbcb3009d39
:10b3280084b3009d4cb3009d78b3009d4cb3009d41
:10b338004cb3009d40b3009d08000424a732400f81
:10b3480001000524480810263101053c002da524dc
:10b35800b237400f212000022120000200010524fd
:10b368001400bf8f1000b08f3e3f400b1800bd2760
:10b3780008000424a732400f010005240300042418
:10b38800a732400f01000524480810263101053c6a
:10b39800002da524b237400f2120000221200002f1
:10b3a800000105241400bf8f1000b08f3e3f400bf2
:10b3b8001800bd2702000424a732400f010005240d
:10b3c800480810263101053c002da524b237400f4e
:10b3d8002120000221200002000105241400bf8f53
:10b3e8001000b08f3e3f400b1800bd270100042419
:10b3f800a732400f01000524480810263101053cfa
:10b40800002da524b237400f212000022120000280
:10b41800000105241400bf8f1000b08f3e3f400b81
:04b428001800bd2724
:020000040000fa
:020000041d00dd
:10b42c00e8ffbd271400bfaffc88829331004014a5
:10b43c00019d023c9409422421108200000042909c
:10b44c00ff00032440004310ff00a3302e00662ca5
:10b45c000400c0140f00a6300080a6301d00c014dc
:10b46c000f00a6300800c72c1800e0100080a73091
:10b47c00019d073c8009e7242120e4000000849012
:10b48c00001aa87c02390400243807012800e010b7
:10b49c000080a5301f00a01480180300801002004b
:10b4ac0081bf033c00fb632421106200000046ac0a
:10b4bc009042400f00000000000040ac010002244c
:10b4cc001400bf8f0800e0031800bd27e9ffe0144b
:10b4dc00019d073c9042400f000000001300032424
:10b4ec00000043ac211000001400bf8f0800e003e3
:10b4fc001800bd279042400f0000000001000324fb
:10b50c00000043ac211000001400bf8f0800e003c2
:10b51c001800bd2781bf023c04fa422421184300c5
:10b52c000f008430000064ac2f2d400b0000000095
:10b53c009042400f0000000006000324000043acc2
:10b54c003d2d400b211000009042400f00000000e8
:10b55c0002000324000043ac3d2d400b21100000e1
:020000040000fa
:020000041d00dd
:10b56c00e0ffbd271c00bfaf1800b1af1400b0af97
:10b57c00218080000000828c1c00428c09f8400065
:10b58c002188a0001c0004921f28400f21280000d5
:10b59c001d0004921f28400f212800001c0004925b
:10b5ac000b2d400f2000058e1d0004920b2d400f1b
:10b5bc002400058e190004921f41400f1400058ec3
:10b5cc00190004921a000592d33c400f1b000692fe
:10b5dc003400038e3800048e3000058e2800078e50
:10b5ec002c00028e1000068e212064002120850084
:10b5fc000300053c400da5242b2825020400e4acd7
:10b60c00040044ac080043ac1000c0ac1000028e27
:10b61c001100a0142489838f821803001b00710071
:10b62c00f401200212180000ffff6324400043ac19
:10b63c0008800334000043ac1000028e0014032475
:10b64c00100043ac1c00bf8f1800b18f1400b08fda
:10b65c000800e0032000bd27021903001b00710045
:10b66c00f401200212180000ffff6324400043acd9
:10b67c0000800334000043ac1000028e001403243d
:10b68c00100043ac1c00bf8f1800b18f1400b08f9a
:08b69c000800e0032000bd27b7
:020000040000fa
:020000041d00dd
:10b6a40000e85d4100701b4002601a4090ffbd2716
:10b6b4006c00bbaf00601b406800baaf00681a4062
:10b6c4006400bbaf82d21a00847a5b7f44201b7c67
:10b6d40000609b401800a3af1400a2af6800a38fc2
:10b6e4000f00633011006014000000005400bfaf6d
:10b6f4005000b9af4c00b8af4800afaf4400aeaf94
:10b704004000adaf3c00acaf3800abaf3400aaafe3
:10b714003000a9af2c00a8af2800a7af2400a6af23
:10b724002000a5af1c00a4af1000a1af12100000b0
:10b734005c00a2af101800005800a3af7435400f8e
:10b74400f48584275c00a28f130040005800a38f67
:10b75400110060006800a28f0f00423013004014f3
:10b76400000000005400bf8f5000b98f4c00b88f08
:10b774004800af8f4400ae8f4000ad8f3c00ac8fcb
:10b784003800ab8f3400aa8f3000a98f2c00a88f0b
:10b794002800a78f2400a68f2000a58f1c00a48f4b
:10b7a4001800a38f1400a28f1000a18f00606041c5
:10b7b400c00000006c00ba8f6400bb8f00709a4018
:10b7c4006800ba8f7000bd2702609a4000e8dd412e
:08b7d40000609b4018000042d8
:020000040000fa
:020000041d00dd
:10b7dc0000e85d4100701b4002601a4090ffbd27dd
:10b7ec006c00bbaf00601b406800baaf00681a4029
:10b7fc006400bbaf82d21a00847a5b7f44201b7c2e
:10b80c0000609b401800a3af1400a2af6800a38f88
:10b81c000f00633011006014000000005400bfaf33
:10b82c005000b9af4c00b8af4800afaf4400aeaf5a
:10b83c004000adaf3c00acaf3800abaf3400aaafaa
:10b84c003000a9af2c00a8af2800a7af2400a6afea
:10b85c002000a5af1c00a4af1000a1af1210000077
:10b86c005c00a2af101800005800a3af7435400f55
:10b87c00ac8384275c00a28f130040005800a38f78
:10b88c00110060006800a28f0f00423013004014ba
:10b89c00000000005400bf8f5000b98f4c00b88fcf
:10b8ac004800af8f4400ae8f4000ad8f3c00ac8f92
:10b8bc003800ab8f3400aa8f3000a98f2c00a88fd2
:10b8cc002800a78f2400a68f2000a58f1c00a48f12
:10b8dc001800a38f1400a28f1000a18f006060418c
:10b8ec00c00000006c00ba8f6400bb8f00709a40df
:10b8fc006800ba8f7000bd2702609a4000e8dd41f5
:08b90c0000609b40180000429e
:020000040000fa
:020000041d00dd
:10b91400b8ffbd274400bfaf4000beaf3c00b7af87
:10b924003800b6af3400b5af3000b4af2c00b3afbd
:10b934002800b2af2400b1af2000b0af21b0800026
:10b944002190a00021a0c00021b8e0005800b18fd0
:10b954005c00b58f6000b38f6400b08f04009e8cd0
:10b964002120c003083f400f0400e58c1100401063
:10b9740000000000000011ae08004006040014aef0
:10b984002188320206000224269871020100032451
:10b994000b107300822e400b0c0002aefeff03243a
:10b9a400190043162110000001000324832e400bcc
:10b9b4000c0003ae070033560800c48e2120c003d8
:10b9c400083f400f0400a58e0e004054080014ae3a
:10b9d4000800c48e0000828c1000b1af1400b5af13
:10b9e4001800b3af1c00b0af1c00428c21284002e9
:10b9f4002130800209f840002138e002842e400bf7
:10ba04004400bf8f211000004400bf8f4000be8f50
:10ba14003c00b78f3800b68f3400b58f3000b48f38
:10ba24002c00b38f2800b28f2400b18f2000b08f78
:08ba34000800e0034800bd27f3
:020000040000fa
:020000041d00dd
:10ba3c00c8ffbd273400bfaf3000b7af2c00b6af86
:10ba4c002800b5af2400b4af2000b3af1c00b2afd8
:10ba5c001800b1af1400b0af21a080006800912491
:10ba6c0021b0c0004f3f400f21a8a00002000524c8
:10ba7c00a740400f2120200221202002a740400f88
:10ba8c00212800001100c01201001024ffffd6264f
:10ba9c0021800000200013242110b00200004590ea
:10baac00ff0012320100422621202002a740400f45
:10babc00ff005730180016560100102602005026c1
:10bacc002000f72e0800e012ff0010322120200287
:10badc00a740400f21280000010003262000022e61
:10baec00faff4014ff007030212080023400bf8f19
:10bafc003000b78f2c00b68f2800b58f2400b48f80
:10bb0c002000b38f1c00b28f1800b18f1400b08fbf
:10bb1c00b440400b3800bd27e0ff13162110b002d3
:10bb2c00212080023400bf8f3000b78f2c00b68fdd
:10bb3c002800b58f2400b48f2000b38f1c00b28f67
:10bb4c001800b18f1400b08fb440400b3800bd27e3
:020000040000fa
:020000041d00dd
:10bb5c0080bf073ce8030624009d053c9813a524f0
:10bb6c000200042488bf033c4010632488bf023cbd
:10bb7c00701042240060e8240062e724f88580af4e
:10bb8c00fc8586aff48585af048688af2700082432
:10bb9c000c8688a3200008240d8688a30e8684a317
:10bbac000f8680a3019d083ca4b60825088688afa3
:10bbbc00388880af0e000824108688a3060008245d
:10bbcc00118688a301010824148688af13840834d5
:10bbdc00188688af1c8683af208682af800008242d
:10bbec00248688af00010824288688af0002082428
:10bbfc002c8688afb08380afb48386afac8385af1f
:10bc0c00bc8387af35000524c48385a32500052498
:10bc1c00c58385a3c68384a3c78380a3019d043ced
:10bc2c00dcb78424c08384aff08580af0b00042480
:10bc3c00c88384a30c000424c98384a302080424ad
:10bc4c00cc8384af15820434d08384afd48383af88
:10bc5c00d88382af2000023cdc8382af4000023ce0
:10bc6c00e08382af8000023c0800e003e48382aff3
:020000040000fa
:020000041d00dd
:10bc7c00e8ffbd271400bfaf1000b0af8d34400fec
:10bc8c00218080005a3d400ff40104242120000241
:10bc9c0002000624bd34400f2128000021200002a0
:10bcac00009d053cd936400f905ca5242120000254
:10bcbc00009d053c9a3d400fa85ca5242120000264
:10bccc005638400f08000524212000023339400f5c
:10bcdc00212840002e3d400f21200002010002923d
:10bcec000e004050009d053c009d053cc85ca52401
:10bcfc009a3d400f21200002212000025638400faf
:10bd0c0003000524212000023339400f2128400074
:10bd1c002e3d400f21200002009d053ce85ca5242f
:10bd2c009a3d400f2120000221200002703a400f62
:10bd3c000f000524212000023339400f2128400038
:10bd4c002e3d400f2120000221200002009d053cc9
:10bd5c00d936400f005da52421200002009d053c32
:10bd6c00c03a400fa457a5247e42400fec82842792
:10bd7c005a3d400f05000424ec8284271400bf8f29
:0cbd8c001000b08f183d400b1800bd27c0
:020000040000fa
:020000041d00dd
:10bd98000098a27c0055a97cc22f05000098e37c7e
:10bda8000055e87cff070a2404002a15c23f070053
:10bdb800255044003a004015ff070a2403000a15dd
:10bdc800255066002f004055feff0224060020156e
:10bdd8002550440001004a2d120000152158400149
:10bde8007f2f400b255066001000001521580000d9
:10bdf800255066000700601101004a2d21004015fa
:10be080021100000ffff0224010003240800e003c2
:10be18000b10670005004011000000009e2f400b2a
:10be280001000224f8ff4055ffff02241000a75428
:10be3800010002242a3809010d00e05401000224ff
:10be48002a40280114000055ffff02242b38620005
:10be58000700e05401000224080043142b1043009b
:10be68002b10c400090040502b208600010002243a
:10be7800ffff03240800e0030b1065000600405490
:10be8800ffff02240800e00300000000fdff80100f
:10be980021100000ffff02249f2f400b0100032404
:0cbea800feff02240800e0030000000080
:020000040000fa
:020000041d00dd
:10beb400e0ffbd271c00bfaf1800b0af01008290a7
:10bec4003400401021808000030082903200401032
:10bed4001c00bf8f3100a0501800b08f2120a0009b
:10bee4004542400f1000a5af2000432829006010f0
:10bef4001000a58f21180000200007242130030220
:10bf040001006324fdff67144500c0a00200032460
:10bf1400450003a20100032427004018650003a282
:10bf24000100062421180000010004240100c72494
:10bf3400ff00e7302140a3002148060200000881e9
:10bf440005008010010063242130e000450028a191
:10bf54002000e42c650007a2f5ff43140100c72468
:10bf6400100080140100c22421200002450005268f
:10bf74008f2e400f20000624650000a2211000002f
:10bf8400200004242118020201004224fdff44146d
:10bf9400450060a01c00bf8f1800b08f0800e003ac
:10bfa4002000bd27ff004230213006024500c0a01a
:10bfb400db2f400b650002a202000224eb2f400b92
:04bfc400010006244e
:020000040000fa
:020000041d00dd
:10bfc800d8ffbd272400bfaf2000b3af1c00b2af1d
:10bfd8001800b1af1400b0af21808000a942400f13
:10bfe8002188a00000a0123c381852260800428e72
:10bff8000400538c0408137c238871026f003126d7
:10c008000430117c80ff31268000222a0500405030
:10c0180021200002ab42400f212000023030400bab
:10c0280021100000153e400f212800000800438e13
:10c0380021187300f7ff43140000000021200002bc
:10c04800153e400f23281100ffff0324100043541e
:10c058000800428e21200002153e400f21280000d2
:10c068000800438e2320430010008528e9ffa01410
:10c0780000a0053ca81ca58c2310450000a0053c89
:10c08800401ca2ac010084340730400b040064acaf
:10c098002398710201007336040053ac00a0023cdf
:10c0a800401c438c23887100401c51acab42400fac
:10c0b80021200002010002242400bf8f2000b38f3a
:10c0c8001c00b28f1800b18f1400b08f0800e00375
:04c0d8002800bd2758
:020000040000fa
:020000041d00dd
:10c0dc00e0ffbd271c00bfaf1800b0af010082907d
:10c0ec00330040102180800003008290310040100a
:10c0fc001c00bf8f3000a0501800b08f2120a00072
:10c10c004542400f1000a5af2000432828006010c6
:10c11c001000a58f211800002000072421300302f5
:10c12c0001006324fdff67144500c0a00100032437
:10c13c00450003a227004018650003a20100062455
:10c14c0021180000010004240100c724ff00e7307f
:10c15c002140a30021480602000008810500801040
:10c16c00010063242130e000450028a12000e42ccc
:10c17c00650007a2f5ff43140100c72410008014ca
:10c18c000100c22421200002450005268f2e400ffd
:10c19c0020000624650000a22110000020000424c9
:10c1ac002118020201004224fdff4414450060a046
:10c1bc001c00bf8f1800b08f0800e0032000bd27c3
:10c1cc00ff004230213006024500c0a06430400b15
:10c1dc00650002a2020002247430400b0100062408
:020000040000fa
:020000041d00dd
:10c1ec000098a37c0055a97cc22f05000098e87c20
:10c1fc000055ea7cff07022405002215c23f070008
:10c20c00255864003700601502000224ff07022441
:10c21c000300421525580601320060150200022465
:10c22c000300201521100000251064000100422c91
:10c23c000d004015255806010700401001006b2d1c
:10c24c002800601521100000ffff022401000324c8
:10c25c000800e0030b1067000500601101000224c8
:10c26c00b130400bffff0324f8ff4014ffff022402
:10c27c001000a714010002242a1049010d0040549b
:10c28c00010002242a482a0114002015ffff022471
:10c29c002b1003010700401401000224080068540d
:10c2ac002b1868002b10c400090040502b2086006e
:10c2bc0001000224ffff03240800e0030b106500bb
:10c2cc0006006054ffff02240800e0032110000068
:10c2dc000400801021100000ffff0224b130400b3d
:0cc2ec00010003240800e0030000000033
:020000040000fa
:020000041d00dd
:10c2f800e8ffbd271400bfaf1000b0af2f00022425
:10c308000c00a21021808000d0ffa5240a00a22cd6
:10c318002d004050009d053cff00a5300600a22cd2
:10c328001f004050009d053c8228400f000000007f
:10c3380021200002009d053c9a3d400f3c59a52450
:10c34800a403028effff42240500432c2400601042
:10c3580080100200019d033c44096324211043001e
:10c368000000458c212000029a3d400f000000008b
:10c3780021200002009d053cc03a400fa457a52487
:10c388007e42400fec8284278e0800a2ad0800a2ee
:10c398001400bf8f1000b08f0800e0031800bd27fd
:10c3a8009a3d400f3059a52421200002009d053cec
:10c3b8009a3d400f4859a52421200002009d053cc4
:10c3c800dc30400b5c59a5249a3d400f3059a52418
:10c3d80021200002009d053cdc30400b6c59a5244f
:0cc3e800009d053cdb30400b8c57a52469
:020000040000fa
:020000041d00dd
:10c3f400d8ffbd272400bfaf2000b4af1c00b3afeb
:10c404001800b2af1400b1af1000b0af21a0e0002b
:10c41400218080002190a0002128e0002198c00004
:10c42400a429400f4808912440004526ff00a53068
:10c43400a740400f2120200221202002a740400fc6
:10c444002128000021202002a740400f212860025b
:10c4540021200002ba2c400f2128800224000292dd
:10c464002118120209004014930873a02400bf8ffe
:10c474002000b48f1c00b38f1800b28f1400b18f4a
:10c484001000b08f0800e0032800bd27212000021f
:10c49400009d053c9a3d400fe859a5242120000247
:10c4a4003339400f2128400221200002009d053c21
:10c4b400d936400ff459a52421200002009d053ce3
:10c4c400c03a400fa457a524ec8284272400bf8fd0
:10c4d4002000b48f1c00b38f1800b28f1400b18fea
:0cc4e4001000b08f7e42400b2800bd27e6
:020000040000fa
:020000041d00dd
:10c4f000d8ffbd272400bfaf2000b2af1c00b1aff2
:10c500001800b0af21888000030092902180a00025
:10c51000300040162128c000212020025f2a400f51
:10c520002130e0008803228e0900401840180200e4
:10c53000c0100200231843002110200221182302fa
:10c540003f0050a006004224feff43543f0050a08d
:10c55000ac1b400f21202002180040162120200291
:10c56000009d053c3c59a5249a3d400f2120200206
:10c5700021202002009d053c9a3d400f085ca52427
:10c5800021202002009d053c9a3d400f1c5ca52403
:10c5900021202002009d053cc03a400fa457a5244d
:10c5a000ec8284272400bf8f2000b28f1c00b18f43
:10c5b0001800b08f7e42400b2800bd272400bf8f9b
:10c5c0002000b28f1c00b18f1800b08fba31400b21
:10c5d0002800bd271000a6af443d400f1400a7afb0
:0cc5e0001400a78f4631400b1000a58fff
:020000040000fa
:020000041d00dd
:10c5ec00e0ffbd271c00bfaf1800b2af1400b1af05
:10c5fc001000b0af3d0882900900401421888000e3
:10c60c0045088290110040100300023c4008838cc6
:10c61c00410d42242b1062000d0040101c00bf8ff6
:10c62c00010022920f0040543b01229221802002f3
:10c63c00180032262500059221202002273b400fae
:10c64c0001001026fcff1256250005921c00bf8f1e
:10c65c001800b28f1400b18f1000b08f0800e003e7
:10c66c002000bd2701004230218020020e00401026
:10c67c00180032260b01059221202002273b400f87
:10c68c0001001026f1ff1212212020020b0105924d
:10c69c00273b400f01001026f7ff12560b010592a5
:10c6ac009731400b1c00bf8f2301059221202002e3
:10c6bc00273b400f01001026e4ff1212212020021c
:10c6cc0023010592273b400f01001026f7ff12565d
:0cc6dc00230105929731400b1c00bf8f1a
:020000040000fa
:020000041d00dd
:10c6e800e0ffbd271c00bfaf1800beaf1400b0affd
:10c6f80021f0a003ed828293040040102180800085
:10c70800ef828293190040548803848c010002242c
:10c71800030002a2023c400f21200002a403038e62
:10c728000100022404006210ac838427a803028e4f
:10c738000900405421e8c003009d053c8859a52400
:10c7480021e8c0031c00bf8f1800be8f1400b08ff3
:10c758001538400b2000bd271c00bf8f1800be8f66
:10c768001400b08f0800e0032000bd272140a0037b
:10c7780021180000070082240410027c23e8a20389
:10c78800ff0085301000a6270e0080182110000039
:10c7980040200200c03802002320e40021200402c7
:10c7a8003e0084902110c20001006324000044a0d0
:10c7b8008803048eff0063302a206400f4ff80148d
:10c7c80021106000ec828427f533400f21e8000136
:08c7d800c631400b01000224f0
:020000040000fa
:020000041d00dd
:10c7e000e8ffbd271400bfaf1000b0af218080006c
:10c7f0008803848c12008018212004022148000242
:10c80000213800000600082401000a24211000023b
:10c8100021180000b500469021284700010063243c
:10c820003d00a6a0fbff68140100422404002aa1d9
:10c8300014002aa101002925f4ff24150600e7248d
:10c84000020000a2000000a2ac1b400f2120000249
:10c850008803028e0900401840100200eb004324b8
:10c86000eb00022621180302000040a0010040a0b6
:10c8700002004224fdff4354000040a05127400f16
:10c880002120000221200002150005242130000093
:10c89000fd30400f080007240100029204004014fc
:10c8a0001400bf8f1000b08f0800e0031800bd27f0
:10c8b0002120000215000524213000000300072478
:0cc8c0001000b08ffd30400b1800bd27a9
:020000040000fa
:020000041d00dd
:10c8cc00e0ffbd271c00bfaf1800b2af1400b1af22
:10c8dc001000b0af3b018390cccc053ccdcca53443
:10c8ec001900650010280000c22805004010050042
:10c8fc00c02805002110450023106200ff004230c3
:10c90c000800032424004310218080000900032424
:10c91c001d00431007000324170043100000000003
:10c92c00ec828427fe40400f21280000ec828427f3
:10c93c00fe40400f212800009803128e180010248e
:10c94c00f8ff112406281202ec828427ff00a53080
:10c95c00fe40400ff8ff1026fbff111606281202ae
:10c96c001c00bf8f1800b28f1400b18f1000b08f55
:10c97c000800e0032000bd27e63f400f21280000ff
:10c98c005232400b9803128ee63f400f02000524f2
:10c99c005232400b9803128ee63f400f01000524e3
:08c9ac005232400b9803128e79
:020000040000fa
:020000041d00dd
:10c9b4001300832c3600601021100000019d033cfd
:10c9c4006c0963242118830000006390ff00052490
:10c9d4002f00651000000000e0ffbd271c00bfaf62
:10c9e4001800b1af1400b0af019d023ca809422465
:10c9f400211082000000459080280500019d023c22
:10ca0400e00642242110a200402004000000458cce
:10ca1400019d023c340a422421186200019d023c1b
:10ca24004806422421208200000062900000849481
:10ca3400f8ffa4ac81bf103c001c020002001124ca
:10ca440002000424409003ae288982a3009000ae23
:10ca5400509000ae0b000224209002ae2089828ff9
:10ca6400109002ae00800234089002ae089011ae1d
:10ca7400b53f400f00000000049011ae01000224f5
:10ca84001c00bf8f1800b18f1400b08f2000bd2789
:08ca94000800e00300000000af
:020000040000fa
:020000041d00dd
:10ca9c001300822c20004010019d023ca809422466
:10caac0021108200000042901b00401080100200f8
:10cabc00d8ffbd272400bfaf2000b1af1c00b0af22
:10cacc00019d033ce0066324211043000000508cc0
:10cadc0040200400f0ff1026019d033c480663240f
:10caec00211883001000028e000071942410220281
:10cafc000b004050019d023c1800a01400000000e7
:10cb0c00540011ae640011ae2400bf8f2000b18f11
:10cb1c001c00b08f2800bd270800e00300000000b7
:10cb2c002006422421208200000084900f008430d3
:10cb3c0006008014000000000c00a0100000000093
:10cb4c00380011aec632400b2400bf8fea3c400fb8
:10cb5c001000a5afd132400b1000a58f580011aebc
:10cb6c00640011aec632400b2400bf8f340011aeee
:08cb7c00c632400b2400bf8ffc
:020000040000fa
:020000041d00dd
:10cb8400e8ffbd271400bfaf211080000055a87c2a
:10cb940001fc032514006928140020112138a00089
:10cba400080063040f00083c212000000080053cbd
:10cbb4002418e5000000c4ac0400c3ac1733400bd8
:10cbc4002118e000ffff08350718680024406500bd
:10cbd40025400401140000510000c2ac27180300d2
:10cbe400214800001233400b2440650034006328c0
:10cbf40007006054edfb08250000c4ac0400c5ac7c
:10cc0400211000000080053c1733400b2418e50078
:10cc1400ffff0324061803012440640007000055a5
:10cc2400271803000000c2ac0400c7ac21100000a8
:10cc34000080043c1733400b2418e40024486400ab
:10cc44002140a0000000c9ac0400c8ac2130200180
:10cc5400f211400f213800011400bf8f0800e003d7
:04cc64001800bd27d0
:020000040000fa
:020000041d00dd
:10cc6800d8ffbd272400bfaf2000b3af1c00b2af70
:10cc78001800b1af1400b0af3b018390cccc053c99
:10cc8800cdcca5341900650010280000c228050085
:10cc980040100500c028050021104500231062003f
:10cca800ff004230080003240d0043102188800053
:10ccb800090003241e004310070003240900431041
:10ccc80021280000273b400f0000000021202002ff
:10ccd800273b400f212800003e33400b9803338e3a
:10cce80001000524d23e400f000000009803338e57
:10ccf80018001024f8ff122406281302212020020d
:10cd0800ff00a530273b400ff8ff1026fbff121647
:10cd1800062813022400bf8f2000b38f1c00b28f97
:10cd28001800b18f1400b08f0800e0032800bd2759
:10cd3800d23e400f020005243e33400b9803338e49
:020000040000fa
:020000041d00dd
:10cd4800e8ffbd271400bfaf1000b0af6202043c7b
:10cd58002a41400f005a84247e41400f0000000001
:10cd68007342400f204e0424aa39400f00000000ef
:10cd78002130000021200000d33c400f070005248b
:10cd8800019d053c5886a5241f41400f2120000025
:10cd98007e40400f212000003142400f000000007b
:10cda800248982af00b8024044ce027c00b8824099
:10cdb800c00000001889908f1889828f23105000b6
:10cdc8003200422c0800401081bf023c3425400f3d
:10cdd800000000001889828f231050003200422c76
:10cde800faff401481bf023c00f24394c418037c4c
:10cdf80000f243a4a142400f00000000af41400fe1
:10ce0800000000000080033480bf023c046043ac93
:10ce18001400bf8f1000b08f0800e0031800bd2772
:020000040000fa
:020000041d00dd
:10ce2800e8ffbd271400bfaf1000b0af218080001d
:10ce3800b003868c08000724010005244f00c63083
:10ce4800fd30400fb000c6345a3d400f280004247e
:10ce5800212000028f37400f030005245a3d400f60
:10ce68000a0004241b36400f212000021000401045
:10ce7800010002a28f08029210000324050040104e
:10ce8800880303ae1400bf8f1000b08f0800e003c2
:10ce98001800bd2721200002009d053ce45ba52465
:10cea8001400bf8f1000b08f9a3d400b1800bd27ab
:10ceb800b003068e21200002010005246f00c63051
:10cec8009000c634fd30400f080007248f080292f6
:10ced80008000324ebff4014880303ae212000025e
:10cee800009d053cd05ba5241400bf8f1000b08fb7
:08cef8009a3d400b1800bd2714
:020000040000fa
:020000041d00dd
:10cf00000400828c0c00858c0000438c2428650072
:10cf10000a00a0501000858c3800828c0100052486
:10cf2000230085a040000524140045ac0400828c39
:10cf30000c00858c040045ac1000858c2418a300df
:10cf40001d006010000000003800868c1c00838cdf
:10cf50002000c78c20008694ff00e730ffffc62426
:10cf6000ffffc630200086a406006010000000000d
:10cf7000010062241c0082ac000067a01000858cb8
:10cf80000400828c20008394ffff6330090060104e
:10cf9000000000001800838c090060100100662466
:10cfa000180086ac00006690ff00c6303800838c05
:10cfb000200066ac040045ac0800e003000000005f
:10cfc000220086903800838c200066aced33400b45
:04cfd000000000005d
:020000040000fa
:020000041d00dd
:10cfd400e8ffbd271400bfaf1000b0af010082907e
:10cfe40029004010218080000300829027004050d7
:10cff4001400bf8f04008290270040100100022417
:10d0040021100000200004242118020201004224ff
:10d01400fdff4414450060a003000224450002a261
:10d02400460002a2470005a21200a010650002a259
:10d03400ffffa5240100c724ff00a5302138e50027
:10d04400030002242000432c212002020100422478
:10d054000000c590030060100100c624450085a0af
:10d06400650002a20400c710212000021234400b04
:10d074006500029221200002450005268f2e400ff4
:10d0840020000624650000a21400bf8f1000b08f9a
:10d094000800e0031800bd270134400b040082a0ff
:020000040000fa
:020000041d00dd
:10d0a400e8ffbd271400bfaf1000b0af8f08829017
:10d0b40005004010218080001400bf8f1000b08f45
:10d0c4000800e0031800bd272e3d400f00000000bb
:10d0d40021200002009d053cd936400f545ca52454
:10d0e40021200002393a400f080005240100029271
:10d0f40012004014000000002e3d400f21200002c9
:10d1040021200002009d053cd936400f7c5ca524fb
:10d11400e726400f2120000221200002009d053c4b
:10d12400c03a400fa457a524ec8284271400bf8f73
:10d134001000b08f7e42400b1800bd272e3d400fdb
:10d144002120000221200002009d053cd936400f19
:10d15400685ca52421200002393a400f030005240d
:08d164003f34400b0000000005
:020000040000fa
:020000041d00dd
:10d16c00e0ffbd271c00bfaf1800b1af1400b0af7b
:10d17c00218080002188a000212000001f28400f62
:10d18c0021280000212000021f0005248b3a400fab
:10d19c002130000021200002200005248b3a400f92
:10d1ac000800062421200002210005248b3a400fa0
:10d1bc002130000021200002220005248b3a400f70
:10d1cc002130000021200002230005248b3a400f5f
:10d1dc000800263621200002240005248b3a400f3b
:10d1ec002130000021200002250005248b3a400f3d
:10d1fc002130000021200002260005248b3a400f2c
:10d20c0021300000da3a400f21200000d00802ae95
:10d21c00cc0802ae1c00bf8f1800b18f1400b08f69
:08d22c000800e0032000bd270b
:020000040000fa
:020000041d00dd
:10d23400e0ffbd271c00bfaf1800b1af1400b0afb2
:10d2440021808000010005241f28400f02000424cf
:10d2540002000424a732400f01000524080004241e
:10d264001f28400f0100052408000424a732400fa2
:10d2740001000524030004241f28400f0100052495
:10d2840003000424a732400f0100052401000424f4
:10d294001f28400f01000524480811260100052419
:10d2a400a732400f010004249342400f21202002a2
:10d2b400212020023d00053cb237400f0009a5247f
:10d2c400212020023e3f400f000105243b23400f54
:10d2d4002120000221200002100005241c00bf8f21
:10d2e4001800b18f1400b08f5b34400b2000bd27b1
:020000040000fa
:020000041d00dd
:10d2f400e0ffbd271c00bfaf1800b2af1400b1aff0
:10d304001000b0af2188a0002190c00004000524c3
:10d3140008000624c22b400f218080000c0031320b
:10d3240003005232f00042302588320221200002ec
:10d334000400052425305100fd30400f0800072467
:10d344005a3d400f010004240100029211004010d4
:10d354002120000204000524c22b400f03000624f0
:10d36400f000423021200002040005242530510041
:10d37400fd30400f03000724010004241c00bf8f6c
:10d384001800b28f1400b18f1000b08f5a3d400bbb
:10d394002000bd271c00bf8f1800b28f1400b18f6e
:0cd3a4001000b08f0800e0032000bd273f
:020000040000fa
:020000041d00dd
:10d3b000e0ffbd271c00bfaf1800b2af1400b1af33
:10d3c0001000b0af2190800000a0103cb81c028e6d
:10d3d00006004014218800026c2b400f0000000062
:10d3e000b81c028e0b00401000000000b81c228efa
:10d3f0000c00401a211852002b20620005008014f6
:10d4000000a0043cb41c848c2b20830011008050ad
:10d41000b81c23ae9042400f000000001335400bb3
:10d420000c0003242b2043000500801400a0043cc2
:10d43000b01c848c2b20640006008050b81c23aee6
:10d440009042400f0000000016000324000043ac8f
:10d45000ffff02241c00bf8f1800b28f1400b18f91
:0cd460001000b08f0800e0032000bd2782
:020000040000fa
:020000041d00dd
:10d46c00d8ffbd272400bfaf2000b3af1c00b2af64
:10d47c001800b1af1400b0af218880004f3f400faf
:10d48c006800902404000524a740400f21200002ce
:10d49c0021200002a740400f2128000021904000cd
:10d4ac0021200002a740400f2128000021984000b5
:10d4bc0021200002a740400f21280000ff0042302d
:10d4cc00ff007332009a13000014020025986202c8
:10d4dc002120000221280000ff005232a740400ffb
:10d4ec00258072020016020025800202b440400f13
:10d4fc0021202002211000022400bf8f2000b38fb6
:10d50c001c00b28f1800b18f1400b08f0800e0031c
:04d51c002800bd27ff
:020000040000fa
:020000041d00dd
:10d52000e8ffbd271400bfaf1000b0af218080001e
:10d530008e0882900600401421180000211060001f
:10d540001400bf8f1000b08f0800e0031800bd2743
:10d550008a42400f00000000e408048e2b104400b3
:10d56000f6ff401401000324009d053cac57a524a0
:10d570008e0800a2ad0800a29a3d400f21200002b3
:10d5800021200002009d053c9a3d400fcc57a52468
:10d5900021200002009d053c9a3d400fe857a5243c
:10d5a00021200002009d053cc03a400fa457a5244d
:10d5b0007e42400fec828427211800002110600079
:10d5c0001400bf8f1000b08f0800e0031800bd27c3
:020000040000fa
:020000041d00dd
:10d5d000e8ffbd271400bfaf1000b0af218080006e
:10d5e0002800828c3400838c0000448c242064004a
:10d5f0000b008010000000001000048e4402058e15
:10d600003000848c0f00a0503c02078e09f8a00067
:10d61000ff0084302800028e3400038e040043ace7
:10d620000000448c3800038e2420640001008054e4
:10d63000040043ac1400bf8f1000b08f0800e0035b
:10d640001800bd274002088e0100e624c32f060003
:10d65000c22d05002130c500ff01c6302328c500ba
:10d66000eeff0511213807023c00e4a03c0205aea4
:0cd67000040043ac8835400b00000000b3
:020000040000fa
:020000041d00dd
:10d67c00b8ffbd274400bfaf4000b1af3c00b0af16
:10d68c000200c22c0a0007240a38c200218880003c
:10d69c002110a0003000a0a32130e000ad35400bdc
:10d6ac003000b027211060001b004700f401e0009f
:10d6bc0012180000ffff10260220c3702310440034
:10d6cc00ff004230202c027c0a00a52830004824a0
:10d6dc00370042240200a0102014027c2014087c85
:10d6ec00f0ff6014000002a24542400f212000020e
:10d6fc000000238e21202002212800020400638ccc
:10d70c0009f86000213040004400bf8f4000b18f09
:0cd71c003c00b08f0800e0034800bd276f
:020000040000fa
:020000041d00dd
:10d728003800828c0100033c080043ac3800888c28
:10d738002110a000215000002148000025184500b4
:10d748001d0060500100023c0b00a010000000000a
:10d758001000038d2168ca0001004b2502006330c8
:10d7680005006014ffffac240000a391ffff853182
:10d77800ffff6a31200003adf1ff40102518450076
:10d788001000038d2158e90001002c25200063308a
:10d79800eaff6014ffff4d242000038dffffa23134
:10d7a800ffff8931000063a125184500e6ff6014da
:10d7b8003800888c0100023c040002ad0800e00338
:04d7c800000000005d
:020000040000fa
:020000041d00dd
:10d7cc00e8ffbd271400bfaf1000b0af010082907e
:10d7dc0014004014218080008f08829005004010b6
:10d7ec00009d053c1400bf8f1000b08f0800e003b3
:10d7fc001800bd27a459a5249a3d400f0000000035
:10d80c0021200002009d053cc03a400fa457a524de
:10d81c00ec8284271400bf8f1000b08f7e42400b27
:10d82c001800bd27763e400f03000524212000027e
:10d83c00503e400f0300052421200002713f400f91
:10d84c00030005248f080292e6ff4014010000a299
:10d85c00009d053c9459a5240136400b2120000263
:020000040000fa
:020000041d00dd
:10d86c00e0ffbd271c00bfaf1800b1af1400b0af74
:10d87c002180800021280000c22b400f03000624c9
:10d88c002188400024000292070040143e00223af6
:10d89c000100422c1c00bf8f1800b18f1400b08ff8
:10d8ac000800e0032000bd2721200002009d053c5c
:10d8bc009a3d400fc859a524212000023339400f4e
:10d8cc00212820022e3d400f2120000221200002a1
:10d8dc00009d053cc03a400fa457a5247e42400f42
:10d8ec00ec8284273e00223a0100422c1c00bf8fa0
:10d8fc001800b18f1400b08f0800e0032000bd2782
:020000040000fa
:020000041d00dd
:10d90c003800828c0100033c080043ac3800828c48
:10d91c00000c0324040043ac3800888c2110a000b8
:10d92c002148000025184500190060500100023cf8
:10d93c000700a010000000001000038d02006330ef
:10d94c0003006014ffffaa24200006adffff453141
:10d95c00f5ff4010251845001000038d2150e900fb
:10d96c0001002b2520006330eeff6014ffff4c24d8
:10d97c002000038dffff8231ffff6931000043a1be
:10d98c0025184500eaff60143800888c0100023c21
:0cd99c00040002ad0800e00300000000e1
:020000040000fa
:020000041d00dd
:10d9a800200080a405000224240082a00a0002248a
:10d9b800250082a020820234280082ac03060224bb
:10d9c8002c0082ac009d023c30134224000082ac43
:10d9d80080bf023c00584224380082ac1f00022459
:10d9e800400082a00c000224410082a0080002240a
:10d9f800420082a088bf023c70104224080082ac1a
:10da080088bf023c40104224040082ac100002246b
:10da18000c0082ac20000224100082ac40000224da
:10da2800140082ac019d023ca4b142240800e0032a
:04da38003c0082ac80
:020000040000fa
:020000041d00dd
:10da3c00010002249c0380a08c0880a0010080a01f
:10da4c008e0880a0ad0880a0030080a0240080a0d8
:10da5c00400180ac440180acae0880a0980380ac3f
:10da6c00d40880acd80880ac3b0180a03c0180a0dd
:10da7c00e80880acec0880aca00380aca40380acbc
:10da8c00a80382acac0380ac06000324b00383acc7
:10da9c00b40382accd03822432000324ffff632441
:10daac00ff006330000040a0010040a0feff40a03a
:10dabc00ffff40a0f9ff6014170042240800e003a8
:04dacc000000000056
:020000040000fa
:020000041d00dd
:10dad000e0ffbd271c00bfaf1800b2af1400b1af0c
:10dae0001000b0af21888000218000000e00a0103f
:10daf00018001224211030029d004590ec828427ea
:10db0000fe40400f01001026fbff121621103002cc
:10db10001c00bf8f1800b28f1400b18f1000b08f9f
:10db20000800e0032000bd272110300225004590a9
:10db3000ec828427fe40400f01001026f4ff1212f1
:10db40002110300225004590ec828427fe40400fd2
:10db500001001026f5ff121621103002c536400bc9
:04db60001c00bf8f57
:020000040000fa
:020000041d00dd
:10db6400e0ffbd271c00bfaf1800b2af1400b1af77
:10db74001000b0af21888000009d103cc03a400fd7
:10db84002190a00021202002c03a400fa85705266a
:10db9400ed82829303004010ef8282930700405489
:10dba400212840021c00bf8f1800b28f1400b18fcf
:10dbb4001000b08f0800e0032000bd27ad2f400ff8
:10dbc400ec8284275a3d400f01000424ec82842710
:10dbd400ad2f400fa8570526010004241c00bf8f59
:10dbe4001800b28f1400b18f1000b08f5a3d400b53
:04dbf4002000bd2729
:020000040000fa
:020000041d00dd
:10dbf800d8ffbd272400bfaf2000b4af1c00b3afcf
:10dc08001800b2af1400b1af1000b0af2190c0003f
:10dc180021a0e0003800b18f4400b08f4000a28fef
:10dc2800070022160400938c212060023c00a28f7a
:10dc3800f63e400f0400458c09004054080012ae1f
:10dc480021206002f63e400f0400858e040040103b
:10dc580001000224000011ae040012ae0c0002ae56
:10dc6800211000002400bf8f2000b48f1c00b38f48
:10dc78001800b28f1400b18f1000b08f0800e003b5
:04dc88002800bd278c
:020000040000fa
:020000041d00dd
:10dc8c003800828c0100033c080043ac3800848cc3
:10dc9c002110a00021380000251845001900605003
:10dcac000100023c0b00a010000000001000838c4f
:10dcbc002150c7000100e824020063300500601405
:10dccc00ffffa92400004391ffff2531ffff07311f
:10dcdc00200083acf1ff4010251845001000838c08
:10dcec0020006330ecff6014ffff48242000828c7e
:10dcfc00ffff023125184500eaff60140000000008
:10dd0c000100023c040082ac0800e00300000000ab
:020000040000fa
:020000041d00dd
:10dd1c00e8ffbd271400bfaf1000b0af218080001a
:10dd2c006a36400f6800842401000224000002a21d
:10dd3c00010000a2020000a2af0000a2040000a299
:10dd4c00ae0000a2ac0000a2ad0000a2030000a235
:10dd5c00b00000aeb80000aebc0000ae650000a282
:10dd6c00211000002000042421180202010042248a
:10dd7c00fdff4414250060a02110000020000424a5
:10dd8c002118020201004224fdff4414450060a04a
:10dd9c001400bf8f1000b08f0800e0031800bd27df
:020000040000fa
:020000041d00dd
:10ddac00e0ffbd271c00bfaf1800b2af1400b1af2d
:10ddbc001000b0af450882901700401021888000f9
:10ddcc004008838c0300023c410d42242b1062005e
:10dddc001100401418009224218080002500059227
:10ddec0021202002273b400f01001026fcff125679
:10ddfc00250005920100229207004010218020028c
:10de0c009d00059221202002273b400f0100102687
:10de1c00fcff12569d0005921c00bf8f1800b28f9c
:10de2c001400b18f1000b08f0800e0032000bd2754
:020000040000fa
:020000041d00dd
:10de3c00d8ffbd272400bfaf2000b3af1c00b2af8a
:10de4c001800b1af1400b0af2198a0000300a238a5
:10de5c0021908000080011240100102410000324dc
:10de6c000a88620009000324503e400f0a806200b9
:10de7c0021204002763e400f212860025a3d400f7f
:10de8c0064000424ff000532212040024924400f85
:10de9c00010010262a103002fbff4010ff00053253
:10deac002400bf8f2000b38f1c00b28f1800b18fdd
:0cdebc001400b08f0800e0032800bd2710
:020000040000fa
:020000041d00dd
:10dec8002489828f402805001b004500f401a0002a
:10ded80012100000ffff4224ffff4230ffff03340f
:10dee8000d0043100002452cff0103240b184500c8
:10def8003800828c00800534040045ac3800828ce0
:10df08003000468c300086ac300043ac080045ac8d
:10df18000800e00300000000211800003800828c8f
:10df280000800534040045ac3800828c3000468cf3
:10df3800300086ac300043ac080045ac0800e00374
:04df480000000000d5
:020000040000fa
:020000041d00dd
:10df4c002110a0001a0080042118a000d937400b22
:10df5c0021388000211800011b00e600f401c000ec
:10df6c0012380000fbffe01401006824000000a13f
:10df7c001b008600f401c0001020000012400000bd
:10df8c00ffff6324203c047c0a00e92807008a2454
:10df9c000200201512200000203c0a7c3000e724ef
:10dfac00f3ff0015010067a00800e003000000006b
:10dfbc000100a3242d000524000045a0d637400bfa
:04dfcc00232004000a
:020000040000fa
:020000041d00dd
:10dfd000e8ffbd27019d023c2404422409004010b3
:10dfe0001400bfaf0000023c0000422406004010b5
:10dff000019d023c0941400f000000001100401447
:10e0000000000000019d023c500442240a00401020
:10e010000000023c00004224080040101400bf8fa2
:10e020001441400f00000000040040101400bf8f96
:10e03000000000081800bd271400bf8f0800e0038f
:10e040001800bd270000000c000000000238400b43
:04e05000019d023cf0
:020000040000fa
:020000041d00dd
:10e05400d8ffbd272400bfaf2000b1af1c00b0af74
:10e064001300a010218080002120a0004542400f11
:10e074001000a5af0000038e212000021000a58f20
:10e084000400638c09f860002130400021884000be
:10e09400af3d400f21200002211022022400bf8f37
:10e0a4002000b18f1c00b08f0800e0032800bd27ba
:10e0b40021880000af3d400f2120000221102202e0
:10e0c4002400bf8f2000b18f1c00b08f0800e00334
:04e0d4002800bd273c
:020000040000fa
:020000041d00dd
:10e0d800d8ffbd272400bfaf2000b3af1c00b2afec
:10e0e8001800b1af1400b0af218880004f3f400f37
:10e0f8006800922403000524a740400f2120400215
:10e1080021204002a740400f212800002180000064
:10e118002000132421204002a740400f212800009e
:10e128002118300201001026faff1316050062a01c
:10e13800212020022400bf8f2000b38f1c00b28f43
:10e148001800b18f1400b08fb440400b2800bd27d1
:020000040000fa
:020000041d00dd
:10e15800e0ffbd271c00bfaf1800b0af2130a00002
:10e1680021808000c22b400f212800002400039248
:10e17800140060101c00bf8f21200002009d053c88
:10e18800d459a5249a3d400f1000a2af21200002c7
:10e198001000a28f3339400f212840002e3d400f38
:10e1a8002120000221200002009d053cc03a400fba
:10e1b800a457a5247e42400fec8284271000a28f2a
:10e1c8001c00bf8f1800b08f0800e0032000bd2797
:020000040000fa
:020000041d00dd
:10e1d800e8ffbd271400bfaf5233400f0000000016
:10e1e800f340400f000000003425400f00000000fd
:10e1f800bb2a400f00000000019d023cd0df4224f2
:10e208000900401000000000f437400f0000000033
:10e218003425400f00000000bb2a400f000000001a
:10e228008438400b000000003425400f0000000037
:10e23800bb2a400f000000003425400f00000000fa
:10e24800bb2a400f000000008c38400b0000000083
:020000040000fa
:020000041d00dd
:10e25800e0ffbd271c00bfaf1800b2af1400b1af7c
:10e268008442400f1000b0af219040001889908f71
:10e278008742400f000000001489918f212040023e
:10e28800231051002a42400f0a005124cccc023cf2
:10e29800cdcc4234190022021088000080101000f2
:10e2a800c01910002310620021805000c0801000a7
:10e2b80002111100211050001c00bf8f1800b28fee
:10e2c8001400b18f1000b08f0800e0032000bd27b4
:020000040000fa
:020000041d00dd
:10e2d800216080000098a37c0055a87cc22f05000f
:10e2e8002158c0000098e97c0055ea7cff07022409
:10e2f80005000215c23f0700256864001200a0153a
:10e3080001000224ff0702240300421525302601dc
:10e318000d00c014010002240b000a15010002249c
:10e32800090069140000000007008b1500000000b8
:10e338000500a75021100000030000150000000090
:10e34800251064002b1002000800e0030000000004
:020000040000fa
:020000041d00dd
:10e358002c0082281b00401003008324c3170400ec
:10e368008217020000008628212882000a188600e9
:10e378000300a530833003002310a200802004008e
:10e3880000310600c01002000c80832721206400a1
:10e3980088bf033c90106324211866001f000524e1
:10e3a800042845000000828c040065ac080060acbd
:10e3b800009d033c80016324000083ac0800e00357
:0ce3c800000000000800e003211000002d
:020000040000fa
:020000041d00dd
:10e3d400d8ffbd272400bfaf2000b2af1c00b1afef
:10e3e4001800b0af218880002180a0002190e000b7
:10e3f4000400848c0400a58cf63e400f1000a6afe8
:10e40400010003240a0040141000a68f0400522eb9
:10e4140007004012211800000000028e1400428cf4
:10e424002120000209f84000212820022118400080
:10e43400211060002400bf8f2000b28f1c00b18f18
:0ce444001800b08f0800e0032800bd277e
:020000040000fa
:020000041d00dd
:10e45000d0ffbd272c00bfaf2800b2af2400b1af62
:10e460002000b0af218880004000b08f0b0006165e
:10e470002190a0000400848c0400e58c1800a6af55
:10e48000083f400f1c00a7af1800a68f03004010e4
:10e490001c00a78f2d39400b060002240800248e93
:10e4a0000000828c1000b0af2000428c09f84000c0
:10e4b000212840022c00bf8f2800b28f2400b18f8a
:0ce4c0002000b08f0800e0033000bd27f2
:020000040000fa
:020000041d00dd
:10e4cc00d8ffbd272400bfaf2000b1af1c00b0aff8
:10e4dc002188a0001000a22c120040142180800082
:10e4ec001000062421202002d337400f1000a5274e
:10e4fc00212000029a3d400f212840008c080292f6
:10e50c00040040102400bf8f5a3d400f010004242a
:10e51c002400bf8f2000b18f1c00b08f0800e003d7
:10e52c002800bd27009d053c9a3d400f2c59a52481
:08e53c003c39400b10000624dd
:020000040000fa
:020000041d00dd
:10e54400d8ffbd272400bfaf2000b3af1c00b2af7b
:10e554001800b1af1600c0101400b0af21988000ad
:10e564002180a0002188c000219000000000628e5c
:10e5740001001026ffff05920000428c212060025a
:10e5840009f84000ffff3126f8ff201621904202cf
:10e59400211040022400bf8f2000b38f1c00b28fd3
:10e5a4001800b18f1400b08f0800e0032800bd27c5
:08e5b4006539400b21900000c5
:020000040000fa
:020000041d00dd
:10e5bc000098a67c0055a37cc22f0500ff0367289a
:10e5cc001700e014211000001e04622805004054be
:10e5dc001000023cff7f023cffff42340800e003c6
:10e5ec002110a2002530c200330402242310430062
:10e5fc00200047280600e0501304022406104400b3
:10e60c00edfb6324043066008939400b251046006d
:10e61c002310430006104600231802000b1065005f
:08e62c000800e00300000000fb
:020000040000fa
:020000041d00dd
:10e63400d8ffbd272400bfaf2000b3af1c00b2af8a
:10e644001800b1af1400b0af218880008d0385900d
:10e6540018001024273b400ff8ff13242120200228
:10e66400273b400f8c0325929803328e0628120212
:10e6740021202002ff00a530273b400ff8ff102681
:10e68400fbff1316062812022400bf8f2000b38f4d
:10e694001c00b28f1800b18f1400b08f0800e00383
:04e6a4002800bd2766
:020000040000fa
:020000041d00dd
:10e6a800009d023ca01242244b0049884300438845
:10e6b8004800499840004398211000000408097c4c
:10e6c800ffff08240c808727009d0a3c80014a250b
:10e6d800ba39400b2c0006240c004610211869009a
:10e6e800802002002128e4000000648cfaff8810d2
:10e6f800010042240000a48cf7ff8a1400000000e7
:10e708000000a3acf6ff4614211869000800e003d6
:04e7180000000000fd
:020000040000fa
:020000041d00dd
:10e71c00d8ffbd272400bfaf2000b3af1c00b2afa1
:10e72c001800b1af1400b0af219880002190a00068
:10e73c002188c000013d400f2180e00009004014f9
:10e74c00010003240800648e0000828c1800428ca7
:10e75c00212840022130200209f840002138000213
:10e76c0021184000211060002400bf8f2000b38fbf
:10e77c001c00b28f1800b18f1400b08f0800e0039a
:04e78c002800bd277d
:020000040000fa
:020000041d00dd
:10e7900012008010c22f0400231004000b2045003b
:10e7a000201082701e0407240b004328070060100d
:10e7b0002338e2000b0006242330c2000630c400d8
:10e7c00015004224fb39400b04204400f5ff42248d
:10e7d00004304400fb39400b2120000021300000b0
:10e7e000212000002138000021280000211800000d
:10e7f0000498c37c04f5e37cc4ffa37c0800e00319
:04e800002110800063
:020000040000fa
:020000041d00dd
:10e80400e0ffbd271c00bfaf1800b2af1400b1afca
:10e814001000b0af218880008d038590ec8284279e
:10e82400fe40400f180010248c032592ec828427ac
:10e83400fe40400ff8ff12249803318e062811027f
:10e84400ec828427ff00a530fe40400ff8ff10261d
:10e85400fbff1216062811021c00bf8f1800b28f8e
:10e864001400b18f1000b08f0800e0032000bd2712
:020000040000fa
:020000041d00dd
:10e87400e0ffbd271c00bfaf1800b1af1400b0af5c
:10e88400218080003d088290040040102188a0006f
:10e894008c0882900e00401000000000450802928f
:10e8a400050040141c00bf8f1800b18f1400b08ff6
:10e8b4000800e0032000bd27ac8384272128200220
:10e8c4001800b18f1400b08f6f42400b2000bd2799
:10e8d4006f42400ff4858427293a400b4508029281
:020000040000fa
:020000041d00dd
:10e8e400e0ffbd271c00bfaf1800b2af1400b1afea
:10e8f4001000b0af218080002188a00024009290f5
:10e90400212800000c0006242138200201000224e2
:10e914007b26400f240082a05a3d400f0a000424a5
:10e92400212000020d0005240a0006247b26400f46
:10e9340021382002240012a21c00bf8f1800b28fbd
:10e944001400b18f1000b08f0800e0032000bd2731
:020000040000fa
:020000041d00dd
:10e95400e8ffbd271400beaf21f0a0038803888c14
:10e964002128000021180000070002250410027c61
:10e9740023e8a2030d0000192110a0034030050074
:10e98400c03805002330e600213086003e00c790e1
:10e9940001006324ff006330212845002a30680009
:10e9a4000000a7a0f5ffc0142128600021e8c003df
:0ce9b4001400be8f0800e0031800bd270f
:020000040000fa
:020000041d00dd
:10e9c000e0ffbd271c00bfaf1800b2af1400b1af0d
:10e9d0001000b0af218880002190a000480890244a
:10e9e000a429400f0100052480004536a740400fb0
:10e9f0002120000221200002a740400f2128000012
:10ea00002180400021202002ba2c400f0100052463
:10ea1000ff0002321c00bf8f1800b28f1400b18fac
:0cea20001000b08f0800e0032000bd27ac
:020000040000fa
:020000041d00dd
:10ea2c00d8ffbd272400bfaf2000b3af1c00b2af8e
:10ea3c001800b1af1400b0af218880002198a0005d
:10ea4c004808902401000524a429400f2190c000ff
:10ea5c0021200002a740400f212860022120000243
:10ea6c00a740400f2128400221202002010005244c
:10ea7c002400bf8f2000b38f1c00b28f1800b18f01
:0cea8c001400b08fba2c400b2800bd27ee
:020000040000fa
:020000041d00dd
:10ea9800e8ffbd271400bfaf0b0004241f28400f58
:10eaa800212800000c0004241f28400f2128000002
:10eab800110004241f28400f21280000ed828293b2
:10eac800040040100d0004241400bf8f0800e00368
:10ead8001800bd271f28400f21280000ed828293cf
:10eae800f9ff401412000424212800001400bf8fed
:08eaf8001f28400b1800bd2788
:020000040000fa
:020000041d00dd
:10eb0000e0ffbd271c00bfaf1800b2af1400b1afcb
:10eb10001000b0af2188a000219080000600a01452
:10eb200021800000d53a400b1c00bf8f000065809b
:10eb30001d3a400f010010264542400f21202002bf
:10eb4000211830022b100202f8ff4014212040024d
:10eb50001c00bf8f1800b28f1400b18f1000b08f4f
:08eb60000800e0032000bd27be
:020000040000fa
:020000041d00dd
:10eb68001300832c1600601021100000019d033c47
:10eb7800a809632421188300000063901000601026
:10eb88000000000080180300019d023ce0064224ba
:10eb980021186200402004000000638c019d023ca3
:10eba800480642242120820000008294f4ff62accf
:10ebb800f0ff63242000638c241043002b10020014
:08ebc8000800e003000000005a
:020000040000fa
:020000041d00dd
:10ebd000d8ffbd272400bfaf2000b0af2180c00008
:10ebe0001000a0af1400a0af100002241800a2afc4
:10ebf0001c00a0af0000828c1800428c0000c68c64
:10ec000009f840001000a7271400a48f06008430e4
:10ec10000600032404008314211000001000a28fba
:10ec2000000002ae010002242400bf8f2000b08f3c
:08ec30000800e0032800bd27e5
:020000040000fa
:020000041d00dd
:10ec3800e0ffbd271c00bfaf1800b0af30000224b2
:10ec4800310003241000a527218080001000a2a312
:10ec5800360006241100a6a31200a2a31300a3a342
:10ec68001400a3a39a3d400f1500a2a3212000027f
:10ec7800009d053cc03a400fa457a5247e42400f92
:10ec8800ec8284271c00bf8f1800b08f0800e003b7
:04ec98002000bd2774
:020000040000fa
:020000041d00dd
:10ec9c00e0ffbd271c00bfaf1800b1af1400b0af30
:10ecac00218080003d0882900e0040142188a00035
:10ecbc0045080292050040141c00bf8f1800b18f4c
:10eccc001400b08f0800e0032000bd27ac8384271c
:10ecdc00212820021800b18f1400b08f0642400b7f
:10ecec002000bd270642400ff4858427303b400ba3
:04ecfc004508029233
:020000040000fa
:020000041d00dd
:10ed00002530a4001500c010020002240080063c3b
:10ed10000300a61400f0a57c100080100000000085
:10ed2000f0ff033c2118a300e07f023c2b18620097
:10ed30000a006014040002241000033c2b18a300f6
:10ed400006006014030002240100842cf07f023cc2
:10ed50002610a2000b200200211080000800e00312
:04ed600000000000af
:020000040000fa
:020000041d00dd
:10ed64002510850001004230100040540100842425
:10ed7400000083900000a290100060100200842420
:10ed84000e006214ffff86900100a2900300c010e1
:10ed94000200a524f7ffc210000083900800e003de
:10eda4002310c2000500621401008424ffff839035
:10edb4000100a524fbff6014ffffa2900800e003fc
:04edc40023106200b6
:020000040000fa
:020000041d00dd
:10edc800e8ffbd271400bfaf1000b0af1b35400fe0
:10edd80021808000d1000324080043102110000086
:10ede800010000a2020000a2030000a21400bf8fcd
:10edf8001000b08f0800e0031800bd2701000224ae
:10ee0800010002a2020002a2030002a201000224e1
:10ee18001400bf8f1000b08f0800e0031800bd2752
:020000040000fa
:020000041d00dd
:10ee2800e0ffbd271c00bfaf1800b1af1400b0afa2
:10ee380021808000a803828c060040142188a0004d
:10ee4800ac838427009d053c7057a5247040400f73
:10ee580021302002010002248e0802a28a42400fbb
:10ee6800ad0811a2e8034224e40802ae1c00bf8fdb
:10ee78001800b18f1400b08f0800e0032000bd27f0
:020000040000fa
:020000041d00dd
:10ee8800e0ffbd271c00bfaf1800b1af1400b0af42
:10ee980021808000f48584279b42400f2188a000b0
:10eea80004004010f4858427f63f400ff48584273a
:10eeb800f48584275b2d400f2128200201000224bd
:10eec8003d0802a23c0802a2380811ae1c00bf8f00
:10eed8001800b18f1400b08f0800e0032000bd2790
:020000040000fa
:020000041d00dd
:10eee800e0ffbd271c00bfaf1800b1af1400b0afe2
:10eef80021808000ac8384279b42400f2188a0009a
:10ef080004004010ac838427f63f400fac8384276d
:10ef1800ac8384275b2d400f2128200201000224a6
:10ef2800450802a2440802a2400811ae1c00bf8f87
:10ef38001800b18f1400b08f0800e0032000bd272f
:020000040000fa
:020000041d00dd
:10ef4800e0ffbd271c00bfaf1800b2af1400b1af7f
:10ef58001000b0af21808000218800000300122437
:10ef68008d030592ec828427fe40400f0100312674
:10ef78008c030592ec828427fe40400f0200102685
:10ef8800f8ff32568d0305921c00bf8f1800b28f10
:10ef98001400b18f1000b08f0800e0032000bd27d7
:020000040000fa
:020000041d00dd
:10efa800e0ffbd271c00bfaf1800b2af1400b1af1f
:10efb8001000b0af218080002188000003001224d7
:10efc80093030592ec828427fe40400f010031260e
:10efd80092030592ec828427fe40400f020010261f
:10efe800f8ff3256930305921c00bf8f1800b28faa
:10eff8001400b18f1000b08f0800e0032000bd2777
:020000040000fa
:020000041d00dd
:10f00800e0ffbd271c00bfaf1800b1af1400b0afc0
:10f018002180800001001124050005243b0180a007
:10f028003c0180a0633e400f8d0891a05a3d400fdf
:10f038000100042421200002823f400f050005241e
:10f048005a3d400f010004248f0811a21c00bf8ff5
:10f058001800b18f1400b08f0800e0032000bd270e
:020000040000fa
:020000041d00dd
:10f06800e0ffbd271c00bfaf1800b0af03008290bf
:10f078000700401421808000ff00a530b00385ac54
:10f088001c00bf8f1800b08f3b23400b2000bd270a
:10f09800443d400f1000a5af1000a58fff00a5301c
:10f0a800b00305ae3b23400f2120000221200002bf
:10f0b8001c00bf8f1800b08fba31400b2000bd274d
:020000040000fa
:020000041d00dd
:10f0c80025008790010003241100e31026008280a8
:10f0d8000200e32c0c006014ffffe324250083a04a
:10f0e8002700832401000524000066900100a52460
:10f0f800ff00a530ffff66a0fbffe51401006324b5
:10f1080021208700250080a00800e00300000000ff
:0cf11800250080a00800e003260080a075
:020000040000fa
:020000041d00dd
:10f12400e0ffbd271c00bfaf1800b1af1400b0afa3
:10f134000300829006004014218080001c00bf8fd1
:10f144001800b18f1400b08fb41c400b2000bd27f1
:10f15400443d400f2188a00021200002b41c400f30
:10f1640021282002212000021c00bf8f1800b18f2b
:0cf174001400b08fba31400b2000bd2702
:020000040000fa
:020000041d00dd
:10f18000e0ffbd271c00bfaf1800b1af1400b0af47
:10f190000300829006004014218080001c00bf8f75
:10f1a0001800b18f1400b08f661e400b2000bd27e1
:10f1b000443d400f2188a00021200002661e400f20
:10f1c00021282002212000021c00bf8f1800b18fcf
:0cf1d0001400b08fba31400b2000bd27a6
:020000040000fa
:020000041d00dd
:10f1dc00e0ffbd271c00bfaf1800b1af1400b0afeb
:10f1ec000300829006004014218080001c00bf8f19
:10f1fc001800b18f1400b08fba27400b2000bd2728
:10f20c00443d400f2188a00021200002ba27400f66
:10f21c0021282002212000021c00bf8f1800b18f72
:0cf22c001400b08fba31400b2000bd2749
:020000040000fa
:020000041d00dd
:10f23800e0ffbd271c00bfaf1800b1af1400b0af8e
:10f248000300829006004014218080001c00bf8fbc
:10f258001800b18f1400b08f4924400b2000bd273f
:10f26800443d400f2188a000212000024924400f7e
:10f2780021282002212000021c00bf8f1800b18f16
:0cf288001400b08fba31400b2000bd27ed
:020000040000fa
:020000041d00dd
:10f29400e0ffbd271c00bfaf1800b2af1400b1af30
:10f2a4001000b0af218880002180800006009224e5
:10f2b4008d03059221202002273b400f02001026d7
:10f2c40021202002273b400f8a030592f9ff1256a2
:10f2d4008d0305921c00bf8f1800b28f1400b18fec
:0cf2e4001000b08f0800e0032000bd27e0
:020000040000fa
:020000041d00dd
:10f2f000e0ffbd271c00bfaf1800b2af1400b1afd4
:10f300001000b0af21888000218080000600922488
:10f310009303059221202002273b400f0200102674
:10f3200021202002273b400f90030592f9ff12563f
:10f33000930305921c00bf8f1800b28f1400b18f89
:0cf340001000b08f0800e0032000bd2783
:020000040000fa
:020000041d00dd
:10f34c00c3170400821702000300872400008828da
:10f35c00211882000b20e800030063308320040096
:10f36c002310620080280500c01002000021040058
:10f37c002130a60088bf033c901063242120640038
:10f38c001f0003240418430004104600040083ac3f
:0cf39c00080082ac0800e0030000000044
:020000040000fa
:020000041d00dd
:10f3a8001c898297ffff842401000324041883002a
:10f3b800242843000f00a010000000004022040091
:10f3c8002718030080bf053c0030a52421208500b4
:10f3d8002410620000800334040083ac050040144c
:10f3e8001c8982a780bf023c00084394c47b037c2d
:0cf3f800000843a40800e003000000002f
:020000040000fa
:020000041d00dd
:10f40400e0ffbd271c00bfaf1800b1af1400b0afc0
:10f414002188c0002180e0000400848cf63e400f67
:10f424000400a58c0700401021180000000011ae54
:10f43400080002240c0002ae06000224040002aefe
:10f4440001000324211060001c00bf8f1800b18f3d
:0cf454001400b08f0800e0032000bd276a
:020000040000fa
:020000041d00dd
:10f46000e8ffbd271400bfaf1000b0af21808000bf
:10f47000212800001f28400f0d000424120004243e
:10f48000a732400f21280000020000a2030000a2c2
:10f49000040000a2010000a2010002248a42400fe1
:10f4a000ad0002a2b80002ae1400bf8f1000b08ff2
:08f4b0000800e0031800bd276d
:020000040000fa
:020000041d00dd
:10f4b800e8ffbd271400bfaf1000b0af009d103c9f
:10f4c800c03a400fa8570526ed82829303004010ea
:10f4d800ef82829305004014ec8284271400bf8fca
:10f4e8001000b08f0800e0031800bd27ad2f400fb3
:10f4f800a8570526010004241400bf8f1000b08f00
:08f508005a3d400b1800bd271d
:020000040000fa
:020000041d00dd
:10f51000e8ffbd271400bfaf1000b0af218080000e
:10f52000c03e400f030080a0a403038e010002240c
:10f5300004006210ac838427a803028e07004014e5
:10f540001400bf8f009d053cb859a5241400bf8f3f
:10f550001000b08f1538400b1800bd271000b08f79
:08f560000800e0031800bd27bc
:020000040000fa
:020000041d00dd
:10f56800e0ffbd271c00bfaf1800b1af1400b0af5b
:10f578001889918f1889828f231051002b1044000d
:10f5880008004010218080003425400f0000000052
:10f598001889828f231051002b105000faff401455
:10f5a800000000001c00bf8f1800b18f1400b08f3e
:08f5b8000800e0032000bd275c
:020000040000fa
:020000041d00dd
:10f5c000e8ffbd271400bfaf1000b0af218080005e
:10f5d000030086a0020085a00d0004241f28400f10
:10f5e00021280000120004241f28400f01000524d8
:10f5f00021280000a732400f12000424183d400fbc
:10f60000212000021400bf8f1000b08f0800e0031b
:04f610001800bd27fa
:020000040000fa
:020000041d00dd
:10f61400a003828c0600401401000324b403828cee
:10f624000c004050030002240800e003ac0380ac4b
:10f63400fdff431400000000b403838c07006050f6
:10f6440005000224f8ff6214000000000800e00333
:10f65400ac0383ac0800e003ac0382ac0800e00315
:04f66400ac0382acc5
:020000040000fa
:020000041d00dd
:10f66800e8ffbd271400bfaf1000b0afc03a400f8d
:10f678002180a000ed82829303004010ef828293e4
:10f6880005004014ec8284271400bf8f1000b08f4f
:10f698000800e0031800bd27ad2f400f2128000205
:10f6a800010004241400bf8f1000b08f5a3d400b96
:04f6b8001800bd2752
:020000040000fa
:020000041d00dd
:10f6bc00e0ffbd271c00bfaf1800b1af1400b0af06
:10f6cc00218080000000828c0000428c09f84000f0
:10f6dc000d000524218840000000028e212000022c
:10f6ec000000428c09f840000a000524211051004a
:10f6fc001c00bf8f1800b18f1400b08f0800e003fe
:04f70c002000bd27f5
:020000040000fa
:020000041d00dd
:10f710000060634181bf023c0100633030f240acc5
:10f7200099aa043c5566842430f244ac6655043ce6
:10f73000aa99843430f244ac0200042404f044acae
:10f740003333043c3333842430f244ac030060147c
:10f75000000000000800e003006060410800e003d2
:04f760002060604184
:020000040000fa
:020000041d00dd
:10f76400e8ffbd271400bfaf1000b0afc140400f89
:10f7740021808000212000020100053ca23b400fb3
:10f7840000c2a5345a3d400f0a000424c63f400f6e
:10f79400212000021f2f400f21200002010002241b
:10f7a4001400bf8f1000b08f0800e0031800bd27bd
:020000040000fa
:020000041d00dd
:10f7b4001100a01000000000e0ffbd271c00bfaf37
:10f7c4001800b0af218080002120a0004542400fe6
:10f7d4001000a5af0000038e212000021000a58fa9
:10f7e4000400798c213040001c00bf8f1800b08fba
:10f7f400080020032000bd270800e00321100000ba
:020000040000fa
:020000041d00dd
:10f804000400848c0400a58c0d0085100000000009
:10f81400000083802a0002240b0062100000000014
:10f82400e8ffbd271400bfaf593b400f00000000a4
:10f834000100422c1400bf8f0800e0031800bd270c
:10f844000800e003010002240800e0032110000086
:020000040000fa
:020000041d00dd
:10f85400e0ffbd271c00bfaf1800b1af1400b0af6c
:10f864002188800000a0103cac1c00ae293e400f53
:10f874002120a000ffff0324050043141c00bf8fb8
:10f88400ac1c038e01006054000023ae1c00bf8f2b
:10f894001800b18f1400b08f0800e0032000bd27ca
:020000040000fa
:020000041d00dd
:10f8a400e0ffbd271c00bfaf1800b1af1400b0af1c
:10f8b400ec34400f218880000700201a218040008a
:10f8c400ffff02240400021221200002212800006c
:10f8d400e541400f21302002211000021c00bf8f9f
:10f8e4001800b18f1400b08f0800e0032000bd277a
:020000040000fa
:020000041d00dd
:10f8f400e8ffbd271400bfaf1000b0af2180800027
:10f904009b42400fac83842704004050450800a26a
:10f91400f63f400fac838427450800a2440800a2a8
:10f924000100023c00c24234400802ae1400bf8f02
:0cf934001000b08f0800e0031800bd2791
:020000040000fa
:020000041d00dd
:10f94000e0ffbd271c00bfaf1800b1af1400b0af7f
:10f9500021808000a429400f2188a00048080426a7
:10f96000a740400f06000524b53f400f0c000424bb
:10f9700021200002212820021c00bf8f1800b18f17
:0cf980001400b08fba2c400b2000bd27f3
:020000040000fa
:020000041d00dd
:10f98c00e0ffbd271c00bfaf1800b1af1400b0af33
:10f99c0021808000a429400f2188a000480804265b
:10f9ac00a740400f1000052421200002ba2c400f64
:10f9bc0021282002030004241c00bf8f1800b18fe3
:0cf9cc001400b08fb53f400b2000bd2799
:020000040000fa
:020000041d00dd
:10f9d800e0ffbd271c00bfaf1800b1af1400b0afe7
:10f9e80021808000a429400f2188a000480804260f
:10f9f800a740400f1100052421200002ba2c400f17
:10fa0800212820020a0004241c00bf8f1800b18f8f
:0cfa18001400b08fb53f400b2000bd274c
:020000040000fa
:020000041d00dd
:10fa2400e8ffbd271400bfaf1000b0af0300829001
:10fa340005004014218080001400bf8f1000b08f97
:10fa4400f831400b1800bd27443d400f0000000072
:10fa5400f831400f21200002212000021400bf8f42
:0cfa64001000b08fba31400b1800bd2715
:020000040000fa
:020000041d00dd
:10fa70003c08829003004014211000000800e003bd
:10fa800000000000e8ffbd271400bfaf7441400f25
:10fa9000f485842705004014010002242110000091
:10faa0001400bf8f0800e0031800bd271400bf8fab
:08fab0000800e0031800bd2767
:020000040000fa
:020000041d00dd
:10fab8004408829003004014211000000800e0036d
:10fac80000000000e8ffbd271400bfaf7441400fdd
:10fad800ac83842705004014010002242110000093
:10fae8001400bf8f0800e0031800bd271400bf8f63
:08faf8000800e0031800bd271f
:020000040000fa
:020000041d00dd
:10fb0000e8ffbd271400bfaf1000b0af050005240b
:10fb1000933f400f218080005a3d400f0100042494
:10fb200021200002763e400f050005245a3d400f7b
:10fb3000010004248f0800a21400bf8f1000b08fb2
:08fb40000800e0031800bd27d6
:020000040000fa
:020000041d00dd
:10fb4800e0ffbd271c00bfaf1800b1af1400b0af75
:10fb58000300b02c0a28100021888000408005008e
:10fb680021809000273b400f93030592212020021b
:10fb7800920305921c00bf8f1800b18f1400b08f3c
:08fb8800273b400b2000bd27c4
:020000040000fa
:020000041d00dd
:10fb9000e0ffbd271c00bfaf1800b1af1400b0af2d
:10fba000218080000000828c0000428c09f8400017
:10fbb000ff00a53021884000af3d400f212000020a
:10fbc000211022021c00bf8f1800b18f1400b08fcb
:08fbd0000800e0032000bd273e
:020000040000fa
:020000041d00dd
:10fbd8000d00851000000000000083802a00022428
:10fbe8000b00621000000000e8ffbd271400bfaf43
:10fbf800593b400f000000000100422c1400bf8f49
:10fc08000800e0031800bd270800e00301000224f3
:10fc18000800e003211000000d008510000000001e
:10fc2800000083802a0002240b00621000000000fc
:10fc3800e8ffbd271400bfaf593b400f000000008c
:10fc48000100422c1400bf8f0800e0031800bd27f4
:10fc58000800e003010002240800e003211000006e
:020000040000fa
:020000041d00dd
:10fc6800e0ffbd271c00bfaf1800b1af1400b0af54
:10fc7800009d103c90121026ffff11240000028ef8
:10fc8800050051101c00bf8f09f84000fcff10262a
:10fc9800223f400b0000028e1800b18f1400b08f75
:08fca8000800e0032000bd2765
:020000040000fa
:020000041d00dd
:10fcb0000000023c01004224050040100000023c0c
:10fcc00000004224030040100000023c3f0000708e
:10fcd0000000023c0000422405004010000000002b
:10fce000e8ffbd271400bfaf09f840000000000086
:08fcf0003c3f400b0000000046
:020000040000fa
:020000041d00dd
:10fcf800bffea2300d004014008002343800838c0f
:10fd08000000668c4001c630340086ac040062ac4a
:10fd18003800838c40010624040066ac3800838ccc
:10fd2800080065ac3800838c080062ac0800e0036a
:04fd380000000000c7
:020000040000fa
:020000041d00dd
:10fd3c00e8ffbd271400bfaf1000b0af68009024df
:10fd4c00000105243e3f400f21200002212000022b
:10fd5c009800053cb237400f8096a5340d00042462
:10fd6c00212800001400bf8f1000b08fa732400b69
:04fd7c001800bd2787
:020000040000fa
:020000041d00dd
:10fd8000e8ffbd271400bfaf0b0004241f28400f5d
:10fd9000212800000c0004241f28400f2128000007
:10fda000ed828293030040101400bf8f0800e0032f
:10fdb0001800bd270d000424212800001f28400b37
:04fdc0001800bd2743
:020000040000fa
:020000041d00dd
:10fdc400e0ffbd271c00bfaf1800b1af1400b0aff7
:10fdd40021808000a429400f2188a000480804261f
:10fde400a740400f040005242120000221282002fe
:10fdf4001c00bf8f1800b18f1400b08fba2c400bb9
:04fe04002000bd27f6
:020000040000fa
:020000041d00dd
:10fe0800e0ffbd271c00bfaf1800b1af1400b0afb2
:10fe180021808000a429400f2188a00048080426da
:10fe2800a740400f080005242120000221282002b5
:10fe38001c00bf8f1800b18f1400b08fba2c400b74
:04fe48002000bd27b2
:020000040000fa
:020000041d00dd
:10fe4c00e0ffbd271c00bfaf1800b1af1400b0af6e
:10fe5c0021808000a429400f2188a0004808042696
:10fe6c00a740400f0a00052421200002212820026f
:10fe7c001c00bf8f1800b18f1400b08fba2c400b30
:04fe8c002000bd276e
:020000040000fa
:020000041d00dd
:10fe9000e8ffbd271400bfaf1000b0af2180800085
:10fea0000700a63420000524920380a4940380a4b4
:10feb0008b3a400f960380a42120000222000524e3
:10fec000100006241400bf8f1000b08f8b3a400b37
:04fed0001800bd2732
:020000040000fa
:020000041d00dd
:10fed400e0ffbd271c00bfaf1800b1af1400b0afe6
:10fee4009638400f21888000218040009638400fca
:10fef40000000000231050002b185100fbff601479
:10ff04001c00bf8f1800b18f1400b08f0800e003ed
:04ff14002000bd27e5
:020000040000fa
:020000041d00dd
:10ff1800e8ffbd271400bfaf13000424019d053c72
:10ff28001f41400f58aca5241300042404000524e5
:10ff3800d33c400f21300000ce40400f170004246e
:10ff4800170004241400bf8f7e40400b1800bd2703
:020000040000fa
:020000041d00dd
:10ff5800e8ffbd271400bfaf1000b0af21808000bc
:10ff68009b42400ff4858427040040503d0800a2be
:10ff7800f63f400ff48584273d0800a23c0800a204
:10ff88001400bf8f1000b08f0800e0031800bd27d1
:020000040000fa
:020000041d00dd
:10ff9800e8ffbd271400bfaf1000b0af0300b02cbe
:10ffa8000a281000408005002180900093030592e4
:10ffb800fe40400fec82842792030592ec8284274e
:10ffc8001400bf8f1000b08ffe40400b1800bd27f3
:020000040000fa
:020000041d00dd
:10ffd800180087903400888c3000858c3800868c17
:10ffe800423907001000828c0039070021280501da
:10fff80088bf033c60106324211867002128a600ed
:020000041d01dc
:10000800040065ac000040acd638400b1900849061
:020000040000fa
:020000041d01dc
:10001800286e756c6c290a00286e696c290000002e
:10002800286e756c6c2900004e614e00496e6600a2
:100038000000000000002440000000000000104004
:100048007b14ae47e17a843f2d431cebe2361a3f1e
:020000040000fa
:020000041d01dc
:10005800e8ffbd271400bfaf6d32400f000000005d
:10006800070040102118000081bf033c0090628cfb
:1000780001004230fdff401081bf023c7090438c6c
:10008800211060001400bf8f0800e0031800bd278e
:020000040000fa
:020000041d01dc
:10009800e8ffbd271400bfaf1000b0af218080007b
:1000a8002110a0002120a000010005241f28400fd6
:1000b800420002a242000492010005241400bf8fee
:0c00c8001000b08fa732400b1800bd27bd
:020000040000fa
:020000041d01dc
:1000d400ed828293ac0885a001000324920883a0da
:1000e4008e0880a004004010ad0880a0ef828293a7
:1000f40003004054ec8284270800e0030000000061
:0c010400009d053c3730400b9457a524ab
:020000040000fa
:020000041d01dc
:100110004002828c3c02838c0a006210010045245c
:10012000c31f0500c21d0300211082003c00429045
:100130002128a300ff01a5302318a3000800e00335
:0c014000400283ac0800e003ffff022433
:020000040000fa
:020000041d01dc
:10014c00f488868f1889838f211000002320860065
:10015c00204e42242b288200fdffa01001006324b6
:10016c0021104600e0b14424148984aff48882af96
:0c017c00188983af0800e00300000000b9
:020000040000fa
:020000041d01dc
:10018800e8ffbd271400bfaf1000b0af2000052462
:10019800080006248b3a400f2180800021200002ad
:1001a80022000524213000001400bf8f1000b08ffa
:0801b8008b3a400b1800bd2733
:020000040000fa
:020000041d01dc
:1001c000e0ffbd271c00bfaf211880002800a22738
:1001d0002800a6af2120a000213060002128400087
:1001e0002c00a7af1205400f1000a2af1c00bf8f5c
:0801f0000800e0032000bd2718
:020000040000fa
:020000041d01dc
:1001f8001f008224000083280a1083004311020094
:100208000011020088bf033c6010632421186200bb
:100218000000628c0100052404208500080064acfd
:080228000800e00300000000e3
:020000040000fa
:020000041d01dc
:10023000e8ffbd271400bfaf00680240408882afce
:1002400000700240212840003c8882af4088828fa5
:100250008020427c212040009f42400f448882af92
:080260009840400b0000000073
:020000040000fa
:020000041d01dc
:10026800009d043ce8ffbd274c1284240300801045
:100278001400bfaf09f880000000000000008430bf
:100288000000a5307638400f00000000ffff001086
:040298000000000062
:020000040000fa
:020000041d01dc
:10029c003800828c1000438c08006330fdff601026
:1002ac0000000000200045ac1000438c01006330be
:1002bc00fdff6010000000002000428c0800e003ed
:0402cc00000000002e
:020000040000fa
:020000041d01dc
:1002d000e8ffbd271400bfaf1000b0af2180800041
:1002e00001000524a732400f0d00042468000426f5
:1002f000000105241400bf8f1000b08f3e3f400b5b
:040300001800bd27fd
:020000040000fa
:020000041d01dc
:10030400e8ffbd271400bfaf0b0004241f28400fd3
:10031400010005240b000424a732400f010005242a
:100324000c000424010005241400bf8f1f28400b77
:040334001800bd27c9
:020000040000fa
:020000041d01dc
:100338001f008224000083280a108300431902004a
:100348000019030088bf023c3010422421104300ea
:100358000100032404208300040044ac0800e003e7
:040368000000000091
:020000040000fa
:020000041d01dc
:10036c00e8ffbd271400bfaf1000b0af21808000a4
:10037c00450085248f2e400f20000624650000a226
:10038c001400bf8f1000b08f0800e0031800bd27c9
:020000040000fa
:020000041d01dc
:10039c00e8ffbd271400bfaf1000b0af2180800074
:1003ac0001000224580f400f8c0882a08c0800a278
:1003bc001400bf8f1000b08f0800e0031800bd2799
:020000040000fa
:020000041d01dc
:1003cc00e8ffbd271400bfaf00a0043c9742400fcc
:1003dc002c0b8424ec8284270100052401000624c4
:0c03ec001400bf8f703d400b1800bd27af
:020000040000fa
:020000041d01dc
:1003f800650083902000662c0600c01021100000c4
:100408002110830001006324450045a00100022457
:0c041800650083a00800e0030000000065
:020000040000fa
:020000041d01dc
:100424003088838f000263243488828f231862000b
:10043400c3170300c215020021186200ff016330d4
:0c044400231062000800e0032b100200ef
:020000040000fa
:020000041d01dc
:10045000e885838f00026324ec85828f2318620075
:10046000c3170300c215020021186200ff016330a8
:0c047000231062000800e0032b100200c3
:020000040000fa
:020000041d01dc
:10047c002c00822807004010802004000c8082276a
:10048c00212044000000828c000085ac0800e003b1
:0c049c00000000000800e0032110000038
:020000040000fa
:020000041d01dc
:1004a80000606241010042304000042488bf033ce0
:1004b800042064ac03004014000000000800e003be
:0c04c800006060410800e003206060411b
:020000040000fa
:020000041d01dc
:1004d400e8ffbd271400bfaf1000b0afc141400f0b
:1004e400218080009c41400f212000021400bf8f16
:0c04f4001000b08f0800e0031800bd27c6
:020000040000fa
:020000041d01dc
:10050000e8ffbd271400bfaf1000b0afca41400fd5
:10051000218080009c41400f212000021400bf8fe9
:0c0520001000b08f0800e0031800bd2799
:020000040000fa
:020000041d01dc
:10052c0000a0033c881c622401000424080044ac95
:10053c0000a0043cc01c8424881c64ac0000033c58
:0c054c00000863240800e003040043ac36
:020000040000fa
:020000041d01dc
:10055800e8ffbd271400bfaf0b0004241f28400f7d
:10056800010005240c000424212800001400bf8f7a
:080578001f28400b1800bd27ed
:020000040000fa
:020000041d01dc
:10058000e8ffbd271400bfaf00a0043c6a36400f4f
:100590007413842400a0043c2c0b84241400bf8f0b
:0805a0008f36400b1800bd2747
:020000040000fa
:020000041d01dc
:1005a8000102030405060700000000000000000027
:1005b8000000000a0000000f000000000000000812
:0805c8000b000c0e0009000df0
:020000040000fa
:020000041d01dc
:1005d0003c02828c4002838c0002422423104300a0
:1005e000c31f0200c21d030021104300ff0142305f
:0805f0000800e00323104300a2
:020000040000fa
:020000041d01dc
:1005f800006803408000023c2510620000688240c9
:100608000010032488bf023c081043ac20606241fc
:080618000800e00300000000ef
:020000040000fa
:020000041d01dc
:100620000000000032000305000000001504000077
:100630000100000000002000000354004002000000
:080640000000000000010000b1
:020000040000fa
:020000041d01dc
:100648002000800000010002000400080020004093
:1006580000800100020001000200040008000400fc
:08066800080010001000000062
:020000040000fa
:020000041d01dc
:100670000700801000000000e8ffbd271400bfaf96
:10068000dc41400f000000001400bf8f1800bd27a0
:080690000800e0030000000077
:020000040000fa
:020000041d01dc
:10069800010083900500601021100000020080a076
:1006a800030080a0010080a0010002240800e003ec
:0406b800000000003e
:020000040000fa
:020000041d01dc
:1006bc0054888227a0004324000040ac140042243c
:1006cc00feff4354000040ac488880af0800e003b4
:0406dc004c8880af17
:020000040000fa
:020000041d01dc
:1006e00000000000106088bf106188bf000000009b
:1006f00000000000000000000000000000000000fa
:0407000000000000f5
:020000040000fa
:020000041d01dc
:10070400e8ffbd271400bfaf009d023cd013422474
:100714007742400f000082ac1400bf8f0800e00352
:040724001800bd27d5
:020000040000fa
:020000041d01dc
:10072800e8ffbd271400bfaf009d023c001442241f
:10073800c141400f000082ac1400bf8f0800e003e5
:040748001800bd27b1
:020000040000fa
:020000041d01dc
:10074c00e8ffbd271400bfaf009d023c30144224cb
:10075c009c41400f000082ac1400bf8f0800e003e6
:04076c001800bd278d
:020000040000fa
:020000041d01dc
:10077000e8ffbd271400bfaf2128800000a0023c85
:10078000d51f400f1c14448c1400bf8f0800e003d9
:040790001800bd2769
:020000040000fa
:020000041d01dc
:10079400211080002130860021188000030066109b
:1007a40001006324e841400bffff65a00800e0035b
:0407b4000000000041
:020000040000fa
:020000041d01dc
:1007b800e8ffbd271400bfaf4440400ff4858427ed
:1007c8002014027c1400bf8f0800e0031800bd2726
:020000040000fa
:020000041d01dc
:1007d800e8ffbd271400bfaf4440400fac83842717
:1007e8002014027c1400bf8f0800e0031800bd2706
:020000040000fa
:020000041d01dc
:1007f8004002828c3c02838c03006210212082001c
:100808000800e0033c0082900800e003ffff022498
:020000040000fa
:020000041d01dc
:100818001000838c1000628c00024230fdff4014ef
:1008280000000000200065ac0800e003010002247d
:020000040000fa
:020000041d01dc
:10083800211080003800838c000060ac4000849058
:0c084800200040a4d638400b0000000047
:020000040000fa
:020000041d01dc
:100854008e08829003004014000000000800e003aa
:0c086400000000004835400b00000000c0
:020000040000fa
:020000041d01dc
:100870001000838c1000628c00014230fdff40109c
:0c088000000000000800e0030000000081
:020000040000fa
:020000041d01dc
:10088c000300c0500000838c9f35400bff00c63026
:0c089c000000798c08002003ff00a5304c
:020000040000fa
:020000041d01dc
:1008a8000100843003008014000000000800e00309
:0c08b800006060410800e0032060604127
:020000040000fa
:020000041d01dc
:1008c40081bf023c00f0438cc00c637c6202023c9a
:0c08d400005a42240800e00306106200f5
:020000040000fa
:020000041d01dc
:1008e0001000a28f261046000600032401000424f5
:0c08f0000b1882000800e00321106000db
:020000040000fa
:020000041d01dc
:1008fc009c5e009da45e009dac5e009db45e009d60
:08090c00bc5e009dc45e009d6d
:020000040000fa
:020000041d01dc
:100914000100822400008390feff601401008424ff
:100924000800e0032310820000601a40bfff1b3c54
:10093400ffff7b3724d05b0300609a40180000421d
:020000040000fa
:020000041d01dc
:10094400785e009d805e009d885e009d905e009da7
:04095400985e009d0c
:020000040000fa
:020000041d01dc
:100958001000828c1000428c000242380800e0032c
:040968004002427c8b
:020000040000fa
:020000041d01dc
:10096c00ffffffffffff000102030405060708ff5e
:04097c00ffffff007a
:020000040000fa
:020000041d01dc
:1009800021142484832343811310208222441140a4
:04099000801242008f
:020000040000fa
:020000041d01dc
:1009940010121314151618191a00010b0c0d0e025f
:0409a400030f040039
:020000040000fa
:020000041d01dc
:1009a8000202020202020202020101020202020122
:0409b8000102010037
:020000040000fa
:020000041d01dc
:1009bc000000828c0000598c08002003ff00a53039
:020000040000fa
:020000041d01dc
:1009cc0000488040005884400800e003000000000c
:020000040000fa
:020000041d01dc
:1009dc00009d023c301442240800e003000082ac6d
:020000040000fa
:020000041d01dc
:0c09ec00250082800800e0032a100200b1
:020000040000fa
:020000041d01dc
:0c09f800019d053c3730400bc40aa524cb
:020000040000fa
:020000041d01dc
:0c0a04004002828c0800e0033c0282ac3f
:020000040000fa
:020000041d01dc
:0c0a1000006062410800e00300000000ec
:020000040000fa
:020000041d01dc
:0c0a1c00004802400800e0030000000059
:020000040000fa
:020000041d01dc
:0c0a28001889828f0800e0030000000025
:020000040000fa
:020000041d01dc
:0c0a34000b0a0900010203040500000089
:020000040000fa
:020000041d01dc
:0c0a400000a0023c0800e0031c14428ce3
:020000040000fa
:020000041d01dc
:080a4c00172c400b42008590bd
:020000040000fa
:020000041d01dc
:080a54004737400bec828427b8
:020000040000fa
:020000041d01dc
:080a5c00d93d400b0000000031
:020000040000fa
:020000041d01dc
:080a6400c624400bac03858c95
:020000040000fa
:020000041d01dc
:080a6c000800e0030100022470
:020000040000fa
:020000041d01dc
:080a74002342400b00000000ca
:020000040000fa
:020000041d01dc
:080a7c000800e0030000000087
:020000040000fa
:020000041d01dc
:080a8400c43d400b000000001e
:020000040000fa
:020000041d01dc
:080a8c000800e0032110000046
:020000040000fa
:020000041d01dc
:080a94000800e003211000003e
:020000040000fa
:020000041d01dc
:080a9c000800e0032110000036
:020000040000fa
:020000041d01dc
:080aa4000800e003000000005f
:020000040000fa
:020000041d01dc
:080aac000800e0030000000057
:020000040000fa
:020000041d01dc
:080ab4000800e003000000004f
:020000040000fa
:020000041d01dc
:080abc000800e0030000000047
:020000040000fa
:020000041d01dc
:080ac4000000000043000000e7
:00000001FF

